-- MariaDB dump 10.19  Distrib 10.5.21-MariaDB, for debian-linux-gnu (aarch64)
--
-- Host: db    Database: db
-- ------------------------------------------------------
-- Server version	8.0.33-0ubuntu0.20.04.2

/*!40101 SET @OLD_CHARACTER_SET_CLIENT=@@CHARACTER_SET_CLIENT */;
/*!40101 SET @OLD_CHARACTER_SET_RESULTS=@@CHARACTER_SET_RESULTS */;
/*!40101 SET @OLD_COLLATION_CONNECTION=@@COLLATION_CONNECTION */;
/*!40101 SET NAMES utf8 */;
/*!40103 SET @OLD_TIME_ZONE=@@TIME_ZONE */;
/*!40103 SET TIME_ZONE='+00:00' */;
/*!40014 SET @OLD_UNIQUE_CHECKS=@@UNIQUE_CHECKS, UNIQUE_CHECKS=0 */;
/*!40014 SET @OLD_FOREIGN_KEY_CHECKS=@@FOREIGN_KEY_CHECKS, FOREIGN_KEY_CHECKS=0 */;
/*!40101 SET @OLD_SQL_MODE=@@SQL_MODE, SQL_MODE='NO_AUTO_VALUE_ON_ZERO' */;
/*!40111 SET @OLD_SQL_NOTES=@@SQL_NOTES, SQL_NOTES=0 */;

--
-- Table structure for table `addresses`
--

DROP TABLE IF EXISTS `addresses`;
/*!40101 SET @saved_cs_client     = @@character_set_client */;
/*!40101 SET character_set_client = utf8 */;
CREATE TABLE `addresses` (
  `id` int NOT NULL,
  `ownerId` int DEFAULT NULL,
  `countryCode` varchar(255) NOT NULL,
  `administrativeArea` varchar(255) DEFAULT NULL,
  `locality` varchar(255) DEFAULT NULL,
  `dependentLocality` varchar(255) DEFAULT NULL,
  `postalCode` varchar(255) DEFAULT NULL,
  `sortingCode` varchar(255) DEFAULT NULL,
  `addressLine1` varchar(255) DEFAULT NULL,
  `addressLine2` varchar(255) DEFAULT NULL,
  `organization` varchar(255) DEFAULT NULL,
  `organizationTaxId` varchar(255) DEFAULT NULL,
  `fullName` varchar(255) DEFAULT NULL,
  `firstName` varchar(255) DEFAULT NULL,
  `lastName` varchar(255) DEFAULT NULL,
  `latitude` varchar(255) DEFAULT NULL,
  `longitude` varchar(255) DEFAULT NULL,
  `dateCreated` datetime NOT NULL,
  `dateUpdated` datetime NOT NULL,
  PRIMARY KEY (`id`),
  KEY `fk_kppohwxxnzxasdzvoyohjhlibjmhkfglkkpw` (`ownerId`),
  CONSTRAINT `fk_kppohwxxnzxasdzvoyohjhlibjmhkfglkkpw` FOREIGN KEY (`ownerId`) REFERENCES `elements` (`id`) ON DELETE CASCADE,
  CONSTRAINT `fk_xkeubhhbwmpdvpwkigtlahumqqiikaxsprft` FOREIGN KEY (`id`) REFERENCES `elements` (`id`) ON DELETE CASCADE
) ENGINE=InnoDB DEFAULT CHARSET=utf8mb3;
/*!40101 SET character_set_client = @saved_cs_client */;

--
-- Table structure for table `announcements`
--

DROP TABLE IF EXISTS `announcements`;
/*!40101 SET @saved_cs_client     = @@character_set_client */;
/*!40101 SET character_set_client = utf8 */;
CREATE TABLE `announcements` (
  `id` int NOT NULL AUTO_INCREMENT,
  `userId` int NOT NULL,
  `pluginId` int DEFAULT NULL,
  `heading` varchar(255) NOT NULL,
  `body` text NOT NULL,
  `unread` tinyint(1) NOT NULL DEFAULT '1',
  `dateRead` datetime DEFAULT NULL,
  `dateCreated` datetime NOT NULL,
  PRIMARY KEY (`id`),
  KEY `idx_dvkzijftscrnaslqacgcofzfonaqmjdyktmx` (`userId`,`unread`,`dateRead`,`dateCreated`),
  KEY `idx_dztfycdoxwoeyuhuszihknokuqflaojmvctu` (`dateRead`),
  KEY `fk_xwbpxbokxzdbyulaohjxiebozunitgdzkgtn` (`pluginId`),
  CONSTRAINT `fk_snohlkahtlfdhgoseoidhjfcybhpedpmsdrw` FOREIGN KEY (`userId`) REFERENCES `users` (`id`) ON DELETE CASCADE,
  CONSTRAINT `fk_xwbpxbokxzdbyulaohjxiebozunitgdzkgtn` FOREIGN KEY (`pluginId`) REFERENCES `plugins` (`id`) ON DELETE CASCADE
) ENGINE=InnoDB DEFAULT CHARSET=utf8mb3;
/*!40101 SET character_set_client = @saved_cs_client */;

--
-- Table structure for table `assetindexdata`
--

DROP TABLE IF EXISTS `assetindexdata`;
/*!40101 SET @saved_cs_client     = @@character_set_client */;
/*!40101 SET character_set_client = utf8 */;
CREATE TABLE `assetindexdata` (
  `id` int NOT NULL AUTO_INCREMENT,
  `sessionId` int NOT NULL,
  `volumeId` int NOT NULL,
  `uri` text,
  `size` bigint unsigned DEFAULT NULL,
  `timestamp` datetime DEFAULT NULL,
  `isDir` tinyint(1) DEFAULT '0',
  `recordId` int DEFAULT NULL,
  `isSkipped` tinyint(1) DEFAULT '0',
  `inProgress` tinyint(1) DEFAULT '0',
  `completed` tinyint(1) DEFAULT '0',
  `dateCreated` datetime NOT NULL,
  `dateUpdated` datetime NOT NULL,
  `uid` char(36) NOT NULL DEFAULT '0',
  PRIMARY KEY (`id`),
  KEY `idx_kfmtwfntcapsenwupjwzxqoxnuzaqodskqdi` (`sessionId`,`volumeId`),
  KEY `idx_uncxmqbllxiscmfcoljiwnrsdjgkdupeegol` (`volumeId`),
  CONSTRAINT `fk_astfllrsvhnvqqjwnignygwbiyghijijfxuf` FOREIGN KEY (`sessionId`) REFERENCES `assetindexingsessions` (`id`) ON DELETE CASCADE,
  CONSTRAINT `fk_hxdqaiupxieuqxuvohxufezivcxbgtwxcceg` FOREIGN KEY (`volumeId`) REFERENCES `volumes` (`id`) ON DELETE CASCADE
) ENGINE=InnoDB DEFAULT CHARSET=utf8mb3;
/*!40101 SET character_set_client = @saved_cs_client */;

--
-- Table structure for table `assetindexingsessions`
--

DROP TABLE IF EXISTS `assetindexingsessions`;
/*!40101 SET @saved_cs_client     = @@character_set_client */;
/*!40101 SET character_set_client = utf8 */;
CREATE TABLE `assetindexingsessions` (
  `id` int NOT NULL AUTO_INCREMENT,
  `indexedVolumes` text,
  `totalEntries` int DEFAULT NULL,
  `processedEntries` int NOT NULL DEFAULT '0',
  `cacheRemoteImages` tinyint(1) DEFAULT NULL,
  `listEmptyFolders` tinyint(1) DEFAULT '0',
  `isCli` tinyint(1) DEFAULT '0',
  `actionRequired` tinyint(1) DEFAULT '0',
  `processIfRootEmpty` tinyint(1) DEFAULT '0',
  `dateCreated` datetime NOT NULL,
  `dateUpdated` datetime NOT NULL,
  `uid` char(36) NOT NULL DEFAULT '0',
  PRIMARY KEY (`id`)
) ENGINE=InnoDB DEFAULT CHARSET=utf8mb3;
/*!40101 SET character_set_client = @saved_cs_client */;

--
-- Table structure for table `assets`
--

DROP TABLE IF EXISTS `assets`;
/*!40101 SET @saved_cs_client     = @@character_set_client */;
/*!40101 SET character_set_client = utf8 */;
CREATE TABLE `assets` (
  `id` int NOT NULL,
  `volumeId` int DEFAULT NULL,
  `folderId` int NOT NULL,
  `uploaderId` int DEFAULT NULL,
  `filename` varchar(255) NOT NULL,
  `kind` varchar(50) NOT NULL DEFAULT 'unknown',
  `alt` text,
  `width` int unsigned DEFAULT NULL,
  `height` int unsigned DEFAULT NULL,
  `size` bigint unsigned DEFAULT NULL,
  `focalPoint` varchar(13) DEFAULT NULL,
  `deletedWithVolume` tinyint(1) DEFAULT NULL,
  `keptFile` tinyint(1) DEFAULT NULL,
  `dateModified` datetime DEFAULT NULL,
  `dateCreated` datetime NOT NULL,
  `dateUpdated` datetime NOT NULL,
  PRIMARY KEY (`id`),
  KEY `idx_tlyeewkgteomvyscwrsmnmchpyutzvllkfks` (`filename`,`folderId`),
  KEY `idx_tqakuktmanwkqccpyhnlppfilvpwmqpevhpt` (`folderId`),
  KEY `idx_lxoytjvvcgepqsrfuguokvipazvzhzhadjud` (`volumeId`),
  KEY `fk_lmemftqwwhswvgehqgvnszbptrlzqkzqpabx` (`uploaderId`),
  CONSTRAINT `fk_bkjypkvylahvaygcbvrenhnkducjzjyacmoz` FOREIGN KEY (`volumeId`) REFERENCES `volumes` (`id`) ON DELETE CASCADE,
  CONSTRAINT `fk_lmemftqwwhswvgehqgvnszbptrlzqkzqpabx` FOREIGN KEY (`uploaderId`) REFERENCES `users` (`id`) ON DELETE SET NULL,
  CONSTRAINT `fk_qeangdebvedwvipemxkbdqhugzxzrvsowvne` FOREIGN KEY (`id`) REFERENCES `elements` (`id`) ON DELETE CASCADE,
  CONSTRAINT `fk_tayodwzjhryiziszjgqpblgwuifejzccnawy` FOREIGN KEY (`folderId`) REFERENCES `volumefolders` (`id`) ON DELETE CASCADE
) ENGINE=InnoDB DEFAULT CHARSET=utf8mb3;
/*!40101 SET character_set_client = @saved_cs_client */;

--
-- Table structure for table `categories`
--

DROP TABLE IF EXISTS `categories`;
/*!40101 SET @saved_cs_client     = @@character_set_client */;
/*!40101 SET character_set_client = utf8 */;
CREATE TABLE `categories` (
  `id` int NOT NULL,
  `groupId` int NOT NULL,
  `parentId` int DEFAULT NULL,
  `deletedWithGroup` tinyint(1) DEFAULT NULL,
  `dateCreated` datetime NOT NULL,
  `dateUpdated` datetime NOT NULL,
  PRIMARY KEY (`id`),
  KEY `idx_pykjhexgjuvgvexrvrbwnpzenqktqmwphohi` (`groupId`),
  KEY `fk_nbahigyulbkidwmfejarofjzysvekfbmgpdj` (`parentId`),
  CONSTRAINT `fk_bemjasdbotaywveaaybljfosyykxotsnpdgw` FOREIGN KEY (`id`) REFERENCES `elements` (`id`) ON DELETE CASCADE,
  CONSTRAINT `fk_nbahigyulbkidwmfejarofjzysvekfbmgpdj` FOREIGN KEY (`parentId`) REFERENCES `categories` (`id`) ON DELETE SET NULL,
  CONSTRAINT `fk_voxapoyaktydoeyjvbvlgkvlcdepbdpbuzlt` FOREIGN KEY (`groupId`) REFERENCES `categorygroups` (`id`) ON DELETE CASCADE
) ENGINE=InnoDB DEFAULT CHARSET=utf8mb3;
/*!40101 SET character_set_client = @saved_cs_client */;

--
-- Table structure for table `categorygroups`
--

DROP TABLE IF EXISTS `categorygroups`;
/*!40101 SET @saved_cs_client     = @@character_set_client */;
/*!40101 SET character_set_client = utf8 */;
CREATE TABLE `categorygroups` (
  `id` int NOT NULL AUTO_INCREMENT,
  `structureId` int NOT NULL,
  `fieldLayoutId` int DEFAULT NULL,
  `name` varchar(255) NOT NULL,
  `handle` varchar(255) NOT NULL,
  `defaultPlacement` enum('beginning','end') NOT NULL DEFAULT 'end',
  `dateCreated` datetime NOT NULL,
  `dateUpdated` datetime NOT NULL,
  `dateDeleted` datetime DEFAULT NULL,
  `uid` char(36) NOT NULL DEFAULT '0',
  PRIMARY KEY (`id`),
  KEY `idx_ezlxzkckjvuxyhnmhskepatbpzydrgfvwsfo` (`name`),
  KEY `idx_rehsuukxkrgyfzgeacvkpaaqjkosfaoilxar` (`handle`),
  KEY `idx_jsbvfolvzcdorfshpjdvasmwgwrorzropmwn` (`structureId`),
  KEY `idx_wqpxdajjkenxeerevyhzedlppjesqwczhwqi` (`fieldLayoutId`),
  KEY `idx_swftervbcwtwbvkcmdlxpatgqbxqpxekqias` (`dateDeleted`),
  CONSTRAINT `fk_npprxlbemrfkkjtvfsmqcvwabrpifxktttmt` FOREIGN KEY (`fieldLayoutId`) REFERENCES `fieldlayouts` (`id`) ON DELETE SET NULL,
  CONSTRAINT `fk_ulpsutypomkjmgsupkeafrulxxfkgfnwefah` FOREIGN KEY (`structureId`) REFERENCES `structures` (`id`) ON DELETE CASCADE
) ENGINE=InnoDB DEFAULT CHARSET=utf8mb3;
/*!40101 SET character_set_client = @saved_cs_client */;

--
-- Table structure for table `categorygroups_sites`
--

DROP TABLE IF EXISTS `categorygroups_sites`;
/*!40101 SET @saved_cs_client     = @@character_set_client */;
/*!40101 SET character_set_client = utf8 */;
CREATE TABLE `categorygroups_sites` (
  `id` int NOT NULL AUTO_INCREMENT,
  `groupId` int NOT NULL,
  `siteId` int NOT NULL,
  `hasUrls` tinyint(1) NOT NULL DEFAULT '1',
  `uriFormat` text,
  `template` varchar(500) DEFAULT NULL,
  `dateCreated` datetime NOT NULL,
  `dateUpdated` datetime NOT NULL,
  `uid` char(36) NOT NULL DEFAULT '0',
  PRIMARY KEY (`id`),
  UNIQUE KEY `idx_cpfmqwsgvjigcanzqhwhhdwihxrhqlnncweu` (`groupId`,`siteId`),
  KEY `idx_olfetvixnzyewfsdawollwoqtzynvzchvsjr` (`siteId`),
  CONSTRAINT `fk_egfivicsszeujnladfbriuduhhhsnqqsooml` FOREIGN KEY (`groupId`) REFERENCES `categorygroups` (`id`) ON DELETE CASCADE,
  CONSTRAINT `fk_omzlbctmrlzeqyjfykzmuajetfrgbrgjxeyb` FOREIGN KEY (`siteId`) REFERENCES `sites` (`id`) ON DELETE CASCADE ON UPDATE CASCADE
) ENGINE=InnoDB DEFAULT CHARSET=utf8mb3;
/*!40101 SET character_set_client = @saved_cs_client */;

--
-- Table structure for table `changedattributes`
--

DROP TABLE IF EXISTS `changedattributes`;
/*!40101 SET @saved_cs_client     = @@character_set_client */;
/*!40101 SET character_set_client = utf8 */;
CREATE TABLE `changedattributes` (
  `elementId` int NOT NULL,
  `siteId` int NOT NULL,
  `attribute` varchar(255) NOT NULL,
  `dateUpdated` datetime NOT NULL,
  `propagated` tinyint(1) NOT NULL,
  `userId` int DEFAULT NULL,
  PRIMARY KEY (`elementId`,`siteId`,`attribute`),
  KEY `idx_exiiterohahqkwfqbvbmqjlctqxgdmfafbsn` (`elementId`,`siteId`,`dateUpdated`),
  KEY `fk_zookrrcdzahyvmgjficdnmkulhdmhwzcpctm` (`siteId`),
  KEY `fk_ukvmlxidxhxrqzztyrokaqdnijsmgeyzhezz` (`userId`),
  CONSTRAINT `fk_uewyjveyownirsgudivyfedpsvbsypqwyxyo` FOREIGN KEY (`elementId`) REFERENCES `elements` (`id`) ON DELETE CASCADE ON UPDATE CASCADE,
  CONSTRAINT `fk_ukvmlxidxhxrqzztyrokaqdnijsmgeyzhezz` FOREIGN KEY (`userId`) REFERENCES `users` (`id`) ON DELETE SET NULL ON UPDATE CASCADE,
  CONSTRAINT `fk_zookrrcdzahyvmgjficdnmkulhdmhwzcpctm` FOREIGN KEY (`siteId`) REFERENCES `sites` (`id`) ON DELETE CASCADE ON UPDATE CASCADE
) ENGINE=InnoDB DEFAULT CHARSET=utf8mb3;
/*!40101 SET character_set_client = @saved_cs_client */;

--
-- Table structure for table `changedfields`
--

DROP TABLE IF EXISTS `changedfields`;
/*!40101 SET @saved_cs_client     = @@character_set_client */;
/*!40101 SET character_set_client = utf8 */;
CREATE TABLE `changedfields` (
  `elementId` int NOT NULL,
  `siteId` int NOT NULL,
  `fieldId` int NOT NULL,
  `dateUpdated` datetime NOT NULL,
  `propagated` tinyint(1) NOT NULL,
  `userId` int DEFAULT NULL,
  PRIMARY KEY (`elementId`,`siteId`,`fieldId`),
  KEY `idx_qdcekvhjezjyajgodsicxjepscaqmzvlhkqs` (`elementId`,`siteId`,`dateUpdated`),
  KEY `fk_uccireetlzytpvzrvudsqemnqkvnxlzbqiym` (`siteId`),
  KEY `fk_uysmrxrfjowthsqqdpocwgbyyrckzpviogwd` (`fieldId`),
  KEY `fk_pwpalaqrdpzuuqrtidvqfhqvgorynybgbgql` (`userId`),
  CONSTRAINT `fk_pwpalaqrdpzuuqrtidvqfhqvgorynybgbgql` FOREIGN KEY (`userId`) REFERENCES `users` (`id`) ON DELETE SET NULL ON UPDATE CASCADE,
  CONSTRAINT `fk_skoixvgjmupispvmszervnuuprooknrvxphx` FOREIGN KEY (`elementId`) REFERENCES `elements` (`id`) ON DELETE CASCADE ON UPDATE CASCADE,
  CONSTRAINT `fk_uccireetlzytpvzrvudsqemnqkvnxlzbqiym` FOREIGN KEY (`siteId`) REFERENCES `sites` (`id`) ON DELETE CASCADE ON UPDATE CASCADE,
  CONSTRAINT `fk_uysmrxrfjowthsqqdpocwgbyyrckzpviogwd` FOREIGN KEY (`fieldId`) REFERENCES `fields` (`id`) ON DELETE CASCADE ON UPDATE CASCADE
) ENGINE=InnoDB DEFAULT CHARSET=utf8mb3;
/*!40101 SET character_set_client = @saved_cs_client */;

--
-- Table structure for table `content`
--

DROP TABLE IF EXISTS `content`;
/*!40101 SET @saved_cs_client     = @@character_set_client */;
/*!40101 SET character_set_client = utf8 */;
CREATE TABLE `content` (
  `id` int NOT NULL AUTO_INCREMENT,
  `elementId` int NOT NULL,
  `siteId` int NOT NULL,
  `title` varchar(255) DEFAULT NULL,
  `dateCreated` datetime NOT NULL,
  `dateUpdated` datetime NOT NULL,
  `uid` char(36) NOT NULL DEFAULT '0',
  `field_heroTitle_mvwiunrg` text,
  `field_hostsIntroContent_tmwevnyy` text,
  `field_richText_jfzdlfhz` text,
  `field_shortDescription_spzjgmrs` text,
  PRIMARY KEY (`id`),
  UNIQUE KEY `idx_zandeyzfzzozwnohuktwteaksuujjkgghcuk` (`elementId`,`siteId`),
  KEY `idx_edvaymosjomucfsfqhdrgtrnmdzszilqulyh` (`siteId`),
  KEY `idx_wzoffkjbghqczdgranvdiozpolewibblnnpp` (`title`),
  CONSTRAINT `fk_ijnbmdlfwnilnbshpievitfqzqejkmbkhfhc` FOREIGN KEY (`elementId`) REFERENCES `elements` (`id`) ON DELETE CASCADE,
  CONSTRAINT `fk_wddzbrquvuzpymyxftyefsrdbfcenkhbdeiv` FOREIGN KEY (`siteId`) REFERENCES `sites` (`id`) ON DELETE CASCADE ON UPDATE CASCADE
) ENGINE=InnoDB AUTO_INCREMENT=218 DEFAULT CHARSET=utf8mb3;
/*!40101 SET character_set_client = @saved_cs_client */;

--
-- Table structure for table `craftidtokens`
--

DROP TABLE IF EXISTS `craftidtokens`;
/*!40101 SET @saved_cs_client     = @@character_set_client */;
/*!40101 SET character_set_client = utf8 */;
CREATE TABLE `craftidtokens` (
  `id` int NOT NULL AUTO_INCREMENT,
  `userId` int NOT NULL,
  `accessToken` text NOT NULL,
  `expiryDate` datetime DEFAULT NULL,
  `dateCreated` datetime NOT NULL,
  `dateUpdated` datetime NOT NULL,
  `uid` char(36) NOT NULL DEFAULT '0',
  PRIMARY KEY (`id`),
  KEY `fk_iswtgqdeismmvnvxskjjzkusukuzvcvuisgl` (`userId`),
  CONSTRAINT `fk_iswtgqdeismmvnvxskjjzkusukuzvcvuisgl` FOREIGN KEY (`userId`) REFERENCES `users` (`id`) ON DELETE CASCADE
) ENGINE=InnoDB DEFAULT CHARSET=utf8mb3;
/*!40101 SET character_set_client = @saved_cs_client */;

--
-- Table structure for table `deprecationerrors`
--

DROP TABLE IF EXISTS `deprecationerrors`;
/*!40101 SET @saved_cs_client     = @@character_set_client */;
/*!40101 SET character_set_client = utf8 */;
CREATE TABLE `deprecationerrors` (
  `id` int NOT NULL AUTO_INCREMENT,
  `key` varchar(255) NOT NULL,
  `fingerprint` varchar(255) NOT NULL,
  `lastOccurrence` datetime NOT NULL,
  `file` varchar(255) NOT NULL,
  `line` smallint unsigned DEFAULT NULL,
  `message` text,
  `traces` text,
  `dateCreated` datetime NOT NULL,
  `dateUpdated` datetime NOT NULL,
  `uid` char(36) NOT NULL DEFAULT '0',
  PRIMARY KEY (`id`),
  UNIQUE KEY `idx_sfawwpotadtxkpsjxfznjzgbuotjmhvbrijm` (`key`,`fingerprint`)
) ENGINE=InnoDB DEFAULT CHARSET=utf8mb3;
/*!40101 SET character_set_client = @saved_cs_client */;

--
-- Table structure for table `drafts`
--

DROP TABLE IF EXISTS `drafts`;
/*!40101 SET @saved_cs_client     = @@character_set_client */;
/*!40101 SET character_set_client = utf8 */;
CREATE TABLE `drafts` (
  `id` int NOT NULL AUTO_INCREMENT,
  `canonicalId` int DEFAULT NULL,
  `creatorId` int DEFAULT NULL,
  `provisional` tinyint(1) NOT NULL DEFAULT '0',
  `name` varchar(255) NOT NULL,
  `notes` text,
  `trackChanges` tinyint(1) NOT NULL DEFAULT '0',
  `dateLastMerged` datetime DEFAULT NULL,
  `saved` tinyint(1) NOT NULL DEFAULT '1',
  PRIMARY KEY (`id`),
  KEY `idx_kceoofemjuxjscbmozhkcwumtyzavdwaxrqx` (`creatorId`,`provisional`),
  KEY `idx_cnvkoakouqffotybdhuhemldmnnmyuucoobl` (`saved`),
  KEY `fk_tfdhmhcnetwcyclfxewiyahebpkciiosfovy` (`canonicalId`),
  CONSTRAINT `fk_abmmmhelmjcdtkfakktpuhtwixtuldpzomri` FOREIGN KEY (`creatorId`) REFERENCES `users` (`id`) ON DELETE SET NULL,
  CONSTRAINT `fk_tfdhmhcnetwcyclfxewiyahebpkciiosfovy` FOREIGN KEY (`canonicalId`) REFERENCES `elements` (`id`) ON DELETE CASCADE
) ENGINE=InnoDB AUTO_INCREMENT=73 DEFAULT CHARSET=utf8mb3;
/*!40101 SET character_set_client = @saved_cs_client */;

--
-- Table structure for table `elementactivity`
--

DROP TABLE IF EXISTS `elementactivity`;
/*!40101 SET @saved_cs_client     = @@character_set_client */;
/*!40101 SET character_set_client = utf8 */;
CREATE TABLE `elementactivity` (
  `elementId` int NOT NULL,
  `userId` int NOT NULL,
  `siteId` int NOT NULL,
  `draftId` int DEFAULT NULL,
  `type` varchar(255) NOT NULL,
  `timestamp` datetime DEFAULT NULL,
  PRIMARY KEY (`elementId`,`userId`,`type`),
  KEY `idx_ujyxmxbcnvghpuhvocuyxjwdwpupdlwogyro` (`elementId`,`timestamp`,`userId`),
  KEY `fk_eeedefgmbmdzqmtiegnbrdofllbouxxhlqoy` (`userId`),
  KEY `fk_flbwhpdanlklqtcbjyrujndsgrouhuzipsys` (`siteId`),
  KEY `fk_emwrxqtwfjxipqwynntsppjntckkyrygyklq` (`draftId`),
  CONSTRAINT `fk_eeedefgmbmdzqmtiegnbrdofllbouxxhlqoy` FOREIGN KEY (`userId`) REFERENCES `users` (`id`) ON DELETE CASCADE,
  CONSTRAINT `fk_emwrxqtwfjxipqwynntsppjntckkyrygyklq` FOREIGN KEY (`draftId`) REFERENCES `drafts` (`id`) ON DELETE CASCADE,
  CONSTRAINT `fk_flbwhpdanlklqtcbjyrujndsgrouhuzipsys` FOREIGN KEY (`siteId`) REFERENCES `sites` (`id`) ON DELETE CASCADE,
  CONSTRAINT `fk_vreunergowletlfqzcrykavyevjxavukfqip` FOREIGN KEY (`elementId`) REFERENCES `elements` (`id`) ON DELETE CASCADE
) ENGINE=InnoDB DEFAULT CHARSET=utf8mb3;
/*!40101 SET character_set_client = @saved_cs_client */;

--
-- Table structure for table `elements`
--

DROP TABLE IF EXISTS `elements`;
/*!40101 SET @saved_cs_client     = @@character_set_client */;
/*!40101 SET character_set_client = utf8 */;
CREATE TABLE `elements` (
  `id` int NOT NULL AUTO_INCREMENT,
  `canonicalId` int DEFAULT NULL,
  `draftId` int DEFAULT NULL,
  `revisionId` int DEFAULT NULL,
  `fieldLayoutId` int DEFAULT NULL,
  `type` varchar(255) NOT NULL,
  `enabled` tinyint(1) NOT NULL DEFAULT '1',
  `archived` tinyint(1) NOT NULL DEFAULT '0',
  `dateCreated` datetime NOT NULL,
  `dateUpdated` datetime NOT NULL,
  `dateLastMerged` datetime DEFAULT NULL,
  `dateDeleted` datetime DEFAULT NULL,
  `uid` char(36) NOT NULL DEFAULT '0',
  PRIMARY KEY (`id`),
  KEY `idx_oifvzpuetnplgstqfjvwkffqrqejkebxdjfy` (`dateDeleted`),
  KEY `idx_yehgqknxlozrwubaxjnzqguvvwahnvjmxepy` (`fieldLayoutId`),
  KEY `idx_zvtzgwmvxwtmbyrdibczcsgxaxexniyzzxbh` (`type`),
  KEY `idx_oyyxcrfruvgnyhvrbbnuidzacbtlsdmsjzvj` (`enabled`),
  KEY `idx_tvoonbheuecrwtzsuxecafremaxzvkrkicfw` (`canonicalId`),
  KEY `idx_nubzecrmjojsmfnoamryeiwaqvojflsbufmx` (`archived`,`dateCreated`),
  KEY `idx_rrmiirkvipxlgntmedqnalgomhwojaunggqr` (`archived`,`dateDeleted`,`draftId`,`revisionId`,`canonicalId`),
  KEY `idx_kjiqkhanljlmwawcpjixvsaqviojmyjcysbh` (`archived`,`dateDeleted`,`draftId`,`revisionId`,`canonicalId`,`enabled`),
  KEY `fk_qqlibftxmoghhnufrtqscxfsfzmqvuolkxey` (`draftId`),
  KEY `fk_iuxnllcbbtkqgacuukxzxbyjonuunlxjjisl` (`revisionId`),
  CONSTRAINT `fk_icdgcgjtinxtqspcxeqzvbbascdmjiyktsgi` FOREIGN KEY (`fieldLayoutId`) REFERENCES `fieldlayouts` (`id`) ON DELETE SET NULL,
  CONSTRAINT `fk_inamuvdyztmmzavkvlnpgqebiparhcbeapar` FOREIGN KEY (`canonicalId`) REFERENCES `elements` (`id`) ON DELETE SET NULL,
  CONSTRAINT `fk_iuxnllcbbtkqgacuukxzxbyjonuunlxjjisl` FOREIGN KEY (`revisionId`) REFERENCES `revisions` (`id`) ON DELETE CASCADE,
  CONSTRAINT `fk_qqlibftxmoghhnufrtqscxfsfzmqvuolkxey` FOREIGN KEY (`draftId`) REFERENCES `drafts` (`id`) ON DELETE CASCADE
) ENGINE=InnoDB AUTO_INCREMENT=240 DEFAULT CHARSET=utf8mb3;
/*!40101 SET character_set_client = @saved_cs_client */;

--
-- Table structure for table `elements_sites`
--

DROP TABLE IF EXISTS `elements_sites`;
/*!40101 SET @saved_cs_client     = @@character_set_client */;
/*!40101 SET character_set_client = utf8 */;
CREATE TABLE `elements_sites` (
  `id` int NOT NULL AUTO_INCREMENT,
  `elementId` int NOT NULL,
  `siteId` int NOT NULL,
  `slug` varchar(255) DEFAULT NULL,
  `uri` varchar(255) DEFAULT NULL,
  `enabled` tinyint(1) NOT NULL DEFAULT '1',
  `dateCreated` datetime NOT NULL,
  `dateUpdated` datetime NOT NULL,
  `uid` char(36) NOT NULL DEFAULT '0',
  PRIMARY KEY (`id`),
  UNIQUE KEY `idx_dobawiiuwamxtoewjbqqgjnbvumlopuovqsy` (`elementId`,`siteId`),
  KEY `idx_wlopynbngeirmzzvzoarddnrqwfrtmwqpevv` (`siteId`),
  KEY `idx_fyadxxbhsjijavtfbnzyqlksnbszlqvuideo` (`slug`,`siteId`),
  KEY `idx_xnhbyfkxdlxeozeoapliqrrhiwplokklwsuz` (`enabled`),
  KEY `idx_kbiwijohdtrkcqjwvuulngrryexhofbaumxg` (`uri`,`siteId`),
  CONSTRAINT `fk_npzlzkjlayyaaxazavwekoaakguujysmneqc` FOREIGN KEY (`siteId`) REFERENCES `sites` (`id`) ON DELETE CASCADE ON UPDATE CASCADE,
  CONSTRAINT `fk_vzugabcabihsucvkuhnfhhaykmedkejnnnfp` FOREIGN KEY (`elementId`) REFERENCES `elements` (`id`) ON DELETE CASCADE
) ENGINE=InnoDB AUTO_INCREMENT=240 DEFAULT CHARSET=utf8mb3;
/*!40101 SET character_set_client = @saved_cs_client */;

--
-- Table structure for table `entries`
--

DROP TABLE IF EXISTS `entries`;
/*!40101 SET @saved_cs_client     = @@character_set_client */;
/*!40101 SET character_set_client = utf8 */;
CREATE TABLE `entries` (
  `id` int NOT NULL,
  `sectionId` int NOT NULL,
  `parentId` int DEFAULT NULL,
  `typeId` int NOT NULL,
  `authorId` int DEFAULT NULL,
  `postDate` datetime DEFAULT NULL,
  `expiryDate` datetime DEFAULT NULL,
  `deletedWithEntryType` tinyint(1) DEFAULT NULL,
  `dateCreated` datetime NOT NULL,
  `dateUpdated` datetime NOT NULL,
  PRIMARY KEY (`id`),
  KEY `idx_eiozavhlgrbcivkgkatbekyhhayjylaxdafa` (`postDate`),
  KEY `idx_ohyzdgdjshtldujnvetxuplqxhskbbykjjrj` (`expiryDate`),
  KEY `idx_qxcegewxjevibxnpckphwfbygbemmkqnpmxm` (`authorId`),
  KEY `idx_zyeroyqfgdslmjwphliqoopjpxmmksfdsmqn` (`sectionId`),
  KEY `idx_hystcghhuopetkgsdugpzeyigwztgrwaxhcv` (`typeId`),
  KEY `fk_szoeuvipafjohpwiwmbhuthoptayacnskmnn` (`parentId`),
  CONSTRAINT `fk_bgdsazqtofympzdtvieuwxgpadcpozypvwoi` FOREIGN KEY (`typeId`) REFERENCES `entrytypes` (`id`) ON DELETE CASCADE,
  CONSTRAINT `fk_efoiajaskavffikgrvlsgoqaldudhxhutuug` FOREIGN KEY (`authorId`) REFERENCES `users` (`id`) ON DELETE SET NULL,
  CONSTRAINT `fk_szoeuvipafjohpwiwmbhuthoptayacnskmnn` FOREIGN KEY (`parentId`) REFERENCES `entries` (`id`) ON DELETE SET NULL,
  CONSTRAINT `fk_tdpdnmpfrqmhlntandjsuwhbnyjizhscctgp` FOREIGN KEY (`sectionId`) REFERENCES `sections` (`id`) ON DELETE CASCADE,
  CONSTRAINT `fk_wcugyqqaqkzkonwgrnvfwtlkigcjnywhvznf` FOREIGN KEY (`id`) REFERENCES `elements` (`id`) ON DELETE CASCADE
) ENGINE=InnoDB DEFAULT CHARSET=utf8mb3;
/*!40101 SET character_set_client = @saved_cs_client */;

--
-- Table structure for table `entrytypes`
--

DROP TABLE IF EXISTS `entrytypes`;
/*!40101 SET @saved_cs_client     = @@character_set_client */;
/*!40101 SET character_set_client = utf8 */;
CREATE TABLE `entrytypes` (
  `id` int NOT NULL AUTO_INCREMENT,
  `sectionId` int NOT NULL,
  `fieldLayoutId` int DEFAULT NULL,
  `name` varchar(255) NOT NULL,
  `handle` varchar(255) NOT NULL,
  `hasTitleField` tinyint(1) NOT NULL DEFAULT '1',
  `titleTranslationMethod` varchar(255) NOT NULL DEFAULT 'site',
  `titleTranslationKeyFormat` text,
  `titleFormat` varchar(255) DEFAULT NULL,
  `slugTranslationMethod` varchar(255) NOT NULL DEFAULT 'site',
  `slugTranslationKeyFormat` text,
  `showStatusField` tinyint(1) DEFAULT '1',
  `sortOrder` smallint unsigned DEFAULT NULL,
  `dateCreated` datetime NOT NULL,
  `dateUpdated` datetime NOT NULL,
  `dateDeleted` datetime DEFAULT NULL,
  `uid` char(36) NOT NULL DEFAULT '0',
  PRIMARY KEY (`id`),
  KEY `idx_qrdfxnemhsubspgqutdcticxcmkzjdmrexme` (`name`,`sectionId`),
  KEY `idx_rtjdxnkmkzpusnwvlgmxgrfhtliitdlsotqk` (`handle`,`sectionId`),
  KEY `idx_fctzfmevbwxrxnwyrnyprirptsqpskfpiygj` (`sectionId`),
  KEY `idx_jzzdcgtarszpefldxkyziwlpnoexzfcelzin` (`fieldLayoutId`),
  KEY `idx_vwykkbbdzrdcigxkztdmgrnhobtazhvwgmvj` (`dateDeleted`),
  CONSTRAINT `fk_lvssqfaifeziewdgbkhdguuvneraifowokxb` FOREIGN KEY (`sectionId`) REFERENCES `sections` (`id`) ON DELETE CASCADE,
  CONSTRAINT `fk_zywkxagdlgetbkyuagxxzvtvllaydsxcetgu` FOREIGN KEY (`fieldLayoutId`) REFERENCES `fieldlayouts` (`id`) ON DELETE SET NULL
) ENGINE=InnoDB AUTO_INCREMENT=6 DEFAULT CHARSET=utf8mb3;
/*!40101 SET character_set_client = @saved_cs_client */;

--
-- Table structure for table `fieldgroups`
--

DROP TABLE IF EXISTS `fieldgroups`;
/*!40101 SET @saved_cs_client     = @@character_set_client */;
/*!40101 SET character_set_client = utf8 */;
CREATE TABLE `fieldgroups` (
  `id` int NOT NULL AUTO_INCREMENT,
  `name` varchar(255) NOT NULL,
  `dateCreated` datetime NOT NULL,
  `dateUpdated` datetime NOT NULL,
  `dateDeleted` datetime DEFAULT NULL,
  `uid` char(36) NOT NULL DEFAULT '0',
  PRIMARY KEY (`id`),
  KEY `idx_hrwrremelfgoitcemajajtphfbncamatibwl` (`name`),
  KEY `idx_hahsupkrualsblefztginjoxyuuacilpzgto` (`dateDeleted`,`name`)
) ENGINE=InnoDB AUTO_INCREMENT=3 DEFAULT CHARSET=utf8mb3;
/*!40101 SET character_set_client = @saved_cs_client */;

--
-- Table structure for table `fieldlayoutfields`
--

DROP TABLE IF EXISTS `fieldlayoutfields`;
/*!40101 SET @saved_cs_client     = @@character_set_client */;
/*!40101 SET character_set_client = utf8 */;
CREATE TABLE `fieldlayoutfields` (
  `id` int NOT NULL AUTO_INCREMENT,
  `layoutId` int NOT NULL,
  `tabId` int NOT NULL,
  `fieldId` int NOT NULL,
  `required` tinyint(1) NOT NULL DEFAULT '0',
  `sortOrder` smallint unsigned DEFAULT NULL,
  `dateCreated` datetime NOT NULL,
  `dateUpdated` datetime NOT NULL,
  `uid` char(36) NOT NULL DEFAULT '0',
  PRIMARY KEY (`id`),
  UNIQUE KEY `idx_lfttzvpiblwbvjwwkhzlkrksorjjdffitssr` (`layoutId`,`fieldId`),
  KEY `idx_muzoyzylrtahvwlmucldhzjhtjhnqoilzkrn` (`sortOrder`),
  KEY `idx_nqwsujsekghripyogroawwonrmxvlxjnnyob` (`tabId`),
  KEY `idx_iaskmlxtenqitgnpspkoxtfswhmeiabsdrzr` (`fieldId`),
  CONSTRAINT `fk_iiatfxfepxyguebvlyzmcvvwfcmcchksckms` FOREIGN KEY (`layoutId`) REFERENCES `fieldlayouts` (`id`) ON DELETE CASCADE,
  CONSTRAINT `fk_xijcqtmyrmdfaavopwtwcogeckdmiutbujcx` FOREIGN KEY (`fieldId`) REFERENCES `fields` (`id`) ON DELETE CASCADE,
  CONSTRAINT `fk_xozjbsgfmgrsuaecwjjvskbiyqvskakvmdqy` FOREIGN KEY (`tabId`) REFERENCES `fieldlayouttabs` (`id`) ON DELETE CASCADE
) ENGINE=InnoDB AUTO_INCREMENT=46 DEFAULT CHARSET=utf8mb3;
/*!40101 SET character_set_client = @saved_cs_client */;

--
-- Table structure for table `fieldlayouts`
--

DROP TABLE IF EXISTS `fieldlayouts`;
/*!40101 SET @saved_cs_client     = @@character_set_client */;
/*!40101 SET character_set_client = utf8 */;
CREATE TABLE `fieldlayouts` (
  `id` int NOT NULL AUTO_INCREMENT,
  `type` varchar(255) NOT NULL,
  `dateCreated` datetime NOT NULL,
  `dateUpdated` datetime NOT NULL,
  `dateDeleted` datetime DEFAULT NULL,
  `uid` char(36) NOT NULL DEFAULT '0',
  PRIMARY KEY (`id`),
  KEY `idx_dzovxlkatxhqgmvrstdvncbypwkcfhxkdtld` (`dateDeleted`),
  KEY `idx_vdjhstpgbetxufxwogpfnpkeanoogpobwccz` (`type`)
) ENGINE=InnoDB AUTO_INCREMENT=11 DEFAULT CHARSET=utf8mb3;
/*!40101 SET character_set_client = @saved_cs_client */;

--
-- Table structure for table `fieldlayouttabs`
--

DROP TABLE IF EXISTS `fieldlayouttabs`;
/*!40101 SET @saved_cs_client     = @@character_set_client */;
/*!40101 SET character_set_client = utf8 */;
CREATE TABLE `fieldlayouttabs` (
  `id` int NOT NULL AUTO_INCREMENT,
  `layoutId` int NOT NULL,
  `name` varchar(255) NOT NULL,
  `settings` text,
  `elements` text,
  `sortOrder` smallint unsigned DEFAULT NULL,
  `dateCreated` datetime NOT NULL,
  `dateUpdated` datetime NOT NULL,
  `uid` char(36) NOT NULL DEFAULT '0',
  PRIMARY KEY (`id`),
  KEY `idx_ovmlddncojwkthidmvgsadkyxfiytjtsjdsj` (`sortOrder`),
  KEY `idx_woexwxyanhdpwcpgwdkaahllgwyncvwluppn` (`layoutId`),
  CONSTRAINT `fk_wytdwlnnufqtqjwztwspiuvxujkysmvaiumv` FOREIGN KEY (`layoutId`) REFERENCES `fieldlayouts` (`id`) ON DELETE CASCADE
) ENGINE=InnoDB AUTO_INCREMENT=35 DEFAULT CHARSET=utf8mb3;
/*!40101 SET character_set_client = @saved_cs_client */;

--
-- Table structure for table `fields`
--

DROP TABLE IF EXISTS `fields`;
/*!40101 SET @saved_cs_client     = @@character_set_client */;
/*!40101 SET character_set_client = utf8 */;
CREATE TABLE `fields` (
  `id` int NOT NULL AUTO_INCREMENT,
  `groupId` int DEFAULT NULL,
  `name` varchar(255) NOT NULL,
  `handle` varchar(64) NOT NULL,
  `context` varchar(255) NOT NULL DEFAULT 'global',
  `columnSuffix` char(8) DEFAULT NULL,
  `instructions` text,
  `searchable` tinyint(1) NOT NULL DEFAULT '1',
  `translationMethod` varchar(255) NOT NULL DEFAULT 'none',
  `translationKeyFormat` text,
  `type` varchar(255) NOT NULL,
  `settings` text,
  `dateCreated` datetime NOT NULL,
  `dateUpdated` datetime NOT NULL,
  `uid` char(36) NOT NULL DEFAULT '0',
  PRIMARY KEY (`id`),
  KEY `idx_xvfzqbdjprqegzxyiidnlxgbetvdlpvjplty` (`handle`,`context`),
  KEY `idx_feiztvrybbwxelidqnaoaucvmxmfpxcxejop` (`groupId`),
  KEY `idx_vtunfyziynipojwxgjywarydrstuwlgqslql` (`context`),
  CONSTRAINT `fk_plswenxsddkfbfaxlrqjoklelaihkzzbmjro` FOREIGN KEY (`groupId`) REFERENCES `fieldgroups` (`id`) ON DELETE CASCADE
) ENGINE=InnoDB AUTO_INCREMENT=16 DEFAULT CHARSET=utf8mb3;
/*!40101 SET character_set_client = @saved_cs_client */;

--
-- Table structure for table `globalsets`
--

DROP TABLE IF EXISTS `globalsets`;
/*!40101 SET @saved_cs_client     = @@character_set_client */;
/*!40101 SET character_set_client = utf8 */;
CREATE TABLE `globalsets` (
  `id` int NOT NULL AUTO_INCREMENT,
  `name` varchar(255) NOT NULL,
  `handle` varchar(255) NOT NULL,
  `fieldLayoutId` int DEFAULT NULL,
  `sortOrder` smallint unsigned DEFAULT NULL,
  `dateCreated` datetime NOT NULL,
  `dateUpdated` datetime NOT NULL,
  `uid` char(36) NOT NULL DEFAULT '0',
  PRIMARY KEY (`id`),
  KEY `idx_gxeephqqzmqurnufkkmeqghmarcdvpfwfnlw` (`name`),
  KEY `idx_liixkhwylnafwjnacfzypfgubkloupwczhtf` (`handle`),
  KEY `idx_upuodrqqwniksqmtbzeiezzrwwirwpwrshcz` (`fieldLayoutId`),
  KEY `idx_imewcgfcxgapvnqgynjxmtpvvnyxznfvaivs` (`sortOrder`),
  CONSTRAINT `fk_frpcvxfuhfrvufanujyeptxminemwdboawsp` FOREIGN KEY (`id`) REFERENCES `elements` (`id`) ON DELETE CASCADE,
  CONSTRAINT `fk_tmpacbmtkpzhoqjtrlkskefewluufkytzvsu` FOREIGN KEY (`fieldLayoutId`) REFERENCES `fieldlayouts` (`id`) ON DELETE SET NULL
) ENGINE=InnoDB AUTO_INCREMENT=240 DEFAULT CHARSET=utf8mb3;
/*!40101 SET character_set_client = @saved_cs_client */;

--
-- Table structure for table `gqlschemas`
--

DROP TABLE IF EXISTS `gqlschemas`;
/*!40101 SET @saved_cs_client     = @@character_set_client */;
/*!40101 SET character_set_client = utf8 */;
CREATE TABLE `gqlschemas` (
  `id` int NOT NULL AUTO_INCREMENT,
  `name` varchar(255) NOT NULL,
  `scope` text,
  `isPublic` tinyint(1) NOT NULL DEFAULT '0',
  `dateCreated` datetime NOT NULL,
  `dateUpdated` datetime NOT NULL,
  `uid` char(36) NOT NULL DEFAULT '0',
  PRIMARY KEY (`id`)
) ENGINE=InnoDB DEFAULT CHARSET=utf8mb3;
/*!40101 SET character_set_client = @saved_cs_client */;

--
-- Table structure for table `gqltokens`
--

DROP TABLE IF EXISTS `gqltokens`;
/*!40101 SET @saved_cs_client     = @@character_set_client */;
/*!40101 SET character_set_client = utf8 */;
CREATE TABLE `gqltokens` (
  `id` int NOT NULL AUTO_INCREMENT,
  `name` varchar(255) NOT NULL,
  `accessToken` varchar(255) NOT NULL,
  `enabled` tinyint(1) NOT NULL DEFAULT '1',
  `expiryDate` datetime DEFAULT NULL,
  `lastUsed` datetime DEFAULT NULL,
  `schemaId` int DEFAULT NULL,
  `dateCreated` datetime NOT NULL,
  `dateUpdated` datetime NOT NULL,
  `uid` char(36) NOT NULL DEFAULT '0',
  PRIMARY KEY (`id`),
  UNIQUE KEY `idx_zoojkouiichhmnllbhxthgjwemwqdarqkiim` (`accessToken`),
  UNIQUE KEY `idx_yjxvjbczalyeigrjkfwjvnvmyjrqahxpkgoq` (`name`),
  KEY `fk_utezddoggigjuclyfswgyyyaaigbqsknjvoc` (`schemaId`),
  CONSTRAINT `fk_utezddoggigjuclyfswgyyyaaigbqsknjvoc` FOREIGN KEY (`schemaId`) REFERENCES `gqlschemas` (`id`) ON DELETE SET NULL
) ENGINE=InnoDB DEFAULT CHARSET=utf8mb3;
/*!40101 SET character_set_client = @saved_cs_client */;

--
-- Table structure for table `imagetransformindex`
--

DROP TABLE IF EXISTS `imagetransformindex`;
/*!40101 SET @saved_cs_client     = @@character_set_client */;
/*!40101 SET character_set_client = utf8 */;
CREATE TABLE `imagetransformindex` (
  `id` int NOT NULL AUTO_INCREMENT,
  `assetId` int NOT NULL,
  `transformer` varchar(255) DEFAULT NULL,
  `filename` varchar(255) DEFAULT NULL,
  `format` varchar(255) DEFAULT NULL,
  `transformString` varchar(255) NOT NULL,
  `fileExists` tinyint(1) NOT NULL DEFAULT '0',
  `inProgress` tinyint(1) NOT NULL DEFAULT '0',
  `error` tinyint(1) NOT NULL DEFAULT '0',
  `dateIndexed` datetime DEFAULT NULL,
  `dateCreated` datetime NOT NULL,
  `dateUpdated` datetime NOT NULL,
  `uid` char(36) NOT NULL DEFAULT '0',
  PRIMARY KEY (`id`),
  KEY `idx_aahzmjgvysdxhifcerkpexkfhpwnawricfpo` (`assetId`,`transformString`)
) ENGINE=InnoDB AUTO_INCREMENT=81 DEFAULT CHARSET=utf8mb3;
/*!40101 SET character_set_client = @saved_cs_client */;

--
-- Table structure for table `imagetransforms`
--

DROP TABLE IF EXISTS `imagetransforms`;
/*!40101 SET @saved_cs_client     = @@character_set_client */;
/*!40101 SET character_set_client = utf8 */;
CREATE TABLE `imagetransforms` (
  `id` int NOT NULL AUTO_INCREMENT,
  `name` varchar(255) NOT NULL,
  `handle` varchar(255) NOT NULL,
  `mode` enum('stretch','fit','crop','letterbox') NOT NULL DEFAULT 'crop',
  `position` enum('top-left','top-center','top-right','center-left','center-center','center-right','bottom-left','bottom-center','bottom-right') NOT NULL DEFAULT 'center-center',
  `width` int unsigned DEFAULT NULL,
  `height` int unsigned DEFAULT NULL,
  `format` varchar(255) DEFAULT NULL,
  `quality` int DEFAULT NULL,
  `interlace` enum('none','line','plane','partition') NOT NULL DEFAULT 'none',
  `fill` varchar(11) DEFAULT NULL,
  `upscale` tinyint(1) NOT NULL DEFAULT '1',
  `parameterChangeTime` datetime DEFAULT NULL,
  `dateCreated` datetime NOT NULL,
  `dateUpdated` datetime NOT NULL,
  `uid` char(36) NOT NULL DEFAULT '0',
  PRIMARY KEY (`id`),
  KEY `idx_shbljidniolmdbostxaxiczjvqeafekaptno` (`name`),
  KEY `idx_ualtaowvraucyaqovtyyesljcvbipixfccdj` (`handle`)
) ENGINE=InnoDB DEFAULT CHARSET=utf8mb3;
/*!40101 SET character_set_client = @saved_cs_client */;

--
-- Table structure for table `info`
--

DROP TABLE IF EXISTS `info`;
/*!40101 SET @saved_cs_client     = @@character_set_client */;
/*!40101 SET character_set_client = utf8 */;
CREATE TABLE `info` (
  `id` int NOT NULL AUTO_INCREMENT,
  `version` varchar(50) NOT NULL,
  `schemaVersion` varchar(15) NOT NULL,
  `maintenance` tinyint(1) NOT NULL DEFAULT '0',
  `configVersion` char(12) NOT NULL DEFAULT '000000000000',
  `fieldVersion` char(12) NOT NULL DEFAULT '000000000000',
  `dateCreated` datetime NOT NULL,
  `dateUpdated` datetime NOT NULL,
  `uid` char(36) NOT NULL DEFAULT '0',
  PRIMARY KEY (`id`)
) ENGINE=InnoDB AUTO_INCREMENT=2 DEFAULT CHARSET=utf8mb3;
/*!40101 SET character_set_client = @saved_cs_client */;

--
-- Table structure for table `matrixblocks`
--

DROP TABLE IF EXISTS `matrixblocks`;
/*!40101 SET @saved_cs_client     = @@character_set_client */;
/*!40101 SET character_set_client = utf8 */;
CREATE TABLE `matrixblocks` (
  `id` int NOT NULL,
  `primaryOwnerId` int NOT NULL,
  `fieldId` int NOT NULL,
  `typeId` int NOT NULL,
  `deletedWithOwner` tinyint(1) DEFAULT NULL,
  `dateCreated` datetime NOT NULL,
  `dateUpdated` datetime NOT NULL,
  PRIMARY KEY (`id`),
  KEY `idx_pdlpmkulwtaxtqfcivwgelnukjlghkhwgurg` (`primaryOwnerId`),
  KEY `idx_wulmdmvfnvicwlokvnjxswuulmyjovzuumjo` (`fieldId`),
  KEY `idx_aidmowrjiveekczmyteopcconafircswdqta` (`typeId`),
  CONSTRAINT `fk_eezhbkqvcdtwbcoieqcksuauhubfxnqszhuf` FOREIGN KEY (`typeId`) REFERENCES `matrixblocktypes` (`id`) ON DELETE CASCADE,
  CONSTRAINT `fk_kujubnmqohlzzsfernrswlwcsjwifirwytid` FOREIGN KEY (`primaryOwnerId`) REFERENCES `elements` (`id`) ON DELETE CASCADE,
  CONSTRAINT `fk_qenhksilmxcynocaeupaamzjledyejlwulxm` FOREIGN KEY (`fieldId`) REFERENCES `fields` (`id`) ON DELETE CASCADE,
  CONSTRAINT `fk_rlddwfatmwuzsxvfqavklwvvubxggsjtwlki` FOREIGN KEY (`id`) REFERENCES `elements` (`id`) ON DELETE CASCADE
) ENGINE=InnoDB DEFAULT CHARSET=utf8mb3;
/*!40101 SET character_set_client = @saved_cs_client */;

--
-- Table structure for table `matrixblocks_owners`
--

DROP TABLE IF EXISTS `matrixblocks_owners`;
/*!40101 SET @saved_cs_client     = @@character_set_client */;
/*!40101 SET character_set_client = utf8 */;
CREATE TABLE `matrixblocks_owners` (
  `blockId` int NOT NULL,
  `ownerId` int NOT NULL,
  `sortOrder` smallint unsigned NOT NULL,
  PRIMARY KEY (`blockId`,`ownerId`),
  KEY `fk_zbzbbhwgqfqnvhaedewvmipixksibtpuyhpf` (`ownerId`),
  CONSTRAINT `fk_zbzbbhwgqfqnvhaedewvmipixksibtpuyhpf` FOREIGN KEY (`ownerId`) REFERENCES `elements` (`id`) ON DELETE CASCADE,
  CONSTRAINT `fk_zpnuyjmarylgxvahwinjjvsnmlpmyhjuqtvx` FOREIGN KEY (`blockId`) REFERENCES `matrixblocks` (`id`) ON DELETE CASCADE
) ENGINE=InnoDB DEFAULT CHARSET=utf8mb3;
/*!40101 SET character_set_client = @saved_cs_client */;

--
-- Table structure for table `matrixblocktypes`
--

DROP TABLE IF EXISTS `matrixblocktypes`;
/*!40101 SET @saved_cs_client     = @@character_set_client */;
/*!40101 SET character_set_client = utf8 */;
CREATE TABLE `matrixblocktypes` (
  `id` int NOT NULL AUTO_INCREMENT,
  `fieldId` int NOT NULL,
  `fieldLayoutId` int DEFAULT NULL,
  `name` varchar(255) NOT NULL,
  `handle` varchar(255) NOT NULL,
  `sortOrder` smallint unsigned DEFAULT NULL,
  `dateCreated` datetime NOT NULL,
  `dateUpdated` datetime NOT NULL,
  `uid` char(36) NOT NULL DEFAULT '0',
  PRIMARY KEY (`id`),
  KEY `idx_twmyzycmbhqqkbfrxaxynrnoahowkvfzjfgl` (`name`,`fieldId`),
  KEY `idx_gspxjgczxajljzhwzcmuplbmqgqjvzoncehf` (`handle`,`fieldId`),
  KEY `idx_rvlllzfwithiabbzgxpivyziocvbrjqkhqby` (`fieldId`),
  KEY `idx_juhhaqabcfsikudvwryudfhunmufiscjrwmp` (`fieldLayoutId`),
  CONSTRAINT `fk_brshoyeldtaoldmrfbtvctjezvtxyjiqxnxy` FOREIGN KEY (`fieldId`) REFERENCES `fields` (`id`) ON DELETE CASCADE,
  CONSTRAINT `fk_qdxejavkbzysxijyqhiciqqlspwtebtuxuut` FOREIGN KEY (`fieldLayoutId`) REFERENCES `fieldlayouts` (`id`) ON DELETE SET NULL
) ENGINE=InnoDB AUTO_INCREMENT=3 DEFAULT CHARSET=utf8mb3;
/*!40101 SET character_set_client = @saved_cs_client */;

--
-- Table structure for table `matrixcontent_hosts`
--

DROP TABLE IF EXISTS `matrixcontent_hosts`;
/*!40101 SET @saved_cs_client     = @@character_set_client */;
/*!40101 SET character_set_client = utf8 */;
CREATE TABLE `matrixcontent_hosts` (
  `id` int NOT NULL AUTO_INCREMENT,
  `elementId` int NOT NULL,
  `siteId` int NOT NULL,
  `dateCreated` datetime NOT NULL,
  `dateUpdated` datetime NOT NULL,
  `uid` char(36) NOT NULL DEFAULT '0',
  `field_host_fullName_gnpxxebm` text,
  `field_host_description_mcwztqav` text,
  PRIMARY KEY (`id`),
  UNIQUE KEY `idx_oyshszptrvtcchppiqudnxowxyeiqbtsxnmw` (`elementId`,`siteId`),
  KEY `fk_rvuxmlsqgocfdwhyfoiurydnglnxbxbxajdt` (`siteId`),
  CONSTRAINT `fk_fihnsavtunnufcmxmgdxjkdwmxsxumrnsrpr` FOREIGN KEY (`elementId`) REFERENCES `elements` (`id`) ON DELETE CASCADE,
  CONSTRAINT `fk_rvuxmlsqgocfdwhyfoiurydnglnxbxbxajdt` FOREIGN KEY (`siteId`) REFERENCES `sites` (`id`) ON DELETE CASCADE ON UPDATE CASCADE
) ENGINE=InnoDB AUTO_INCREMENT=21 DEFAULT CHARSET=utf8mb3;
/*!40101 SET character_set_client = @saved_cs_client */;

--
-- Table structure for table `matrixcontent_navlinks`
--

DROP TABLE IF EXISTS `matrixcontent_navlinks`;
/*!40101 SET @saved_cs_client     = @@character_set_client */;
/*!40101 SET character_set_client = utf8 */;
CREATE TABLE `matrixcontent_navlinks` (
  `id` int NOT NULL AUTO_INCREMENT,
  `elementId` int NOT NULL,
  `siteId` int NOT NULL,
  `dateCreated` datetime NOT NULL,
  `dateUpdated` datetime NOT NULL,
  `uid` char(36) NOT NULL DEFAULT '0',
  `field_link_linkText_jgjvjnad` text,
  PRIMARY KEY (`id`),
  UNIQUE KEY `idx_fbpvcldlhhvnkppwicdokmefymcicuepnldr` (`elementId`,`siteId`),
  KEY `fk_ydzdcdwpulxttunzhqsugaevwugsqbvwueao` (`siteId`),
  CONSTRAINT `fk_fuvukqqkogszzjdwkosidiqfwwvcbkponmqy` FOREIGN KEY (`elementId`) REFERENCES `elements` (`id`) ON DELETE CASCADE,
  CONSTRAINT `fk_ydzdcdwpulxttunzhqsugaevwugsqbvwueao` FOREIGN KEY (`siteId`) REFERENCES `sites` (`id`) ON DELETE CASCADE ON UPDATE CASCADE
) ENGINE=InnoDB AUTO_INCREMENT=3 DEFAULT CHARSET=utf8mb3;
/*!40101 SET character_set_client = @saved_cs_client */;

--
-- Table structure for table `migrations`
--

DROP TABLE IF EXISTS `migrations`;
/*!40101 SET @saved_cs_client     = @@character_set_client */;
/*!40101 SET character_set_client = utf8 */;
CREATE TABLE `migrations` (
  `id` int NOT NULL AUTO_INCREMENT,
  `track` varchar(255) NOT NULL,
  `name` varchar(255) NOT NULL,
  `applyTime` datetime NOT NULL,
  `dateCreated` datetime NOT NULL,
  `dateUpdated` datetime NOT NULL,
  `uid` char(36) NOT NULL DEFAULT '0',
  PRIMARY KEY (`id`),
  UNIQUE KEY `idx_cnmivjpmurcvcvzkyapqdnndgqppphpdvghb` (`track`,`name`)
) ENGINE=InnoDB AUTO_INCREMENT=39 DEFAULT CHARSET=utf8mb3;
/*!40101 SET character_set_client = @saved_cs_client */;

--
-- Table structure for table `plugins`
--

DROP TABLE IF EXISTS `plugins`;
/*!40101 SET @saved_cs_client     = @@character_set_client */;
/*!40101 SET character_set_client = utf8 */;
CREATE TABLE `plugins` (
  `id` int NOT NULL AUTO_INCREMENT,
  `handle` varchar(255) NOT NULL,
  `version` varchar(255) NOT NULL,
  `schemaVersion` varchar(255) NOT NULL,
  `installDate` datetime NOT NULL,
  `dateCreated` datetime NOT NULL,
  `dateUpdated` datetime NOT NULL,
  `uid` char(36) NOT NULL DEFAULT '0',
  PRIMARY KEY (`id`),
  UNIQUE KEY `idx_gzzhfswxdywedlhelixfxvfutooyyvygcgef` (`handle`)
) ENGINE=InnoDB AUTO_INCREMENT=2 DEFAULT CHARSET=utf8mb3;
/*!40101 SET character_set_client = @saved_cs_client */;

--
-- Table structure for table `projectconfig`
--

DROP TABLE IF EXISTS `projectconfig`;
/*!40101 SET @saved_cs_client     = @@character_set_client */;
/*!40101 SET character_set_client = utf8 */;
CREATE TABLE `projectconfig` (
  `path` varchar(255) NOT NULL,
  `value` text NOT NULL,
  PRIMARY KEY (`path`)
) ENGINE=InnoDB DEFAULT CHARSET=utf8mb3;
/*!40101 SET character_set_client = @saved_cs_client */;

--
-- Table structure for table `queue`
--

DROP TABLE IF EXISTS `queue`;
/*!40101 SET @saved_cs_client     = @@character_set_client */;
/*!40101 SET character_set_client = utf8 */;
CREATE TABLE `queue` (
  `id` int NOT NULL AUTO_INCREMENT,
  `channel` varchar(255) NOT NULL DEFAULT 'queue',
  `job` longblob NOT NULL,
  `description` text,
  `timePushed` int NOT NULL,
  `ttr` int NOT NULL,
  `delay` int NOT NULL DEFAULT '0',
  `priority` int unsigned NOT NULL DEFAULT '1024',
  `dateReserved` datetime DEFAULT NULL,
  `timeUpdated` int DEFAULT NULL,
  `progress` smallint NOT NULL DEFAULT '0',
  `progressLabel` varchar(255) DEFAULT NULL,
  `attempt` int DEFAULT NULL,
  `fail` tinyint(1) DEFAULT '0',
  `dateFailed` datetime DEFAULT NULL,
  `error` text,
  PRIMARY KEY (`id`),
  KEY `idx_cxpyuahtjwidmtonxigukthlbrprklncsblu` (`channel`,`fail`,`timeUpdated`,`timePushed`),
  KEY `idx_awdendydoanbggcvtavjgfuuztqkqbnhkljc` (`channel`,`fail`,`timeUpdated`,`delay`)
) ENGINE=InnoDB AUTO_INCREMENT=798 DEFAULT CHARSET=utf8mb3;
/*!40101 SET character_set_client = @saved_cs_client */;

--
-- Table structure for table `relations`
--

DROP TABLE IF EXISTS `relations`;
/*!40101 SET @saved_cs_client     = @@character_set_client */;
/*!40101 SET character_set_client = utf8 */;
CREATE TABLE `relations` (
  `id` int NOT NULL AUTO_INCREMENT,
  `fieldId` int NOT NULL,
  `sourceId` int NOT NULL,
  `sourceSiteId` int DEFAULT NULL,
  `targetId` int NOT NULL,
  `sortOrder` smallint unsigned DEFAULT NULL,
  `dateCreated` datetime NOT NULL,
  `dateUpdated` datetime NOT NULL,
  `uid` char(36) NOT NULL DEFAULT '0',
  PRIMARY KEY (`id`),
  UNIQUE KEY `idx_lnxjecdjukjriuufioyfrcbfmvodxnvjjosp` (`fieldId`,`sourceId`,`sourceSiteId`,`targetId`),
  KEY `idx_fdqagslmiizkukglfjdnvqjxzkzqrfngndwb` (`sourceId`),
  KEY `idx_zivduluxozgbfcmjmlvfnsysdfwxgfrtuljo` (`targetId`),
  KEY `idx_shlsfixjspekmncepjiycwetalwvlmpsioyu` (`sourceSiteId`),
  CONSTRAINT `fk_esifaaoddsmulcsdcqknidxwxicbtvwqemzr` FOREIGN KEY (`sourceSiteId`) REFERENCES `sites` (`id`) ON DELETE CASCADE ON UPDATE CASCADE,
  CONSTRAINT `fk_mnmbzdjviublfsfzodhoedbtreqcvhoypgjp` FOREIGN KEY (`fieldId`) REFERENCES `fields` (`id`) ON DELETE CASCADE,
  CONSTRAINT `fk_uiffbdhymhagefskwknksfktuecubnookbxx` FOREIGN KEY (`sourceId`) REFERENCES `elements` (`id`) ON DELETE CASCADE
) ENGINE=InnoDB AUTO_INCREMENT=744 DEFAULT CHARSET=utf8mb3;
/*!40101 SET character_set_client = @saved_cs_client */;

--
-- Table structure for table `resourcepaths`
--

DROP TABLE IF EXISTS `resourcepaths`;
/*!40101 SET @saved_cs_client     = @@character_set_client */;
/*!40101 SET character_set_client = utf8 */;
CREATE TABLE `resourcepaths` (
  `hash` varchar(255) NOT NULL,
  `path` varchar(255) NOT NULL,
  PRIMARY KEY (`hash`)
) ENGINE=InnoDB DEFAULT CHARSET=utf8mb3;
/*!40101 SET character_set_client = @saved_cs_client */;

--
-- Table structure for table `revisions`
--

DROP TABLE IF EXISTS `revisions`;
/*!40101 SET @saved_cs_client     = @@character_set_client */;
/*!40101 SET character_set_client = utf8 */;
CREATE TABLE `revisions` (
  `id` int NOT NULL AUTO_INCREMENT,
  `canonicalId` int NOT NULL,
  `creatorId` int DEFAULT NULL,
  `num` int NOT NULL,
  `notes` text,
  PRIMARY KEY (`id`),
  UNIQUE KEY `idx_jbesdvtulznzzutjpscynbjpydqrwivegdwt` (`canonicalId`,`num`),
  KEY `fk_vctsmticydksobcemrlgeytufljpafusnrzl` (`creatorId`),
  CONSTRAINT `fk_qoxgwqssuzxfzekukcrvodrfqrxrfwgbzobq` FOREIGN KEY (`canonicalId`) REFERENCES `elements` (`id`) ON DELETE CASCADE,
  CONSTRAINT `fk_vctsmticydksobcemrlgeytufljpafusnrzl` FOREIGN KEY (`creatorId`) REFERENCES `users` (`id`) ON DELETE SET NULL
) ENGINE=InnoDB AUTO_INCREMENT=118 DEFAULT CHARSET=utf8mb3;
/*!40101 SET character_set_client = @saved_cs_client */;

--
-- Table structure for table `searchindex`
--

DROP TABLE IF EXISTS `searchindex`;
/*!40101 SET @saved_cs_client     = @@character_set_client */;
/*!40101 SET character_set_client = utf8 */;
CREATE TABLE `searchindex` (
  `elementId` int NOT NULL,
  `attribute` varchar(25) NOT NULL,
  `fieldId` int NOT NULL,
  `siteId` int NOT NULL,
  `keywords` text NOT NULL,
  PRIMARY KEY (`elementId`,`attribute`,`fieldId`,`siteId`),
  FULLTEXT KEY `idx_pfkhnepugcbixofbcqqwtajvoyigieigbgwt` (`keywords`)
) ENGINE=InnoDB DEFAULT CHARSET=utf8mb3;
/*!40101 SET character_set_client = @saved_cs_client */;

--
-- Table structure for table `sections`
--

DROP TABLE IF EXISTS `sections`;
/*!40101 SET @saved_cs_client     = @@character_set_client */;
/*!40101 SET character_set_client = utf8 */;
CREATE TABLE `sections` (
  `id` int NOT NULL AUTO_INCREMENT,
  `structureId` int DEFAULT NULL,
  `name` varchar(255) NOT NULL,
  `handle` varchar(255) NOT NULL,
  `type` enum('single','channel','structure') NOT NULL DEFAULT 'channel',
  `enableVersioning` tinyint(1) NOT NULL DEFAULT '0',
  `propagationMethod` varchar(255) NOT NULL DEFAULT 'all',
  `defaultPlacement` enum('beginning','end') NOT NULL DEFAULT 'end',
  `previewTargets` text,
  `dateCreated` datetime NOT NULL,
  `dateUpdated` datetime NOT NULL,
  `dateDeleted` datetime DEFAULT NULL,
  `uid` char(36) NOT NULL DEFAULT '0',
  PRIMARY KEY (`id`),
  KEY `idx_qqtzqgmhtrjlxavrtbyqjivtwyelnrdwriph` (`handle`),
  KEY `idx_qsrkwwjfewkiolzqqjuyvgbbbkdgumddoaje` (`name`),
  KEY `idx_nuphwjjrkhurvgmzfjyzmeecgtjweikortib` (`structureId`),
  KEY `idx_cdndbfpwpryxjtpwyxivccbmxedzenpzbrvk` (`dateDeleted`),
  CONSTRAINT `fk_fbmfnqellmopywueysqpzejjmlpupazfqelu` FOREIGN KEY (`structureId`) REFERENCES `structures` (`id`) ON DELETE SET NULL
) ENGINE=InnoDB AUTO_INCREMENT=6 DEFAULT CHARSET=utf8mb3;
/*!40101 SET character_set_client = @saved_cs_client */;

--
-- Table structure for table `sections_sites`
--

DROP TABLE IF EXISTS `sections_sites`;
/*!40101 SET @saved_cs_client     = @@character_set_client */;
/*!40101 SET character_set_client = utf8 */;
CREATE TABLE `sections_sites` (
  `id` int NOT NULL AUTO_INCREMENT,
  `sectionId` int NOT NULL,
  `siteId` int NOT NULL,
  `hasUrls` tinyint(1) NOT NULL DEFAULT '1',
  `uriFormat` text,
  `template` varchar(500) DEFAULT NULL,
  `enabledByDefault` tinyint(1) NOT NULL DEFAULT '1',
  `dateCreated` datetime NOT NULL,
  `dateUpdated` datetime NOT NULL,
  `uid` char(36) NOT NULL DEFAULT '0',
  PRIMARY KEY (`id`),
  UNIQUE KEY `idx_exwhkvwfjybzspszrkpphycpcnkkhbdwkezz` (`sectionId`,`siteId`),
  KEY `idx_nmbqovcbwrknquhvosppulytemcoiysonzil` (`siteId`),
  CONSTRAINT `fk_lbgjbikmmvjgpsoxqzikiagzsndszwooocfd` FOREIGN KEY (`sectionId`) REFERENCES `sections` (`id`) ON DELETE CASCADE,
  CONSTRAINT `fk_rhzsacdebwkbjfihczondzfbravimmudeqsj` FOREIGN KEY (`siteId`) REFERENCES `sites` (`id`) ON DELETE CASCADE ON UPDATE CASCADE
) ENGINE=InnoDB AUTO_INCREMENT=6 DEFAULT CHARSET=utf8mb3;
/*!40101 SET character_set_client = @saved_cs_client */;

--
-- Table structure for table `sequences`
--

DROP TABLE IF EXISTS `sequences`;
/*!40101 SET @saved_cs_client     = @@character_set_client */;
/*!40101 SET character_set_client = utf8 */;
CREATE TABLE `sequences` (
  `name` varchar(255) NOT NULL,
  `next` int unsigned NOT NULL DEFAULT '1',
  PRIMARY KEY (`name`)
) ENGINE=InnoDB DEFAULT CHARSET=utf8mb3;
/*!40101 SET character_set_client = @saved_cs_client */;

--
-- Table structure for table `sessions`
--

DROP TABLE IF EXISTS `sessions`;
/*!40101 SET @saved_cs_client     = @@character_set_client */;
/*!40101 SET character_set_client = utf8 */;
CREATE TABLE `sessions` (
  `id` int NOT NULL AUTO_INCREMENT,
  `userId` int NOT NULL,
  `token` char(100) NOT NULL,
  `dateCreated` datetime NOT NULL,
  `dateUpdated` datetime NOT NULL,
  `uid` char(36) NOT NULL DEFAULT '0',
  PRIMARY KEY (`id`),
  KEY `idx_ucndqavyuawtpwctfprwrnimxavrpaaqblxw` (`uid`),
  KEY `idx_jtcjheiqgckmjtzdyieqvigluwgrokhzmieo` (`token`),
  KEY `idx_sbmhuufvxughrqcfenadpohbrwuszwykusgp` (`dateUpdated`),
  KEY `idx_ieghsbmfshvdcjhesnqbslxuqkrxxguebedp` (`userId`),
  CONSTRAINT `fk_yfjwzvbjqnzdeekdwtxluusvurypnwbshhoq` FOREIGN KEY (`userId`) REFERENCES `users` (`id`) ON DELETE CASCADE
) ENGINE=InnoDB AUTO_INCREMENT=10 DEFAULT CHARSET=utf8mb3;
/*!40101 SET character_set_client = @saved_cs_client */;

--
-- Table structure for table `shunnedmessages`
--

DROP TABLE IF EXISTS `shunnedmessages`;
/*!40101 SET @saved_cs_client     = @@character_set_client */;
/*!40101 SET character_set_client = utf8 */;
CREATE TABLE `shunnedmessages` (
  `id` int NOT NULL AUTO_INCREMENT,
  `userId` int NOT NULL,
  `message` varchar(255) NOT NULL,
  `expiryDate` datetime DEFAULT NULL,
  `dateCreated` datetime NOT NULL,
  `dateUpdated` datetime NOT NULL,
  `uid` char(36) NOT NULL DEFAULT '0',
  PRIMARY KEY (`id`),
  UNIQUE KEY `idx_ueuguqlcgscabzwjereykkrtrelhayknqifi` (`userId`,`message`),
  CONSTRAINT `fk_duefrstodqbexpoupttzolsoxvovzkrmjper` FOREIGN KEY (`userId`) REFERENCES `users` (`id`) ON DELETE CASCADE
) ENGINE=InnoDB DEFAULT CHARSET=utf8mb3;
/*!40101 SET character_set_client = @saved_cs_client */;

--
-- Table structure for table `sitegroups`
--

DROP TABLE IF EXISTS `sitegroups`;
/*!40101 SET @saved_cs_client     = @@character_set_client */;
/*!40101 SET character_set_client = utf8 */;
CREATE TABLE `sitegroups` (
  `id` int NOT NULL AUTO_INCREMENT,
  `name` varchar(255) NOT NULL,
  `dateCreated` datetime NOT NULL,
  `dateUpdated` datetime NOT NULL,
  `dateDeleted` datetime DEFAULT NULL,
  `uid` char(36) NOT NULL DEFAULT '0',
  PRIMARY KEY (`id`),
  KEY `idx_yxnlugsetfkuyluctyjqkizmqlvnrajgaqiw` (`name`)
) ENGINE=InnoDB AUTO_INCREMENT=2 DEFAULT CHARSET=utf8mb3;
/*!40101 SET character_set_client = @saved_cs_client */;

--
-- Table structure for table `sites`
--

DROP TABLE IF EXISTS `sites`;
/*!40101 SET @saved_cs_client     = @@character_set_client */;
/*!40101 SET character_set_client = utf8 */;
CREATE TABLE `sites` (
  `id` int NOT NULL AUTO_INCREMENT,
  `groupId` int NOT NULL,
  `primary` tinyint(1) NOT NULL,
  `enabled` varchar(255) NOT NULL DEFAULT 'true',
  `name` varchar(255) NOT NULL,
  `handle` varchar(255) NOT NULL,
  `language` varchar(12) NOT NULL,
  `hasUrls` tinyint(1) NOT NULL DEFAULT '0',
  `baseUrl` varchar(255) DEFAULT NULL,
  `sortOrder` smallint unsigned DEFAULT NULL,
  `dateCreated` datetime NOT NULL,
  `dateUpdated` datetime NOT NULL,
  `dateDeleted` datetime DEFAULT NULL,
  `uid` char(36) NOT NULL DEFAULT '0',
  PRIMARY KEY (`id`),
  KEY `idx_ckehqqheguuvsekxrcdcnaxlzpfmmslcmzxa` (`dateDeleted`),
  KEY `idx_lbgzubdyrcodkqpbumwnfiqfwjjyeaywqwjj` (`handle`),
  KEY `idx_zlcoibwedrhfbgvmwukeeltathpnqjscxwty` (`sortOrder`),
  KEY `fk_nirbecewwpypokwadzkrqkacypgqpguhlhcn` (`groupId`),
  CONSTRAINT `fk_nirbecewwpypokwadzkrqkacypgqpguhlhcn` FOREIGN KEY (`groupId`) REFERENCES `sitegroups` (`id`) ON DELETE CASCADE
) ENGINE=InnoDB AUTO_INCREMENT=2 DEFAULT CHARSET=utf8mb3;
/*!40101 SET character_set_client = @saved_cs_client */;

--
-- Table structure for table `structureelements`
--

DROP TABLE IF EXISTS `structureelements`;
/*!40101 SET @saved_cs_client     = @@character_set_client */;
/*!40101 SET character_set_client = utf8 */;
CREATE TABLE `structureelements` (
  `id` int NOT NULL AUTO_INCREMENT,
  `structureId` int NOT NULL,
  `elementId` int DEFAULT NULL,
  `root` int unsigned DEFAULT NULL,
  `lft` int unsigned NOT NULL,
  `rgt` int unsigned NOT NULL,
  `level` smallint unsigned NOT NULL,
  `dateCreated` datetime NOT NULL,
  `dateUpdated` datetime NOT NULL,
  `uid` char(36) NOT NULL DEFAULT '0',
  PRIMARY KEY (`id`),
  UNIQUE KEY `idx_bibrgdchrhjtpwtstmjiiqhenqkkwcxqatdm` (`structureId`,`elementId`),
  KEY `idx_wfquefjasklxvwxmawlynjcipfcienxfpgws` (`root`),
  KEY `idx_qezuilvzlqwqletgxvwafqjteeimugovkika` (`lft`),
  KEY `idx_yxnnzttnnudypngociugcawktksfptfxgiol` (`rgt`),
  KEY `idx_nhooqgxfuyfixjqzueljeismxxucpfhwdtgz` (`level`),
  KEY `idx_fogtekqzjzfgskxoeuosjlcbgpvarvpxldij` (`elementId`),
  CONSTRAINT `fk_vokkqxkdsedfrtnetskyjtyaqjlfcbimjiwg` FOREIGN KEY (`structureId`) REFERENCES `structures` (`id`) ON DELETE CASCADE
) ENGINE=InnoDB DEFAULT CHARSET=utf8mb3;
/*!40101 SET character_set_client = @saved_cs_client */;

--
-- Table structure for table `structures`
--

DROP TABLE IF EXISTS `structures`;
/*!40101 SET @saved_cs_client     = @@character_set_client */;
/*!40101 SET character_set_client = utf8 */;
CREATE TABLE `structures` (
  `id` int NOT NULL AUTO_INCREMENT,
  `maxLevels` smallint unsigned DEFAULT NULL,
  `dateCreated` datetime NOT NULL,
  `dateUpdated` datetime NOT NULL,
  `dateDeleted` datetime DEFAULT NULL,
  `uid` char(36) NOT NULL DEFAULT '0',
  PRIMARY KEY (`id`),
  KEY `idx_uwfsscxqgdwobumfzwpmmoigarbpwvsdckiw` (`dateDeleted`)
) ENGINE=InnoDB DEFAULT CHARSET=utf8mb3;
/*!40101 SET character_set_client = @saved_cs_client */;

--
-- Table structure for table `systemmessages`
--

DROP TABLE IF EXISTS `systemmessages`;
/*!40101 SET @saved_cs_client     = @@character_set_client */;
/*!40101 SET character_set_client = utf8 */;
CREATE TABLE `systemmessages` (
  `id` int NOT NULL AUTO_INCREMENT,
  `language` varchar(255) NOT NULL,
  `key` varchar(255) NOT NULL,
  `subject` text NOT NULL,
  `body` text NOT NULL,
  `dateCreated` datetime NOT NULL,
  `dateUpdated` datetime NOT NULL,
  `uid` char(36) NOT NULL DEFAULT '0',
  PRIMARY KEY (`id`),
  UNIQUE KEY `idx_lbkdophieqnricnlbeblogdijcihyuitifvg` (`key`,`language`),
  KEY `idx_isgzcoggawikskwwdtduimqmogytpfosvphq` (`language`)
) ENGINE=InnoDB DEFAULT CHARSET=utf8mb3;
/*!40101 SET character_set_client = @saved_cs_client */;

--
-- Table structure for table `taggroups`
--

DROP TABLE IF EXISTS `taggroups`;
/*!40101 SET @saved_cs_client     = @@character_set_client */;
/*!40101 SET character_set_client = utf8 */;
CREATE TABLE `taggroups` (
  `id` int NOT NULL AUTO_INCREMENT,
  `name` varchar(255) NOT NULL,
  `handle` varchar(255) NOT NULL,
  `fieldLayoutId` int DEFAULT NULL,
  `dateCreated` datetime NOT NULL,
  `dateUpdated` datetime NOT NULL,
  `dateDeleted` datetime DEFAULT NULL,
  `uid` char(36) NOT NULL DEFAULT '0',
  PRIMARY KEY (`id`),
  KEY `idx_nkftasozcpcpqhmewplggyeyftzrxznvppgg` (`name`),
  KEY `idx_thrzwgdzhxawaqkofmnkmjgagmwrphctgquk` (`handle`),
  KEY `idx_jshyvcemvgqyepbhlcgaqneqokzhgqkinhki` (`dateDeleted`),
  KEY `fk_rhxfbmuepwllinphrfjzszggxxrivamgivnb` (`fieldLayoutId`),
  CONSTRAINT `fk_rhxfbmuepwllinphrfjzszggxxrivamgivnb` FOREIGN KEY (`fieldLayoutId`) REFERENCES `fieldlayouts` (`id`) ON DELETE SET NULL
) ENGINE=InnoDB DEFAULT CHARSET=utf8mb3;
/*!40101 SET character_set_client = @saved_cs_client */;

--
-- Table structure for table `tags`
--

DROP TABLE IF EXISTS `tags`;
/*!40101 SET @saved_cs_client     = @@character_set_client */;
/*!40101 SET character_set_client = utf8 */;
CREATE TABLE `tags` (
  `id` int NOT NULL,
  `groupId` int NOT NULL,
  `deletedWithGroup` tinyint(1) DEFAULT NULL,
  `dateCreated` datetime NOT NULL,
  `dateUpdated` datetime NOT NULL,
  PRIMARY KEY (`id`),
  KEY `idx_bmhimhuvqroewfukfiwflftesaqkmsickfyb` (`groupId`),
  CONSTRAINT `fk_ozlspcjyqoxyirontkrwssyanormvmndajbz` FOREIGN KEY (`id`) REFERENCES `elements` (`id`) ON DELETE CASCADE,
  CONSTRAINT `fk_wzwsspgklynpzynhrszliqsifprkzhkbvyuz` FOREIGN KEY (`groupId`) REFERENCES `taggroups` (`id`) ON DELETE CASCADE
) ENGINE=InnoDB DEFAULT CHARSET=utf8mb3;
/*!40101 SET character_set_client = @saved_cs_client */;

--
-- Table structure for table `tokens`
--

DROP TABLE IF EXISTS `tokens`;
/*!40101 SET @saved_cs_client     = @@character_set_client */;
/*!40101 SET character_set_client = utf8 */;
CREATE TABLE `tokens` (
  `id` int NOT NULL AUTO_INCREMENT,
  `token` char(32) NOT NULL,
  `route` text,
  `usageLimit` tinyint unsigned DEFAULT NULL,
  `usageCount` tinyint unsigned DEFAULT NULL,
  `expiryDate` datetime NOT NULL,
  `dateCreated` datetime NOT NULL,
  `dateUpdated` datetime NOT NULL,
  `uid` char(36) NOT NULL DEFAULT '0',
  PRIMARY KEY (`id`),
  UNIQUE KEY `idx_vvwzhctsekpwavsgsjqblgwoqypqxgalqcmi` (`token`),
  KEY `idx_vpoedtakaddftkmnqlffczvjktcyohbeebvk` (`expiryDate`)
) ENGINE=InnoDB DEFAULT CHARSET=utf8mb3;
/*!40101 SET character_set_client = @saved_cs_client */;

--
-- Table structure for table `usergroups`
--

DROP TABLE IF EXISTS `usergroups`;
/*!40101 SET @saved_cs_client     = @@character_set_client */;
/*!40101 SET character_set_client = utf8 */;
CREATE TABLE `usergroups` (
  `id` int NOT NULL AUTO_INCREMENT,
  `name` varchar(255) NOT NULL,
  `handle` varchar(255) NOT NULL,
  `description` text,
  `dateCreated` datetime NOT NULL,
  `dateUpdated` datetime NOT NULL,
  `uid` char(36) NOT NULL DEFAULT '0',
  PRIMARY KEY (`id`),
  KEY `idx_zecmsvhfjidjfevdavtunppfvrjbuttznsrp` (`handle`),
  KEY `idx_hxpwnnhjonkddznndfhtxesvdnmektdlqsxh` (`name`)
) ENGINE=InnoDB DEFAULT CHARSET=utf8mb3;
/*!40101 SET character_set_client = @saved_cs_client */;

--
-- Table structure for table `usergroups_users`
--

DROP TABLE IF EXISTS `usergroups_users`;
/*!40101 SET @saved_cs_client     = @@character_set_client */;
/*!40101 SET character_set_client = utf8 */;
CREATE TABLE `usergroups_users` (
  `id` int NOT NULL AUTO_INCREMENT,
  `groupId` int NOT NULL,
  `userId` int NOT NULL,
  `dateCreated` datetime NOT NULL,
  `dateUpdated` datetime NOT NULL,
  `uid` char(36) NOT NULL DEFAULT '0',
  PRIMARY KEY (`id`),
  UNIQUE KEY `idx_jftcinxcgyoydabjayrxkqmclkjyndihswxf` (`groupId`,`userId`),
  KEY `idx_mhfkpbguqcuerownfpqsjghpwoskpalfqzau` (`userId`),
  CONSTRAINT `fk_vwcvglnjgvgsgsvchqfjggddfpfcgnyynmhl` FOREIGN KEY (`groupId`) REFERENCES `usergroups` (`id`) ON DELETE CASCADE,
  CONSTRAINT `fk_yhdohcaxgwnbnwijendqgwukuvgfowrrceyn` FOREIGN KEY (`userId`) REFERENCES `users` (`id`) ON DELETE CASCADE
) ENGINE=InnoDB DEFAULT CHARSET=utf8mb3;
/*!40101 SET character_set_client = @saved_cs_client */;

--
-- Table structure for table `userpermissions`
--

DROP TABLE IF EXISTS `userpermissions`;
/*!40101 SET @saved_cs_client     = @@character_set_client */;
/*!40101 SET character_set_client = utf8 */;
CREATE TABLE `userpermissions` (
  `id` int NOT NULL AUTO_INCREMENT,
  `name` varchar(255) NOT NULL,
  `dateCreated` datetime NOT NULL,
  `dateUpdated` datetime NOT NULL,
  `uid` char(36) NOT NULL DEFAULT '0',
  PRIMARY KEY (`id`),
  UNIQUE KEY `idx_ctagyfrhiqmhqyrxkmyfgbwvrjmalxppeyfj` (`name`)
) ENGINE=InnoDB DEFAULT CHARSET=utf8mb3;
/*!40101 SET character_set_client = @saved_cs_client */;

--
-- Table structure for table `userpermissions_usergroups`
--

DROP TABLE IF EXISTS `userpermissions_usergroups`;
/*!40101 SET @saved_cs_client     = @@character_set_client */;
/*!40101 SET character_set_client = utf8 */;
CREATE TABLE `userpermissions_usergroups` (
  `id` int NOT NULL AUTO_INCREMENT,
  `permissionId` int NOT NULL,
  `groupId` int NOT NULL,
  `dateCreated` datetime NOT NULL,
  `dateUpdated` datetime NOT NULL,
  `uid` char(36) NOT NULL DEFAULT '0',
  PRIMARY KEY (`id`),
  UNIQUE KEY `idx_nvsgnulzripfbqnyubgsvxyhgxowrbwrknxq` (`permissionId`,`groupId`),
  KEY `idx_bjmhhlaxxtynbcqstfdxsisnsokwtxbinyeb` (`groupId`),
  CONSTRAINT `fk_pcctlsdnsqwxrmvaykhsogdagurkbqmactdy` FOREIGN KEY (`permissionId`) REFERENCES `userpermissions` (`id`) ON DELETE CASCADE,
  CONSTRAINT `fk_xgqhszolzzjduybbkxkrnezzvdmyoiocdfzo` FOREIGN KEY (`groupId`) REFERENCES `usergroups` (`id`) ON DELETE CASCADE
) ENGINE=InnoDB DEFAULT CHARSET=utf8mb3;
/*!40101 SET character_set_client = @saved_cs_client */;

--
-- Table structure for table `userpermissions_users`
--

DROP TABLE IF EXISTS `userpermissions_users`;
/*!40101 SET @saved_cs_client     = @@character_set_client */;
/*!40101 SET character_set_client = utf8 */;
CREATE TABLE `userpermissions_users` (
  `id` int NOT NULL AUTO_INCREMENT,
  `permissionId` int NOT NULL,
  `userId` int NOT NULL,
  `dateCreated` datetime NOT NULL,
  `dateUpdated` datetime NOT NULL,
  `uid` char(36) NOT NULL DEFAULT '0',
  PRIMARY KEY (`id`),
  UNIQUE KEY `idx_nlfprqtfxllidaaswiqustipuhxgnxhpkyon` (`permissionId`,`userId`),
  KEY `idx_fantzezwdqupemjpxvacjwgstjlsiskiflac` (`userId`),
  CONSTRAINT `fk_gmovmffaoacfhpeovgkfatkopxipqkhpcoyy` FOREIGN KEY (`userId`) REFERENCES `users` (`id`) ON DELETE CASCADE,
  CONSTRAINT `fk_oruynyyywaapkwsstzwpgpkmduyozownkgao` FOREIGN KEY (`permissionId`) REFERENCES `userpermissions` (`id`) ON DELETE CASCADE
) ENGINE=InnoDB DEFAULT CHARSET=utf8mb3;
/*!40101 SET character_set_client = @saved_cs_client */;

--
-- Table structure for table `userpreferences`
--

DROP TABLE IF EXISTS `userpreferences`;
/*!40101 SET @saved_cs_client     = @@character_set_client */;
/*!40101 SET character_set_client = utf8 */;
CREATE TABLE `userpreferences` (
  `userId` int NOT NULL AUTO_INCREMENT,
  `preferences` text,
  PRIMARY KEY (`userId`),
  CONSTRAINT `fk_rckmckwgjydgmrmllhlcvitizwvbxaqmewzb` FOREIGN KEY (`userId`) REFERENCES `users` (`id`) ON DELETE CASCADE
) ENGINE=InnoDB AUTO_INCREMENT=2 DEFAULT CHARSET=utf8mb3;
/*!40101 SET character_set_client = @saved_cs_client */;

--
-- Table structure for table `users`
--

DROP TABLE IF EXISTS `users`;
/*!40101 SET @saved_cs_client     = @@character_set_client */;
/*!40101 SET character_set_client = utf8 */;
CREATE TABLE `users` (
  `id` int NOT NULL,
  `photoId` int DEFAULT NULL,
  `active` tinyint(1) NOT NULL DEFAULT '0',
  `pending` tinyint(1) NOT NULL DEFAULT '0',
  `locked` tinyint(1) NOT NULL DEFAULT '0',
  `suspended` tinyint(1) NOT NULL DEFAULT '0',
  `admin` tinyint(1) NOT NULL DEFAULT '0',
  `username` varchar(255) DEFAULT NULL,
  `fullName` varchar(255) DEFAULT NULL,
  `firstName` varchar(255) DEFAULT NULL,
  `lastName` varchar(255) DEFAULT NULL,
  `email` varchar(255) DEFAULT NULL,
  `password` varchar(255) DEFAULT NULL,
  `lastLoginDate` datetime DEFAULT NULL,
  `lastLoginAttemptIp` varchar(45) DEFAULT NULL,
  `invalidLoginWindowStart` datetime DEFAULT NULL,
  `invalidLoginCount` tinyint unsigned DEFAULT NULL,
  `lastInvalidLoginDate` datetime DEFAULT NULL,
  `lockoutDate` datetime DEFAULT NULL,
  `hasDashboard` tinyint(1) NOT NULL DEFAULT '0',
  `verificationCode` varchar(255) DEFAULT NULL,
  `verificationCodeIssuedDate` datetime DEFAULT NULL,
  `unverifiedEmail` varchar(255) DEFAULT NULL,
  `passwordResetRequired` tinyint(1) NOT NULL DEFAULT '0',
  `lastPasswordChangeDate` datetime DEFAULT NULL,
  `dateCreated` datetime NOT NULL,
  `dateUpdated` datetime NOT NULL,
  PRIMARY KEY (`id`),
  KEY `idx_hplyywijkbegpnnkbivgeqlvjqtmmqpodhss` (`active`),
  KEY `idx_kdtagelpuovrugdmdtuzauvbvvdjitokgege` (`locked`),
  KEY `idx_kerdtpkxwkblzumaxotghtgnsxlsokkipaza` (`pending`),
  KEY `idx_hagzemgpdrstyhxwuyhmvohmxzimdrahowrj` (`suspended`),
  KEY `idx_xabcylbbconkvygqefdsasewhatgeyyajepl` (`verificationCode`),
  KEY `idx_vsejzmsshtvafscgnygzycruerngfkunntnj` (`email`),
  KEY `idx_kxuxaymjaocnczhcprsdcywskhawhkpqsrfk` (`username`),
  KEY `fk_cskflmlrbmqglarfyddptgknuqslagyzqcuy` (`photoId`),
  CONSTRAINT `fk_cskflmlrbmqglarfyddptgknuqslagyzqcuy` FOREIGN KEY (`photoId`) REFERENCES `assets` (`id`) ON DELETE SET NULL,
  CONSTRAINT `fk_ijmkjybspwbohkhjqyyetsgyzuhmwonkfdhr` FOREIGN KEY (`id`) REFERENCES `elements` (`id`) ON DELETE CASCADE
) ENGINE=InnoDB DEFAULT CHARSET=utf8mb3;
/*!40101 SET character_set_client = @saved_cs_client */;

--
-- Table structure for table `volumefolders`
--

DROP TABLE IF EXISTS `volumefolders`;
/*!40101 SET @saved_cs_client     = @@character_set_client */;
/*!40101 SET character_set_client = utf8 */;
CREATE TABLE `volumefolders` (
  `id` int NOT NULL AUTO_INCREMENT,
  `parentId` int DEFAULT NULL,
  `volumeId` int DEFAULT NULL,
  `name` varchar(255) NOT NULL,
  `path` varchar(255) DEFAULT NULL,
  `dateCreated` datetime NOT NULL,
  `dateUpdated` datetime NOT NULL,
  `uid` char(36) NOT NULL DEFAULT '0',
  PRIMARY KEY (`id`),
  UNIQUE KEY `idx_vdvasfzpyuazivissupvvmbinemilangcboa` (`name`,`parentId`,`volumeId`),
  KEY `idx_yffrauhuaotjuajgrhopdvaqndkmihdmgwlk` (`parentId`),
  KEY `idx_ksxoftnzsomlvedwnlqjpmzswbufawrajcud` (`volumeId`),
  CONSTRAINT `fk_hbojfjyvihnhdzpsnhqecgqohfmndpzyafgd` FOREIGN KEY (`volumeId`) REFERENCES `volumes` (`id`) ON DELETE CASCADE,
  CONSTRAINT `fk_sdzxazheblcsboonjhelhxbaeplekdnkcejh` FOREIGN KEY (`parentId`) REFERENCES `volumefolders` (`id`) ON DELETE CASCADE
) ENGINE=InnoDB AUTO_INCREMENT=4 DEFAULT CHARSET=utf8mb3;
/*!40101 SET character_set_client = @saved_cs_client */;

--
-- Table structure for table `volumes`
--

DROP TABLE IF EXISTS `volumes`;
/*!40101 SET @saved_cs_client     = @@character_set_client */;
/*!40101 SET character_set_client = utf8 */;
CREATE TABLE `volumes` (
  `id` int NOT NULL AUTO_INCREMENT,
  `fieldLayoutId` int DEFAULT NULL,
  `name` varchar(255) NOT NULL,
  `handle` varchar(255) NOT NULL,
  `fs` varchar(255) NOT NULL,
  `transformFs` varchar(255) DEFAULT NULL,
  `transformSubpath` varchar(255) DEFAULT NULL,
  `titleTranslationMethod` varchar(255) NOT NULL DEFAULT 'site',
  `titleTranslationKeyFormat` text,
  `sortOrder` smallint unsigned DEFAULT NULL,
  `dateCreated` datetime NOT NULL,
  `dateUpdated` datetime NOT NULL,
  `dateDeleted` datetime DEFAULT NULL,
  `uid` char(36) NOT NULL DEFAULT '0',
  PRIMARY KEY (`id`),
  KEY `idx_vtidlhgwtegjyzuneoxacjnjkfkyzaprxunk` (`name`),
  KEY `idx_oastcwrkjcuywsqnjbtytletvzovfodyuiuy` (`handle`),
  KEY `idx_iwvstzlaruvawowmoohhkgkirgsikjdddmqp` (`fieldLayoutId`),
  KEY `idx_beybgytjrhnowzvmpbtayloesuhyrkpgdxqr` (`dateDeleted`),
  CONSTRAINT `fk_fcawpalinaccmcxksobdzrdjbbtsgvxoqers` FOREIGN KEY (`fieldLayoutId`) REFERENCES `fieldlayouts` (`id`) ON DELETE SET NULL
) ENGINE=InnoDB AUTO_INCREMENT=2 DEFAULT CHARSET=utf8mb3;
/*!40101 SET character_set_client = @saved_cs_client */;

--
-- Table structure for table `widgets`
--

DROP TABLE IF EXISTS `widgets`;
/*!40101 SET @saved_cs_client     = @@character_set_client */;
/*!40101 SET character_set_client = utf8 */;
CREATE TABLE `widgets` (
  `id` int NOT NULL AUTO_INCREMENT,
  `userId` int NOT NULL,
  `type` varchar(255) NOT NULL,
  `sortOrder` smallint unsigned DEFAULT NULL,
  `colspan` tinyint DEFAULT NULL,
  `settings` text,
  `enabled` tinyint(1) NOT NULL DEFAULT '1',
  `dateCreated` datetime NOT NULL,
  `dateUpdated` datetime NOT NULL,
  `uid` char(36) NOT NULL DEFAULT '0',
  PRIMARY KEY (`id`),
  KEY `idx_kykbgysteoejezzxrwswhfvzlutrjfbevhsd` (`userId`),
  CONSTRAINT `fk_ipggqnipivnuhafagshfiuydrcvtujsaievf` FOREIGN KEY (`userId`) REFERENCES `users` (`id`) ON DELETE CASCADE
) ENGINE=InnoDB AUTO_INCREMENT=5 DEFAULT CHARSET=utf8mb3;
/*!40101 SET character_set_client = @saved_cs_client */;

--
-- Dumping routines for database 'db'
--
/*!40103 SET TIME_ZONE=@OLD_TIME_ZONE */;

/*!40101 SET SQL_MODE=@OLD_SQL_MODE */;
/*!40014 SET FOREIGN_KEY_CHECKS=@OLD_FOREIGN_KEY_CHECKS */;
/*!40014 SET UNIQUE_CHECKS=@OLD_UNIQUE_CHECKS */;
/*!40101 SET CHARACTER_SET_CLIENT=@OLD_CHARACTER_SET_CLIENT */;
/*!40101 SET CHARACTER_SET_RESULTS=@OLD_CHARACTER_SET_RESULTS */;
/*!40101 SET COLLATION_CONNECTION=@OLD_COLLATION_CONNECTION */;
/*!40111 SET SQL_NOTES=@OLD_SQL_NOTES */;

-- Dump completed on 2023-12-02 23:36:22
-- MariaDB dump 10.19  Distrib 10.5.21-MariaDB, for debian-linux-gnu (aarch64)
--
-- Host: db    Database: db
-- ------------------------------------------------------
-- Server version	8.0.33-0ubuntu0.20.04.2

/*!40101 SET @OLD_CHARACTER_SET_CLIENT=@@CHARACTER_SET_CLIENT */;
/*!40101 SET @OLD_CHARACTER_SET_RESULTS=@@CHARACTER_SET_RESULTS */;
/*!40101 SET @OLD_COLLATION_CONNECTION=@@COLLATION_CONNECTION */;
/*!40101 SET NAMES utf8 */;
/*!40103 SET @OLD_TIME_ZONE=@@TIME_ZONE */;
/*!40103 SET TIME_ZONE='+00:00' */;
/*!40014 SET @OLD_FOREIGN_KEY_CHECKS=@@FOREIGN_KEY_CHECKS, FOREIGN_KEY_CHECKS=0 */;
/*!40101 SET @OLD_SQL_MODE=@@SQL_MODE, SQL_MODE='NO_AUTO_VALUE_ON_ZERO' */;
/*!40111 SET @OLD_SQL_NOTES=@@SQL_NOTES, SQL_NOTES=0 */;

--
-- Dumping data for table `addresses`
--

LOCK TABLES `addresses` WRITE;
/*!40000 ALTER TABLE `addresses` DISABLE KEYS */;
set autocommit=0;
/*!40000 ALTER TABLE `addresses` ENABLE KEYS */;
UNLOCK TABLES;
commit;

--
-- Dumping data for table `announcements`
--

LOCK TABLES `announcements` WRITE;
/*!40000 ALTER TABLE `announcements` DISABLE KEYS */;
set autocommit=0;
/*!40000 ALTER TABLE `announcements` ENABLE KEYS */;
UNLOCK TABLES;
commit;

--
-- Dumping data for table `assetindexingsessions`
--

LOCK TABLES `assetindexingsessions` WRITE;
/*!40000 ALTER TABLE `assetindexingsessions` DISABLE KEYS */;
set autocommit=0;
/*!40000 ALTER TABLE `assetindexingsessions` ENABLE KEYS */;
UNLOCK TABLES;
commit;

--
-- Dumping data for table `assets`
--

LOCK TABLES `assets` WRITE;
/*!40000 ALTER TABLE `assets` DISABLE KEYS */;
set autocommit=0;
INSERT INTO `assets` VALUES (8,1,1,1,'sunflower.jpg','image',NULL,1565,1074,148705,NULL,NULL,NULL,'2023-11-30 16:45:43','2023-11-30 16:45:43','2023-11-30 16:45:43'),(11,1,1,1,'Mood-shot-of-the-House-and-general-Complex-small.jpg','image',NULL,886,591,125488,NULL,NULL,NULL,'2023-11-30 16:49:25','2023-11-30 16:49:25','2023-11-30 16:49:25'),(31,1,1,1,'WhatsApp-Image-2023-11-30-at-18.53.19.jpeg','image',NULL,768,1024,66648,NULL,NULL,NULL,'2023-11-30 18:53:59','2023-11-30 18:53:59','2023-11-30 18:53:59'),(36,1,1,1,'WhatsApp-Image-2023-11-30-at-19.02.06.jpeg','image',NULL,1024,768,129592,NULL,NULL,NULL,'2023-11-30 19:05:38','2023-11-30 19:05:38','2023-11-30 19:05:38'),(47,1,1,1,'Jasmine-Outdoor-Area-1_small.jpg','image',NULL,886,589,136890,NULL,NULL,NULL,'2023-11-30 23:34:26','2023-11-30 23:33:47','2023-11-30 23:34:26'),(48,1,1,1,'Gte-1-Jasmine-wc.JPG','image',NULL,4263,3265,2972649,NULL,NULL,NULL,'2023-11-30 23:34:16','2023-11-30 23:34:16','2023-11-30 23:34:16'),(49,1,1,1,'Gte-1-Jasmine-chambre-double.JPG','image',NULL,4535,3456,2784725,NULL,NULL,NULL,'2023-11-30 23:34:17','2023-11-30 23:34:17','2023-11-30 23:34:17'),(50,1,1,1,'Gte-1-Jasmine-Cuisine.JPG','image',NULL,4608,3456,4238705,NULL,NULL,NULL,'2023-11-30 23:34:18','2023-11-30 23:34:18','2023-11-30 23:34:18'),(51,1,1,1,'Gte-1Jasmine-shower.JPG','image',NULL,3165,3456,1984520,NULL,NULL,NULL,'2023-11-30 23:34:19','2023-11-30 23:34:19','2023-11-30 23:34:19'),(52,1,1,1,'Jasmine-dining-area-1.jpg','image',NULL,384,288,19512,NULL,NULL,NULL,'2023-11-30 23:34:19','2023-11-30 23:34:19','2023-11-30 23:34:19'),(53,1,1,1,'Jasmine-downstairs.jpg','image',NULL,400,300,47879,NULL,NULL,NULL,'2023-11-30 23:34:19','2023-11-30 23:34:19','2023-11-30 23:34:19'),(54,1,1,1,'Jasmine-interior-1.jpg','image',NULL,512,384,41027,NULL,NULL,NULL,'2023-11-30 23:34:19','2023-11-30 23:34:19','2023-11-30 23:34:19'),(55,1,1,1,'Jasmine-Outdoor-Area-1_small_2023-11-30-233419_pgfi.jpg','image',NULL,886,589,136902,NULL,0,0,'2023-11-30 23:34:19','2023-11-30 23:34:19','2023-11-30 23:34:19'),(56,1,1,1,'Jasmine-pool-with-inflatables.jpg','image',NULL,400,300,43774,NULL,NULL,NULL,'2023-11-30 23:34:19','2023-11-30 23:34:19','2023-11-30 23:34:19'),(57,1,1,1,'Jasmine-Pool-small.JPG','image',NULL,443,295,35479,NULL,NULL,NULL,'2023-11-30 23:34:20','2023-11-30 23:34:20','2023-11-30 23:34:20'),(60,1,1,1,'POOLANDPERGOLA.jpg','image',NULL,240,320,19843,NULL,NULL,NULL,'2023-11-30 23:36:37','2023-11-30 23:36:37','2023-11-30 23:36:37'),(61,1,1,1,'poolpicmini.jpg','image',NULL,202,304,15940,NULL,NULL,NULL,'2023-11-30 23:36:37','2023-11-30 23:36:37','2023-11-30 23:36:37'),(62,1,1,1,'Sunrise_and_pool.jpg','image',NULL,384,288,18455,NULL,NULL,NULL,'2023-11-30 23:36:37','2023-11-30 23:36:37','2023-11-30 23:36:37'),(63,1,1,1,'Sunset-double.JPG','image',NULL,4608,3456,2851987,NULL,NULL,NULL,'2023-11-30 23:36:40','2023-11-30 23:36:40','2023-11-30 23:36:42'),(64,1,1,1,'Sunset-getting-prepared.JPG','image',NULL,4000,3000,3927108,NULL,NULL,NULL,'2023-11-30 23:36:44','2023-11-30 23:36:44','2023-11-30 23:36:44'),(65,1,1,1,'Sunset-patio-from-bbq.JPG','image',NULL,3359,2998,3036803,NULL,NULL,NULL,'2023-11-30 23:36:45','2023-11-30 23:36:45','2023-11-30 23:36:46'),(66,1,1,1,'Sunset-pool-blue-sky.JPG','image',NULL,3303,2907,1901695,NULL,NULL,NULL,'2023-11-30 23:36:47','2023-11-30 23:36:47','2023-11-30 23:36:47'),(67,1,1,1,'Sunset-to-kitchen.JPG','image',NULL,3902,3088,2215112,NULL,NULL,NULL,'2023-11-30 23:36:48','2023-11-30 23:36:48','2023-11-30 23:36:49'),(68,1,1,1,'Sunset-to-tv.JPG','image',NULL,3835,2397,1544437,NULL,NULL,NULL,'2023-11-30 23:36:50','2023-11-30 23:36:50','2023-11-30 23:36:50'),(69,1,1,1,'Sunset-twin.JPG','image',NULL,4608,3456,3929727,NULL,NULL,NULL,'2023-11-30 23:36:51','2023-11-30 23:36:51','2023-11-30 23:36:51'),(70,1,1,1,'Sunset-wc-etc.JPG','image',NULL,4608,3028,2375608,NULL,NULL,NULL,'2023-11-30 23:36:52','2023-11-30 23:36:52','2023-11-30 23:36:53'),(71,1,1,1,'sunsetcourtyard.jpg','image',NULL,640,480,17426,NULL,NULL,NULL,'2023-11-30 23:36:53','2023-11-30 23:36:53','2023-11-30 23:36:53'),(72,1,1,1,'sunsetpool1.1.jpg','image',NULL,504,760,87884,NULL,NULL,NULL,'2023-11-30 23:36:54','2023-11-30 23:36:54','2023-11-30 23:36:54'),(127,1,1,1,'Jasmine-Pool-small_2023-12-01-090325_vnvx.JPG','image',NULL,443,295,35479,NULL,NULL,NULL,'2023-12-01 09:03:25','2023-12-01 09:03:25','2023-12-01 09:03:25'),(147,1,1,1,'lesribpanoramic1.1_small.jpg','image',NULL,1562,485,183629,NULL,NULL,NULL,'2023-12-01 13:47:00','2023-12-01 13:47:00','2023-12-01 13:47:00'),(150,1,1,1,'Lunch-at-Jasmine.jpg','image',NULL,517,336,49005,NULL,NULL,NULL,'2023-12-01 13:50:12','2023-12-01 13:50:11','2023-12-01 13:50:12'),(151,1,1,1,'Mood-shot-of-the-House-and-general-Complex-small_2023-12-01-135012_ubnr.jpg','image',NULL,886,591,125488,NULL,NULL,NULL,'2023-12-01 13:50:12','2023-12-01 13:50:12','2023-12-01 13:50:12'),(152,1,1,1,'Play-Area-small.jpg','image',NULL,886,591,149492,NULL,NULL,NULL,'2023-12-01 13:50:12','2023-12-01 13:50:12','2023-12-01 13:50:12'),(154,1,1,1,'Sunset-pool-blue-sky_2023-12-01-135014_hxmi.JPG','image',NULL,3303,2907,1901695,NULL,NULL,NULL,'2023-12-01 13:50:14','2023-12-01 13:50:14','2023-12-01 13:50:14'),(155,1,1,1,'Swings-and-things.JPG','image',NULL,4000,3000,3957211,NULL,NULL,NULL,'2023-12-01 13:50:15','2023-12-01 13:50:15','2023-12-01 13:50:15'),(220,1,1,1,'StJeanCathedral.jpeg','image',NULL,1280,1024,488565,NULL,NULL,NULL,'2023-12-01 15:26:06','2023-12-01 15:26:06','2023-12-01 15:26:06');
/*!40000 ALTER TABLE `assets` ENABLE KEYS */;
UNLOCK TABLES;
commit;

--
-- Dumping data for table `categories`
--

LOCK TABLES `categories` WRITE;
/*!40000 ALTER TABLE `categories` DISABLE KEYS */;
set autocommit=0;
/*!40000 ALTER TABLE `categories` ENABLE KEYS */;
UNLOCK TABLES;
commit;

--
-- Dumping data for table `categorygroups`
--

LOCK TABLES `categorygroups` WRITE;
/*!40000 ALTER TABLE `categorygroups` DISABLE KEYS */;
set autocommit=0;
/*!40000 ALTER TABLE `categorygroups` ENABLE KEYS */;
UNLOCK TABLES;
commit;

--
-- Dumping data for table `categorygroups_sites`
--

LOCK TABLES `categorygroups_sites` WRITE;
/*!40000 ALTER TABLE `categorygroups_sites` DISABLE KEYS */;
set autocommit=0;
/*!40000 ALTER TABLE `categorygroups_sites` ENABLE KEYS */;
UNLOCK TABLES;
commit;

--
-- Dumping data for table `changedattributes`
--

LOCK TABLES `changedattributes` WRITE;
/*!40000 ALTER TABLE `changedattributes` DISABLE KEYS */;
set autocommit=0;
INSERT INTO `changedattributes` VALUES (42,1,'enabled','2023-12-01 09:20:31',0,1),(42,1,'postDate','2023-11-30 23:31:03',0,1),(42,1,'slug','2023-12-01 00:44:31',0,1),(42,1,'title','2023-11-30 23:31:17',0,1),(42,1,'uri','2023-11-30 23:30:48',0,1),(59,1,'enabled','2023-12-01 09:20:32',0,1),(59,1,'postDate','2023-11-30 23:37:02',0,1),(59,1,'slug','2023-11-30 23:34:56',0,1),(59,1,'title','2023-11-30 23:34:56',0,1),(59,1,'uri','2023-11-30 23:34:56',0,1),(84,1,'title','2023-12-01 01:19:01',0,1),(105,1,'postDate','2023-12-01 03:19:45',0,1),(105,1,'slug','2023-12-01 03:19:15',0,1),(105,1,'title','2023-12-01 08:44:52',0,1),(105,1,'uri','2023-12-01 03:19:15',0,1),(115,1,'postDate','2023-12-01 08:55:47',0,1),(115,1,'slug','2023-12-01 08:55:36',0,1),(115,1,'title','2023-12-01 08:55:36',0,1),(115,1,'uri','2023-12-01 08:55:36',0,1),(121,1,'postDate','2023-12-01 08:58:34',0,1),(121,1,'slug','2023-12-01 08:58:32',0,1),(121,1,'title','2023-12-01 08:58:32',0,1),(121,1,'uri','2023-12-01 08:58:32',0,1),(140,1,'postDate','2023-12-01 15:19:03',0,1),(140,1,'slug','2023-12-01 13:38:16',0,1),(140,1,'title','2023-12-01 13:38:17',0,1),(140,1,'uri','2023-12-01 13:38:16',0,1),(165,1,'postDate','2023-12-01 14:00:29',0,1),(165,1,'slug','2023-12-01 14:00:15',0,1),(165,1,'title','2023-12-01 14:00:15',0,1),(165,1,'uri','2023-12-01 14:00:15',0,1),(172,1,'postDate','2023-12-01 15:05:33',0,1),(172,1,'slug','2023-12-01 15:04:59',0,1),(172,1,'title','2023-12-01 15:04:59',0,1),(172,1,'uri','2023-12-01 15:04:59',0,1),(198,1,'postDate','2023-12-01 15:19:29',0,1),(198,1,'slug','2023-12-01 15:19:24',0,1),(198,1,'title','2023-12-01 15:19:24',0,1),(198,1,'uri','2023-12-01 15:19:24',0,1),(224,1,'postDate','2023-12-01 18:23:14',0,1),(224,1,'slug','2023-12-01 18:18:48',0,1),(224,1,'title','2023-12-01 18:18:49',0,1),(224,1,'uri','2023-12-01 18:18:49',0,1);
/*!40000 ALTER TABLE `changedattributes` ENABLE KEYS */;
UNLOCK TABLES;
commit;

--
-- Dumping data for table `changedfields`
--

LOCK TABLES `changedfields` WRITE;
/*!40000 ALTER TABLE `changedfields` DISABLE KEYS */;
set autocommit=0;
INSERT INTO `changedfields` VALUES (3,1,1,'2023-11-30 16:49:39',0,1),(3,1,2,'2023-11-30 16:49:39',0,1),(3,1,3,'2023-11-30 19:07:33',0,1),(3,1,4,'2023-11-30 19:05:45',0,1),(3,1,11,'2023-12-01 09:22:30',0,1),(3,1,12,'2023-12-01 15:22:35',0,1),(17,1,5,'2023-11-30 19:05:45',0,1),(17,1,6,'2023-11-30 18:33:59',0,1),(17,1,7,'2023-11-30 18:33:59',0,1),(42,1,8,'2023-11-30 23:34:34',0,1),(42,1,9,'2023-12-01 01:35:35',0,1),(42,1,10,'2023-12-01 01:35:35',0,1),(59,1,8,'2023-12-01 00:35:04',0,1),(59,1,9,'2023-12-01 01:34:58',0,1),(59,1,10,'2023-12-01 01:34:58',0,1),(105,1,8,'2023-12-01 03:19:31',0,1),(105,1,9,'2023-12-01 03:19:41',0,1),(105,1,10,'2023-12-01 03:19:24',0,1),(115,1,8,'2023-12-01 08:55:46',0,1),(115,1,9,'2023-12-01 08:55:42',0,1),(115,1,10,'2023-12-01 08:55:39',0,1),(121,1,8,'2023-12-01 09:03:31',0,1),(121,1,9,'2023-12-01 09:03:52',0,1),(121,1,10,'2023-12-01 08:58:49',0,1),(140,1,8,'2023-12-01 13:51:35',0,1),(140,1,9,'2023-12-01 15:07:12',0,1),(140,1,10,'2023-12-01 15:12:13',0,1),(165,1,8,'2023-12-01 15:26:46',0,1),(165,1,9,'2023-12-01 15:26:10',0,1),(165,1,10,'2023-12-01 14:00:11',0,1),(172,1,8,'2023-12-01 15:06:17',0,1),(172,1,9,'2023-12-01 15:15:31',0,1),(172,1,10,'2023-12-01 15:05:12',0,1),(198,1,8,'2023-12-01 15:23:17',0,1),(198,1,9,'2023-12-01 20:15:08',0,1),(198,1,10,'2023-12-01 15:20:20',0,1),(224,1,8,'2023-12-01 18:24:28',0,1),(224,1,9,'2023-12-01 18:20:53',0,1),(237,1,14,'2023-12-02 23:14:26',0,1),(237,1,15,'2023-12-02 23:14:26',0,1),(238,1,14,'2023-12-02 23:14:26',0,1),(238,1,15,'2023-12-02 23:14:26',0,1);
/*!40000 ALTER TABLE `changedfields` ENABLE KEYS */;
UNLOCK TABLES;
commit;

--
-- Dumping data for table `content`
--

LOCK TABLES `content` WRITE;
/*!40000 ALTER TABLE `content` DISABLE KEYS */;
set autocommit=0;
INSERT INTO `content` VALUES (1,1,1,NULL,'2023-11-30 14:07:21','2023-11-30 14:07:21','cc5a8495-4c89-49e2-b0d8-54505e10e606',NULL,NULL,NULL,NULL),(2,2,1,NULL,'2023-11-30 14:08:30','2023-12-02 22:59:35','31a156dc-69c1-4e6e-9738-1f0b1f9c86ce',NULL,NULL,NULL,NULL),(3,3,1,'Home','2023-11-30 16:35:34','2023-12-01 15:22:35','207e0b3d-2957-4fd5-93df-210865be750f','Quality gites in the heart of rural France','<h2>Your Hosts</h2>\n<p>John and Dot moved to France in 2004 and have been operating gites atLes Ribaudieres, close toSt Jean dAngely where they have lived ever since.</p>',NULL,NULL),(4,4,1,'Home','2023-11-30 16:35:34','2023-11-30 16:35:34','6cd72271-6488-4f1b-acbd-f7fa96d7f4a8',NULL,NULL,NULL,NULL),(5,5,1,'Home','2023-11-30 16:35:34','2023-11-30 16:35:34','f13b99e0-0e57-468b-a82c-0b716990db6f',NULL,NULL,NULL,NULL),(6,6,1,'Home','2023-11-30 16:42:52','2023-11-30 16:42:52','3334505c-a6c8-445a-bbf6-8a55655e3eea',NULL,NULL,NULL,NULL),(8,8,1,'Sunflower','2023-11-30 16:45:43','2023-11-30 16:45:43','91a8b112-2fd1-4cad-b710-7da8f9c1a3cd',NULL,NULL,NULL,NULL),(9,9,1,'Home','2023-11-30 16:45:48','2023-11-30 16:45:48','43df8966-a463-457e-a199-880725f776dd','Testing',NULL,NULL,NULL),(11,11,1,'Mood shot of the House and general Complex small','2023-11-30 16:49:25','2023-11-30 16:49:25','aaa7894a-6f3c-4326-b151-9535534fe107',NULL,NULL,NULL,NULL),(12,12,1,'Home','2023-11-30 16:49:39','2023-11-30 16:49:39','6742e59a-ee83-47ef-8de2-3bfa52814979','Quality gites in the heart of rural France',NULL,NULL,NULL),(13,13,1,'Home','2023-11-30 18:28:55','2023-11-30 18:28:55','97490189-2ee8-44df-b566-38b3c5188fd3','Quality gites in the heart of rural France',NULL,NULL,NULL),(15,18,1,'Home','2023-11-30 18:31:07','2023-11-30 18:31:07','e0796630-2b11-4d20-91fd-a2599cc9a6be','Quality gites in the heart of rural France','<p>John and Dot moved to France in 2004 and have been operating Gites atLes Ribaudieres where they liveever since\"</p>',NULL,NULL),(17,22,1,'Home','2023-11-30 18:33:59','2023-11-30 18:33:59','30abf6eb-5663-4f0b-91a5-97e4ccb35d38','Quality gites in the heart of rural France','<p>John and Dot moved to France in 2004 and have been operating Gites atLes Ribaudieres where they liveever since\"</p>',NULL,NULL),(19,25,1,'Home','2023-11-30 18:42:32','2023-11-30 18:42:32','8a203adb-4a30-49e8-a896-a5d070b23ffa','Quality gites in the heart of rural France','<h2>Your Hosts</h2>\n<p>John and Dot moved to France in 2004 and have been operating Gites atLes Ribaudieres where they liveever since\"</p>',NULL,NULL),(20,27,1,'Home','2023-11-30 18:46:31','2023-11-30 18:46:31','8aee2f13-65b4-464a-b3fd-7c208eccb23c','Quality gites in the heart of rural France','<h2>Your Hosts</h2>\n<p>John and Dot moved to France in 2004 and have been operating Gites atLes Ribaudieres where they liveever since\"</p>',NULL,NULL),(22,31,1,'Whats App Image 2023 11 30 at 18 53 19','2023-11-30 18:53:59','2023-11-30 18:53:59','5dc5b28b-93ed-4be5-abb0-579f41adbfea',NULL,NULL,NULL,NULL),(23,32,1,'Home','2023-11-30 18:54:07','2023-11-30 18:54:07','43db4bd9-93fc-4896-aae4-25c4a435afda','Quality gites in the heart of rural France','<h2>Your Hosts</h2>\n<p>John and Dot moved to France in 2004 and have been operating Gites atLes Ribaudieres where they liveever since\"</p>',NULL,NULL),(25,36,1,'Whats App Image 2023 11 30 at 19 02 06','2023-11-30 19:05:38','2023-11-30 19:05:38','8be7c85c-3fc4-427e-8fbf-a6b1fc8bc446',NULL,NULL,NULL,NULL),(26,37,1,'Home','2023-11-30 19:05:45','2023-11-30 19:05:45','6442d67a-572f-4536-b962-278cf5c4d10f','Quality gites in the heart of rural France','<h2>Your Hosts</h2>\n<p>John and Dot moved to France in 2004 and have been operating Gites atLes Ribaudieres where they liveever since\"</p>',NULL,NULL),(28,40,1,'Home','2023-11-30 19:07:33','2023-11-30 19:07:33','ba4fdea9-a49e-4d6d-841e-fd582118c58b','Quality gites in the heart of rural France','<h2>Your Hosts</h2>\n<p>John and Dot moved to France in 2004 and have been operating gites atLes Ribaudieres, close toSt Jean dAngely where they have lived ever since.</p>',NULL,NULL),(29,42,1,'Jasmine','2023-11-30 23:30:41','2023-12-01 09:20:31','c433fcbc-fabb-470c-a605-91358d3e4254',NULL,NULL,'<ul><li>Jasmine has a comfortable sitting area with 2 sofas, TV and DVD player. There is wifi on site. However, the signal at present is not strong - the 2ft. thick walls mean that the connection is patchy and cannot be guaranteed.</li><li>The interior has exposed beams and stonework and the original fireplace, with a log burner.</li><li>The kitchen area is well equipped with a gas cooker and grill, a large fridge/freezer, dishwasher and microwave, all crockery and cooking utensils.</li><li>Jasmine sleeps 7 and has three bedrooms, a double, a twin and a triple. The beds will be made up on your arrival with all cotton bedding. The bathroom is downstairs and has a shower and toilet.</li><li>Jasmine has its own parking area.</li><li>We ask that guests do not smoke in our gites.</li></ul>','Jasmine is our most recently converted barn. It has its own 11m private pool. Jasmine\'s courtyard faces almost due south, so it enjoys sunshine for most of the day.\n\nHowever, its 2 foot thick walls and vine covered pergola ensure a cool retreat from the heat of the day.'),(30,43,1,'Jasmin','2023-11-30 23:31:03','2023-11-30 23:31:03','dc002ac0-810b-4886-9d90-ad05a57d86bf',NULL,NULL,NULL,NULL),(32,45,1,'Jasmine','2023-11-30 23:31:17','2023-11-30 23:31:17','9ffc0e74-3ce0-4bc5-929a-effb2071b6ec',NULL,NULL,NULL,NULL),(34,47,1,'Jasmine Outdoor Area 1 small','2023-11-30 23:33:47','2023-11-30 23:34:26','c37ff248-28b6-4cce-b392-fd710cb8b4a2',NULL,NULL,NULL,NULL),(35,48,1,'Gte 1 Jasmine wc','2023-11-30 23:34:15','2023-11-30 23:34:15','e07cdd29-1dbb-4cbb-9db7-a5e7baf20c78',NULL,NULL,NULL,NULL),(36,49,1,'Gte 1 Jasmine chambre double','2023-11-30 23:34:16','2023-11-30 23:34:16','f7b685eb-ca16-4587-9651-8447e995ebd0',NULL,NULL,NULL,NULL),(37,50,1,'Gte 1 Jasmine Cuisine','2023-11-30 23:34:17','2023-11-30 23:34:17','1ae5eacf-cf32-4456-a1af-e9045db3b622',NULL,NULL,NULL,NULL),(38,51,1,'Gte 1 Jasmine shower','2023-11-30 23:34:18','2023-11-30 23:34:18','b2acddda-706c-4538-b861-85bc1415df5c',NULL,NULL,NULL,NULL),(39,52,1,'Jasmine dining area 1','2023-11-30 23:34:19','2023-11-30 23:34:19','bbad6779-3f2b-480c-b7f0-b40242de5f40',NULL,NULL,NULL,NULL),(40,53,1,'Jasmine downstairs','2023-11-30 23:34:19','2023-11-30 23:34:19','960e5ad0-a5c0-478f-b321-ae84f5d3a687',NULL,NULL,NULL,NULL),(41,54,1,'Jasmine interior 1','2023-11-30 23:34:19','2023-11-30 23:34:19','b4bc0227-7db3-4d2a-8c34-5e2333c198a0',NULL,NULL,NULL,NULL),(42,55,1,'Jasmine Outdoor Area 1 small','2023-11-30 23:34:19','2023-11-30 23:34:19','9b09e457-6930-4fac-aaaf-685f8930b183',NULL,NULL,NULL,NULL),(43,56,1,'Jasmine pool with inflatables','2023-11-30 23:34:19','2023-11-30 23:34:19','f68490a4-25d4-41c9-8ef7-c02c1da38fd5',NULL,NULL,NULL,NULL),(44,57,1,'Jasmine Pool small','2023-11-30 23:34:20','2023-11-30 23:34:20','8b2a01cf-5816-47dc-aedb-16b6a949d242',NULL,NULL,NULL,NULL),(45,58,1,'Jasmine','2023-11-30 23:34:34','2023-11-30 23:34:34','e6f82346-bbef-4bdc-aa52-9609b7f8f70a',NULL,NULL,'<p><em>Jasmine</em> is our most recently converted barn. It has its own 11m private pool. Jasmine\'s courtyard faces almost due south, so it enjoys sunshine for most of the day.</p>\n<p></p>\n<p>However, its 2 foot thick walls and vine covered pergola ensure a cool retreat from the heat of the day.</p>\n<ul><li>Jasmine has a comfortable sitting area with 2 sofas, TV and DVD player. There is wifi on site. However, the signal at present is not strong - the 2ft. thick walls mean that the connection is patchy and cannot be guaranteed.</li><li>The interior has exposed beams and stonework and the original fireplace, with a log burner.</li><li>The kitchen area is well equipped with a gas cooker and grill, a large fridge/freezer, dishwasher and microwave, all crockery and cooking utensils.</li><li>Jasmine sleeps 7 and has three bedrooms, a double, a twin and a triple. The beds will be made up on your arrival with all cotton bedding. The bathroom is downstairs and has a shower and toilet.</li><li>Jasmine has its own parking area.</li><li>We ask that guests do not smoke in our gites.</li></ul>','Jasmine is our most recently converted barn. It has its own 11m private pool. Jasmine\'s courtyard faces almost due south, so it enjoys sunshine for most of the day.'),(46,59,1,'Sunset','2023-11-30 23:34:50','2023-12-01 09:20:31','941ec56b-95ce-46cd-adb9-8482cabc0edf',NULL,NULL,'<ul><li>We have taken care to retain the original features, including exposed beams and stonework. The downstairs living area is spacious. The kitchen has a gas cooker, microwave, large fridge/freezer, washing machine, dishwasher, crockery and cooking utensils. The dining table and chairs seat 6 comfortably. The lounge area has 2 settees, coffee table, TV, DVD and video.</li><li>Sunset has three bedrooms (double/twin/bunkbeds) and a bathroom with shower and toilet. The beds will be made up on your arrival with all cotton bedding.</li><li>The private walled courtyard has a barbecue and the garden table and chairs are under a pergola so you can enjoy alfresco meals or enjoy a drink while the sun sets.</li><li>Sunset has its own parking area.</li><li>We ask that guests do not smoke in our gites.</li></ul>','Sunset is a converted barn built from the local limestone. It has its own pool, positioned to get the sun all day long.\n\nIn the afternoon and evening the courtyard is bathed in sunshine and you can sit and enjoy the beautiful and often spectacular sunsets under the pergola.'),(47,60,1,'POOLANDPERGOLA','2023-11-30 23:36:37','2023-11-30 23:36:37','16a54cb4-7623-4013-95b2-a0637fb3ba69',NULL,NULL,NULL,NULL),(48,61,1,'Poolpicmini','2023-11-30 23:36:37','2023-11-30 23:36:37','c2e15f2b-1660-450a-86ce-11a5d127af13',NULL,NULL,NULL,NULL),(49,62,1,'Sunrise and pool','2023-11-30 23:36:37','2023-11-30 23:36:37','c4689c9d-56b9-4c6e-9e59-a21a04a8cf87',NULL,NULL,NULL,NULL),(50,63,1,'Sunset double','2023-11-30 23:36:38','2023-11-30 23:36:40','e46eacd2-c31d-43b3-a7ea-4230c4936ac9',NULL,NULL,NULL,NULL),(51,64,1,'Sunset getting prepared','2023-11-30 23:36:43','2023-11-30 23:36:44','44f6a74c-9ecf-45f5-8dd8-97b71ddfea8e',NULL,NULL,NULL,NULL),(52,65,1,'Sunset patio from bbq','2023-11-30 23:36:45','2023-11-30 23:36:45','ab22512d-a873-464e-af73-698d24f35ff1',NULL,NULL,NULL,NULL),(53,66,1,'Sunset pool blue sky','2023-11-30 23:36:46','2023-11-30 23:36:47','746923cb-e2b6-4cd7-8832-4422aa86f9a7',NULL,NULL,NULL,NULL),(54,67,1,'Sunset to kitchen','2023-11-30 23:36:48','2023-11-30 23:36:48','faa3efcb-8409-43f7-b595-1f27938c774a',NULL,NULL,NULL,NULL),(55,68,1,'Sunset to tv','2023-11-30 23:36:49','2023-11-30 23:36:50','3b29e04a-aff5-4b68-acc7-f05cafac342c',NULL,NULL,NULL,NULL),(56,69,1,'Sunset twin','2023-11-30 23:36:50','2023-11-30 23:36:51','ee07bb1b-848c-4e9f-916b-49dd46525f40',NULL,NULL,NULL,NULL),(57,70,1,'Sunset wc etc','2023-11-30 23:36:52','2023-11-30 23:36:52','32a79fc5-7ef7-4dc0-86c7-b8986ff827bb',NULL,NULL,NULL,NULL),(58,71,1,'Sunsetcourtyard','2023-11-30 23:36:53','2023-11-30 23:36:53','cafa605c-abec-4502-9a60-7d250902a4eb',NULL,NULL,NULL,NULL),(59,72,1,'Sunsetpool1 1','2023-11-30 23:36:54','2023-11-30 23:36:54','1524ee56-b47e-40d1-887c-75ae9d3eccf8',NULL,NULL,NULL,NULL),(60,73,1,'Sunset','2023-11-30 23:37:02','2023-11-30 23:37:02','2f65b0c4-8284-4b97-a7db-dee97a106eec',NULL,NULL,'<p><em>Sunset</em> is a converted barn built from the local limestone. It has its own pool, positioned to get the sun all day long.</p>\n<p>In the afternoon and evening the courtyard is bathed in sunshine and you can sit and enjoy the beautiful and often spectacular sunsets under the pergola.</p>\n<ul><li>We have taken care to retain the original features, including exposed beams and stonework. The downstairs living area is spacious. The kitchen has a gas cooker, microwave, large fridge/freezer, washing machine, dishwasher, crockery and cooking utensils. The dining table and chairs seat 6 comfortably. The lounge area has 2 settees, coffee table, TV, DVD and video.</li><li>Sunset has three bedrooms (double/twin/bunkbeds) and a bathroom with shower and toilet. The beds will be made up on your arrival with all cotton bedding.</li><li>The private walled courtyard has a barbecue and the garden table and chairs are under a pergola so you can enjoy alfresco meals or enjoy a drink while the sun sets.</li><li>Sunset has its own parking area.</li><li>We ask that guests do not smoke in our gites.</li></ul>','Sunset is a converted barn built from the local limestone. It has its own pool, positioned to get the sun all day long.'),(62,75,1,'Sunset','2023-12-01 00:35:04','2023-12-01 00:35:04','5c36a43c-9eb6-409e-88a7-3e47bab95eb6',NULL,NULL,'<p><em>Sunset</em> is a converted barn built from the local limestone. It has its own pool, positioned to get the sun all day long.</p>\n<p>In the afternoon and evening the courtyard is bathed in sunshine and you can sit and enjoy the beautiful and often spectacular sunsets under the pergola.</p>\n<ul><li>We have taken care to retain the original features, including exposed beams and stonework. The downstairs living area is spacious. The kitchen has a gas cooker, microwave, large fridge/freezer, washing machine, dishwasher, crockery and cooking utensils. The dining table and chairs seat 6 comfortably. The lounge area has 2 settees, coffee table, TV, DVD and video.</li><li>Sunset has three bedrooms (double/twin/bunkbeds) and a bathroom with shower and toilet. The beds will be made up on your arrival with all cotton bedding.</li><li>The private walled courtyard has a barbecue and the garden table and chairs are under a pergola so you can enjoy alfresco meals or enjoy a drink while the sun sets.</li><li>Sunset has its own parking area.</li><li>We ask that guests do not smoke in our gites.</li></ul>','Sunset is a converted barn built from the local limestone. It has its own pool, positioned to get the sun all day long.'),(64,77,1,'Jasmine','2023-12-01 00:44:30','2023-12-01 00:44:30','47c200c4-9f22-4624-99d0-06734e8fd0d9',NULL,NULL,'<p><em>Jasmine</em> is our most recently converted barn. It has its own 11m private pool. Jasmine\'s courtyard faces almost due south, so it enjoys sunshine for most of the day.</p>\n<p></p>\n<p>However, its 2 foot thick walls and vine covered pergola ensure a cool retreat from the heat of the day.</p>\n<ul><li>Jasmine has a comfortable sitting area with 2 sofas, TV and DVD player. There is wifi on site. However, the signal at present is not strong - the 2ft. thick walls mean that the connection is patchy and cannot be guaranteed.</li><li>The interior has exposed beams and stonework and the original fireplace, with a log burner.</li><li>The kitchen area is well equipped with a gas cooker and grill, a large fridge/freezer, dishwasher and microwave, all crockery and cooking utensils.</li><li>Jasmine sleeps 7 and has three bedrooms, a double, a twin and a triple. The beds will be made up on your arrival with all cotton bedding. The bathroom is downstairs and has a shower and toilet.</li><li>Jasmine has its own parking area.</li><li>We ask that guests do not smoke in our gites.</li></ul>','Jasmine is our most recently converted barn. It has its own 11m private pool. Jasmine\'s courtyard faces almost due south, so it enjoys sunshine for most of the day.'),(66,79,1,'Sunset','2023-12-01 00:47:00','2023-12-01 00:47:00','d780b437-3967-4335-8f60-a50c17152ce5',NULL,NULL,'<em>Sunset</em> is a converted barn built from the local limestone. It has its own pool, positioned to get the sun all day long.\n<p>In the afternoon and evening the courtyard is bathed in sunshine and you can sit and enjoy the beautiful and often spectacular sunsets under the pergola.</p>\n<ul><li>We have taken care to retain the original features, including exposed beams and stonework. The downstairs living area is spacious. The kitchen has a gas cooker, microwave, large fridge/freezer, washing machine, dishwasher, crockery and cooking utensils. The dining table and chairs seat 6 comfortably. The lounge area has 2 settees, coffee table, TV, DVD and video.</li><li>Sunset has three bedrooms (double/twin/bunkbeds) and a bathroom with shower and toilet. The beds will be made up on your arrival with all cotton bedding.</li><li>The private walled courtyard has a barbecue and the garden table and chairs are under a pergola so you can enjoy alfresco meals or enjoy a drink while the sun sets.</li><li>Sunset has its own parking area.</li><li>We ask that guests do not smoke in our gites.</li></ul>','Sunset is a converted barn built from the local limestone. It has its own pool, positioned to get the sun all day long.'),(68,81,1,'Jasmine','2023-12-01 00:47:28','2023-12-01 00:47:28','7cdf3367-b030-4199-91b4-0aa1115ed224',NULL,NULL,'<em>Jasmine</em> is our most recently converted barn. It has its own 11m private pool. Jasmine\'s courtyard faces almost due south, so it enjoys sunshine for most of the day.\n<p>\n</p><p>However, its 2 foot thick walls and vine covered pergola ensure a cool retreat from the heat of the day.</p>\n<ul><li>Jasmine has a comfortable sitting area with 2 sofas, TV and DVD player. There is wifi on site. However, the signal at present is not strong - the 2ft. thick walls mean that the connection is patchy and cannot be guaranteed.</li><li>The interior has exposed beams and stonework and the original fireplace, with a log burner.</li><li>The kitchen area is well equipped with a gas cooker and grill, a large fridge/freezer, dishwasher and microwave, all crockery and cooking utensils.</li><li>Jasmine sleeps 7 and has three bedrooms, a double, a twin and a triple. The beds will be made up on your arrival with all cotton bedding. The bathroom is downstairs and has a shower and toilet.</li><li>Jasmine has its own parking area.</li><li>We ask that guests do not smoke in our gites.</li></ul>','Jasmine is our most recently converted barn. It has its own 11m private pool. Jasmine\'s courtyard faces almost due south, so it enjoys sunshine for most of the day.'),(70,83,1,'Jasmine','2023-12-01 00:47:46','2023-12-01 00:47:46','c9e0294a-1348-4bae-bf50-c2a9afd83ae9',NULL,NULL,'<em>Jasmine</em> is our most recently converted barn. It has its own 11m private pool. Jasmine\'s courtyard faces almost due south, so it enjoys sunshine for most of the day.\n<p>\n</p>\n<p>However, its 2 foot thick walls and vine covered pergola ensure a cool retreat from the heat of the day.</p>\n<ul><li>Jasmine has a comfortable sitting area with 2 sofas, TV and DVD player. There is wifi on site. However, the signal at present is not strong - the 2ft. thick walls mean that the connection is patchy and cannot be guaranteed.</li><li>The interior has exposed beams and stonework and the original fireplace, with a log burner.</li><li>The kitchen area is well equipped with a gas cooker and grill, a large fridge/freezer, dishwasher and microwave, all crockery and cooking utensils.</li><li>Jasmine sleeps 7 and has three bedrooms, a double, a twin and a triple. The beds will be made up on your arrival with all cotton bedding. The bathroom is downstairs and has a shower and toilet.</li><li>Jasmine has its own parking area.</li><li>We ask that guests do not smoke in our gites.</li></ul>','Jasmine is our most recently converted barn. It has its own 11m private pool. Jasmine\'s courtyard faces almost due south, so it enjoys sunshine for most of the day.'),(71,84,1,'Our Gites','2023-12-01 01:17:11','2023-12-01 01:19:01','23c96c13-06fe-408f-b002-df4daf939bc4',NULL,NULL,NULL,NULL),(72,85,1,'Gites Listing','2023-12-01 01:17:11','2023-12-01 01:17:11','1aa3a8a8-0ad5-4386-a0ff-fa5d291c506b',NULL,NULL,NULL,NULL),(73,86,1,'Gites Listing','2023-12-01 01:17:12','2023-12-01 01:17:12','aa8ff0ff-5da7-4593-b967-ddb71a2e3f76',NULL,NULL,NULL,NULL),(74,87,1,'Gites Listing','2023-12-01 01:17:38','2023-12-01 01:17:38','abb39765-e5ab-4a56-8f77-f62f2603db22',NULL,NULL,NULL,NULL),(75,88,1,'Gites Listing','2023-12-01 01:18:35','2023-12-01 01:18:35','92379403-94d0-45a8-b3ab-bf7a7204510c',NULL,NULL,NULL,NULL),(77,90,1,'Our Gites','2023-12-01 01:19:01','2023-12-01 01:19:01','079dbe29-ce1b-4a0f-9f1e-3962b5252245',NULL,NULL,NULL,NULL),(78,91,1,'Home','2023-12-01 01:23:02','2023-12-01 01:23:02','46f67673-c453-4342-94fb-92e365d3faf8','Quality gites in the heart of rural France','<h2>Your Hosts</h2>\n<p>John and Dot moved to France in 2004 and have been operating gites atLes Ribaudieres, close toSt Jean dAngely where they have lived ever since.</p>',NULL,NULL),(79,93,1,NULL,'2023-12-01 01:23:28','2023-12-01 01:23:28','9437785c-c944-4285-9865-492c0ebe328f',NULL,NULL,NULL,NULL),(81,95,1,'Home','2023-12-01 01:23:44','2023-12-01 01:23:44','fc5942e1-a8c5-424c-8d6e-e4c4f839d62b','Quality gites in the heart of rural France','<h2>Your Hosts</h2>\n<p>John and Dot moved to France in 2004 and have been operating gites atLes Ribaudieres, close toSt Jean dAngely where they have lived ever since.</p>',NULL,NULL),(83,98,1,'Sunset','2023-12-01 01:34:57','2023-12-01 01:34:57','4aace2c4-39d7-4503-beb3-f96e9ba78223',NULL,NULL,'<ul><li>We have taken care to retain the original features, including exposed beams and stonework. The downstairs living area is spacious. The kitchen has a gas cooker, microwave, large fridge/freezer, washing machine, dishwasher, crockery and cooking utensils. The dining table and chairs seat 6 comfortably. The lounge area has 2 settees, coffee table, TV, DVD and video.</li><li>Sunset has three bedrooms (double/twin/bunkbeds) and a bathroom with shower and toilet. The beds will be made up on your arrival with all cotton bedding.</li><li>The private walled courtyard has a barbecue and the garden table and chairs are under a pergola so you can enjoy alfresco meals or enjoy a drink while the sun sets.</li><li>Sunset has its own parking area.</li><li>We ask that guests do not smoke in our gites.</li></ul>','Sunset is a converted barn built from the local limestone. It has its own pool, positioned to get the sun all day long.\n\nIn the afternoon and evening the courtyard is bathed in sunshine and you can sit and enjoy the beautiful and often spectacular sunsets under the pergola.'),(84,99,1,'Sunset','2023-12-01 01:35:07','2023-12-01 01:35:07','2948c1a4-c4a3-4dc4-8476-1a4c036880d7',NULL,NULL,'<ul><li>We have taken care to retain the original features, including exposed beams and stonework. The downstairs living area is spacious. The kitchen has a gas cooker, microwave, large fridge/freezer, washing machine, dishwasher, crockery and cooking utensils. The dining table and chairs seat 6 comfortably. The lounge area has 2 settees, coffee table, TV, DVD and video.</li><li>Sunset has three bedrooms (double/twin/bunkbeds) and a bathroom with shower and toilet. The beds will be made up on your arrival with all cotton bedding.</li><li>The private walled courtyard has a barbecue and the garden table and chairs are under a pergola so you can enjoy alfresco meals or enjoy a drink while the sun sets.</li><li>Sunset has its own parking area.</li><li>We ask that guests do not smoke in our gites.</li></ul>','Sunset is a converted barn built from the local limestone. It has its own pool, positioned to get the sun all day long.\n\nIn the afternoon and evening the courtyard is bathed in sunshine and you can sit and enjoy the beautiful and often spectacular sunsets under the pergola.'),(86,101,1,'Jasmine','2023-12-01 01:35:35','2023-12-01 01:35:35','6a1b288e-dea2-4f5e-a085-54ff43828401',NULL,NULL,'<ul><li>Jasmine has a comfortable sitting area with 2 sofas, TV and DVD player. There is wifi on site. However, the signal at present is not strong - the 2ft. thick walls mean that the connection is patchy and cannot be guaranteed.</li><li>The interior has exposed beams and stonework and the original fireplace, with a log burner.</li><li>The kitchen area is well equipped with a gas cooker and grill, a large fridge/freezer, dishwasher and microwave, all crockery and cooking utensils.</li><li>Jasmine sleeps 7 and has three bedrooms, a double, a twin and a triple. The beds will be made up on your arrival with all cotton bedding. The bathroom is downstairs and has a shower and toilet.</li><li>Jasmine has its own parking area.</li><li>We ask that guests do not smoke in our gites.</li></ul>','Jasmine is our most recently converted barn. It has its own 11m private pool. Jasmine\'s courtyard faces almost due south, so it enjoys sunshine for most of the day.\n\nHowever, its 2 foot thick walls and vine covered pergola ensure a cool retreat from the heat of the day.'),(87,102,1,'Jasmine','2023-12-01 03:18:42','2023-12-01 03:18:42','4214baa5-3741-4613-b050-2f6eec9f7616',NULL,NULL,'<ul><li>Jasmine has a comfortable sitting area with 2 sofas, TV and DVD player. There is wifi on site. However, the signal at present is not strong - the 2ft. thick walls mean that the connection is patchy and cannot be guaranteed.</li><li>The interior has exposed beams and stonework and the original fireplace, with a log burner.</li><li>The kitchen area is well equipped with a gas cooker and grill, a large fridge/freezer, dishwasher and microwave, all crockery and cooking utensils.</li><li>Jasmine sleeps 7 and has three bedrooms, a double, a twin and a triple. The beds will be made up on your arrival with all cotton bedding. The bathroom is downstairs and has a shower and toilet.</li><li>Jasmine has its own parking area.</li><li>We ask that guests do not smoke in our gites.</li></ul>','Jasmine is our most recently converted barn. It has its own 11m private pool. Jasmine\'s courtyard faces almost due south, so it enjoys sunshine for most of the day.\n\nHowever, its 2 foot thick walls and vine covered pergola ensure a cool retreat from the heat of the day.'),(89,104,1,'Jasmine','2023-12-01 03:19:07','2023-12-01 03:19:07','acedc33e-7e55-49ce-93ea-cc48bf592399',NULL,NULL,'<ul><li>Jasmine has a comfortable sitting area with 2 sofas, TV and DVD player. There is wifi on site. However, the signal at present is not strong - the 2ft. thick walls mean that the connection is patchy and cannot be guaranteed.</li><li>The interior has exposed beams and stonework and the original fireplace, with a log burner.</li><li>The kitchen area is well equipped with a gas cooker and grill, a large fridge/freezer, dishwasher and microwave, all crockery and cooking utensils.</li><li>Jasmine sleeps 7 and has three bedrooms, a double, a twin and a triple. The beds will be made up on your arrival with all cotton bedding. The bathroom is downstairs and has a shower and toilet.</li><li>Jasmine has its own parking area.</li><li>We ask that guests do not smoke in our gites.</li></ul>','Jasmine is our most recently converted barn. It has its own 11m private pool. Jasmine\'s courtyard faces almost due south, so it enjoys sunshine for most of the day.\n\nHowever, its 2 foot thick walls and vine covered pergola ensure a cool retreat from the heat of the day.'),(90,105,1,'Why cant you see me test','2023-12-01 03:19:12','2023-12-01 08:44:52','6cfa8e4e-8972-4384-921e-c3f15e11a499',NULL,NULL,'<p>Test tich text</p>','test desc'),(91,106,1,'test','2023-12-01 03:19:45','2023-12-01 03:19:45','9cf30ca0-8807-4999-97b7-bc5c087ded43',NULL,NULL,'<p>Test tich text</p>','test desc'),(93,108,1,'Sunset','2023-12-01 08:40:32','2023-12-01 08:40:32','623c3ef7-a9e5-4100-9972-bd12a5ca65ec',NULL,NULL,'<ul><li>We have taken care to retain the original features, including exposed beams and stonework. The downstairs living area is spacious. The kitchen has a gas cooker, microwave, large fridge/freezer, washing machine, dishwasher, crockery and cooking utensils. The dining table and chairs seat 6 comfortably. The lounge area has 2 settees, coffee table, TV, DVD and video.</li><li>Sunset has three bedrooms (double/twin/bunkbeds) and a bathroom with shower and toilet. The beds will be made up on your arrival with all cotton bedding.</li><li>The private walled courtyard has a barbecue and the garden table and chairs are under a pergola so you can enjoy alfresco meals or enjoy a drink while the sun sets.</li><li>Sunset has its own parking area.</li><li>We ask that guests do not smoke in our gites.</li></ul>','Sunset is a converted barn built from the local limestone. It has its own pool, positioned to get the sun all day long.\n\nIn the afternoon and evening the courtyard is bathed in sunshine and you can sit and enjoy the beautiful and often spectacular sunsets under the pergola.'),(95,110,1,'Jasmine','2023-12-01 08:40:59','2023-12-01 08:40:59','3029b3b7-c54a-44e6-9e55-612a7611b7cd',NULL,NULL,'<ul><li>Jasmine has a comfortable sitting area with 2 sofas, TV and DVD player. There is wifi on site. However, the signal at present is not strong - the 2ft. thick walls mean that the connection is patchy and cannot be guaranteed.</li><li>The interior has exposed beams and stonework and the original fireplace, with a log burner.</li><li>The kitchen area is well equipped with a gas cooker and grill, a large fridge/freezer, dishwasher and microwave, all crockery and cooking utensils.</li><li>Jasmine sleeps 7 and has three bedrooms, a double, a twin and a triple. The beds will be made up on your arrival with all cotton bedding. The bathroom is downstairs and has a shower and toilet.</li><li>Jasmine has its own parking area.</li><li>We ask that guests do not smoke in our gites.</li></ul>','Jasmine is our most recently converted barn. It has its own 11m private pool. Jasmine\'s courtyard faces almost due south, so it enjoys sunshine for most of the day.\n\nHowever, its 2 foot thick walls and vine covered pergola ensure a cool retreat from the heat of the day.'),(97,112,1,'Sunset','2023-12-01 08:43:35','2023-12-01 08:43:35','0beaae90-181a-41a8-8359-e5fffff36e2d',NULL,NULL,'<ul><li>We have taken care to retain the original features, including exposed beams and stonework. The downstairs living area is spacious. The kitchen has a gas cooker, microwave, large fridge/freezer, washing machine, dishwasher, crockery and cooking utensils. The dining table and chairs seat 6 comfortably. The lounge area has 2 settees, coffee table, TV, DVD and video.</li><li>Sunset has three bedrooms (double/twin/bunkbeds) and a bathroom with shower and toilet. The beds will be made up on your arrival with all cotton bedding.</li><li>The private walled courtyard has a barbecue and the garden table and chairs are under a pergola so you can enjoy alfresco meals or enjoy a drink while the sun sets.</li><li>Sunset has its own parking area.</li><li>We ask that guests do not smoke in our gites.</li></ul>','Sunset is a converted barn built from the local limestone. It has its own pool, positioned to get the sun all day long.\n\nIn the afternoon and evening the courtyard is bathed in sunshine and you can sit and enjoy the beautiful and often spectacular sunsets under the pergola.'),(99,114,1,'Why cant you see me test','2023-12-01 08:44:52','2023-12-01 08:44:52','2825d183-746d-480a-9d07-ec02d3060548',NULL,NULL,'<p>Test tich text</p>','test desc'),(100,115,1,'Or me','2023-12-01 08:55:33','2023-12-01 08:55:47','37c7d84e-74a1-4c12-bd35-cf1b2dbbc774',NULL,NULL,'<p>fsdfsdfsdf</p>','dsfsdfsdf'),(101,116,1,'Or me','2023-12-01 08:55:47','2023-12-01 08:55:47','1f6b24b5-e085-47f8-9f19-ae76fc470b2d',NULL,NULL,'<p>fsdfsdfsdf</p>','dsfsdfsdf'),(103,118,1,'Jasmine','2023-12-01 08:57:49','2023-12-01 08:57:49','6d999f85-b2b9-4ca6-9f9d-19f5a672686d',NULL,NULL,'<ul><li>Jasmine has a comfortable sitting area with 2 sofas, TV and DVD player. There is wifi on site. However, the signal at present is not strong - the 2ft. thick walls mean that the connection is patchy and cannot be guaranteed.</li><li>The interior has exposed beams and stonework and the original fireplace, with a log burner.</li><li>The kitchen area is well equipped with a gas cooker and grill, a large fridge/freezer, dishwasher and microwave, all crockery and cooking utensils.</li><li>Jasmine sleeps 7 and has three bedrooms, a double, a twin and a triple. The beds will be made up on your arrival with all cotton bedding. The bathroom is downstairs and has a shower and toilet.</li><li>Jasmine has its own parking area.</li><li>We ask that guests do not smoke in our gites.</li></ul>','Jasmine is our most recently converted barn. It has its own 11m private pool. Jasmine\'s courtyard faces almost due south, so it enjoys sunshine for most of the day.\n\nHowever, its 2 foot thick walls and vine covered pergola ensure a cool retreat from the heat of the day.'),(104,119,1,'Jasmine','2023-12-01 08:58:09','2023-12-01 08:58:09','e457b5ee-b0b0-4cee-b4b8-b37eeb082751',NULL,NULL,'<ul><li>Jasmine has a comfortable sitting area with 2 sofas, TV and DVD player. There is wifi on site. However, the signal at present is not strong - the 2ft. thick walls mean that the connection is patchy and cannot be guaranteed.</li><li>The interior has exposed beams and stonework and the original fireplace, with a log burner.</li><li>The kitchen area is well equipped with a gas cooker and grill, a large fridge/freezer, dishwasher and microwave, all crockery and cooking utensils.</li><li>Jasmine sleeps 7 and has three bedrooms, a double, a twin and a triple. The beds will be made up on your arrival with all cotton bedding. The bathroom is downstairs and has a shower and toilet.</li><li>Jasmine has its own parking area.</li><li>We ask that guests do not smoke in our gites.</li></ul>','Jasmine is our most recently converted barn. It has its own 11m private pool. Jasmine\'s courtyard faces almost due south, so it enjoys sunshine for most of the day.\n\nHowever, its 2 foot thick walls and vine covered pergola ensure a cool retreat from the heat of the day.'),(105,120,1,'Sunset','2023-12-01 08:58:09','2023-12-01 08:58:09','ade5aa31-f611-4fd6-9a7f-682cb63b1238',NULL,NULL,'<ul><li>We have taken care to retain the original features, including exposed beams and stonework. The downstairs living area is spacious. The kitchen has a gas cooker, microwave, large fridge/freezer, washing machine, dishwasher, crockery and cooking utensils. The dining table and chairs seat 6 comfortably. The lounge area has 2 settees, coffee table, TV, DVD and video.</li><li>Sunset has three bedrooms (double/twin/bunkbeds) and a bathroom with shower and toilet. The beds will be made up on your arrival with all cotton bedding.</li><li>The private walled courtyard has a barbecue and the garden table and chairs are under a pergola so you can enjoy alfresco meals or enjoy a drink while the sun sets.</li><li>Sunset has its own parking area.</li><li>We ask that guests do not smoke in our gites.</li></ul>','Sunset is a converted barn built from the local limestone. It has its own pool, positioned to get the sun all day long.\n\nIn the afternoon and evening the courtyard is bathed in sunshine and you can sit and enjoy the beautiful and often spectacular sunsets under the pergola.'),(106,121,1,'Sunset New','2023-12-01 08:58:28','2023-12-01 09:03:52','eea5bbfd-b6d3-4f2b-ac3b-236428a4ba34',NULL,NULL,'<ul><li>We have taken care to retain the original features, including exposed beams and stonework. The downstairs living area is spacious. The kitchen has a gas cooker, microwave, large fridge/freezer, washing machine, dishwasher, crockery and cooking utensils. The dining table and chairs seat 6 comfortably. The lounge area has 2 settees, coffee table, TV, DVD and video.</li><li>Sunset has three bedrooms (double/twin/bunkbeds) and a bathroom with shower and toilet. The beds will be made up on your arrival with all cotton bedding.</li><li>The private walled courtyard has a barbecue and the garden table and chairs are under a pergola so you can enjoy alfresco meals or enjoy a drink while the sun sets.</li><li>Sunset has its own parking area.</li><li>We ask that guests do not smoke in our gites.</li></ul>','Sunset is a converted barn built from the local limestone. It has its own pool, positioned to get the sun all day long.\n\nIn the afternoon and evening the courtyard is bathed in sunshine and you can sit and enjoy the beautiful and often spectacular sunsets under the pergola.'),(107,122,1,'Sunset New','2023-12-01 08:58:34','2023-12-01 08:58:34','3ab7817d-68e1-401e-b541-96000156c2f3',NULL,NULL,NULL,NULL),(108,123,1,'Sunset','2023-12-01 08:58:42','2023-12-01 08:58:42','15e62c31-4adf-4049-9276-e1269774539d',NULL,NULL,'<ul><li>We have taken care to retain the original features, including exposed beams and stonework. The downstairs living area is spacious. The kitchen has a gas cooker, microwave, large fridge/freezer, washing machine, dishwasher, crockery and cooking utensils. The dining table and chairs seat 6 comfortably. The lounge area has 2 settees, coffee table, TV, DVD and video.</li><li>Sunset has three bedrooms (double/twin/bunkbeds) and a bathroom with shower and toilet. The beds will be made up on your arrival with all cotton bedding.</li><li>The private walled courtyard has a barbecue and the garden table and chairs are under a pergola so you can enjoy alfresco meals or enjoy a drink while the sun sets.</li><li>Sunset has its own parking area.</li><li>We ask that guests do not smoke in our gites.</li></ul>','Sunset is a converted barn built from the local limestone. It has its own pool, positioned to get the sun all day long.\n\nIn the afternoon and evening the courtyard is bathed in sunshine and you can sit and enjoy the beautiful and often spectacular sunsets under the pergola.'),(110,125,1,'Sunset New','2023-12-01 08:58:49','2023-12-01 08:58:49','2286718e-3e29-4da1-98ab-dd843d469566',NULL,NULL,NULL,'Sunset is a converted barn built from the local limestone. It has its own pool, positioned to get the sun all day long.\n\nIn the afternoon and evening the courtyard is bathed in sunshine and you can sit and enjoy the beautiful and often spectacular sunsets under the pergola.'),(111,126,1,'Sunset','2023-12-01 08:59:01','2023-12-01 08:59:01','72f914b0-b5d6-4022-b00d-127d486e3ef6',NULL,NULL,'<ul><li>We have taken care to retain the original features, including exposed beams and stonework. The downstairs living area is spacious. The kitchen has a gas cooker, microwave, large fridge/freezer, washing machine, dishwasher, crockery and cooking utensils. The dining table and chairs seat 6 comfortably. The lounge area has 2 settees, coffee table, TV, DVD and video.</li><li>Sunset has three bedrooms (double/twin/bunkbeds) and a bathroom with shower and toilet. The beds will be made up on your arrival with all cotton bedding.</li><li>The private walled courtyard has a barbecue and the garden table and chairs are under a pergola so you can enjoy alfresco meals or enjoy a drink while the sun sets.</li><li>Sunset has its own parking area.</li><li>We ask that guests do not smoke in our gites.</li></ul>','Sunset is a converted barn built from the local limestone. It has its own pool, positioned to get the sun all day long.\n\nIn the afternoon and evening the courtyard is bathed in sunshine and you can sit and enjoy the beautiful and often spectacular sunsets under the pergola.'),(112,127,1,'Jasmine Pool small','2023-12-01 09:03:25','2023-12-01 09:03:25','d99124b8-1adc-4887-b2d3-996e7f3e66bb',NULL,NULL,NULL,NULL),(114,129,1,'Sunset New','2023-12-01 09:03:32','2023-12-01 09:03:32','8cbbabaf-60c6-439c-8fd6-1b603496c0e6',NULL,NULL,NULL,'Sunset is a converted barn built from the local limestone. It has its own pool, positioned to get the sun all day long.\n\nIn the afternoon and evening the courtyard is bathed in sunshine and you can sit and enjoy the beautiful and often spectacular sunsets under the pergola.'),(115,130,1,'Sunset','2023-12-01 09:03:44','2023-12-01 09:03:44','cab64a76-e6fa-453e-b750-5028c4f82d9d',NULL,NULL,'<ul><li>We have taken care to retain the original features, including exposed beams and stonework. The downstairs living area is spacious. The kitchen has a gas cooker, microwave, large fridge/freezer, washing machine, dishwasher, crockery and cooking utensils. The dining table and chairs seat 6 comfortably. The lounge area has 2 settees, coffee table, TV, DVD and video.</li><li>Sunset has three bedrooms (double/twin/bunkbeds) and a bathroom with shower and toilet. The beds will be made up on your arrival with all cotton bedding.</li><li>The private walled courtyard has a barbecue and the garden table and chairs are under a pergola so you can enjoy alfresco meals or enjoy a drink while the sun sets.</li><li>Sunset has its own parking area.</li><li>We ask that guests do not smoke in our gites.</li></ul>','Sunset is a converted barn built from the local limestone. It has its own pool, positioned to get the sun all day long.\n\nIn the afternoon and evening the courtyard is bathed in sunshine and you can sit and enjoy the beautiful and often spectacular sunsets under the pergola.'),(117,132,1,'Sunset New','2023-12-01 09:03:52','2023-12-01 09:03:52','1e195ff7-2158-45c2-9e93-006e0019b847',NULL,NULL,'<ul><li>We have taken care to retain the original features, including exposed beams and stonework. The downstairs living area is spacious. The kitchen has a gas cooker, microwave, large fridge/freezer, washing machine, dishwasher, crockery and cooking utensils. The dining table and chairs seat 6 comfortably. The lounge area has 2 settees, coffee table, TV, DVD and video.</li><li>Sunset has three bedrooms (double/twin/bunkbeds) and a bathroom with shower and toilet. The beds will be made up on your arrival with all cotton bedding.</li><li>The private walled courtyard has a barbecue and the garden table and chairs are under a pergola so you can enjoy alfresco meals or enjoy a drink while the sun sets.</li><li>Sunset has its own parking area.</li><li>We ask that guests do not smoke in our gites.</li></ul>','Sunset is a converted barn built from the local limestone. It has its own pool, positioned to get the sun all day long.\n\nIn the afternoon and evening the courtyard is bathed in sunshine and you can sit and enjoy the beautiful and often spectacular sunsets under the pergola.'),(118,133,1,'Jasmine','2023-12-01 09:20:31','2023-12-01 09:20:31','be0dd002-98fd-4754-97c0-df32d4a35a83',NULL,NULL,'<ul><li>Jasmine has a comfortable sitting area with 2 sofas, TV and DVD player. There is wifi on site. However, the signal at present is not strong - the 2ft. thick walls mean that the connection is patchy and cannot be guaranteed.</li><li>The interior has exposed beams and stonework and the original fireplace, with a log burner.</li><li>The kitchen area is well equipped with a gas cooker and grill, a large fridge/freezer, dishwasher and microwave, all crockery and cooking utensils.</li><li>Jasmine sleeps 7 and has three bedrooms, a double, a twin and a triple. The beds will be made up on your arrival with all cotton bedding. The bathroom is downstairs and has a shower and toilet.</li><li>Jasmine has its own parking area.</li><li>We ask that guests do not smoke in our gites.</li></ul>','Jasmine is our most recently converted barn. It has its own 11m private pool. Jasmine\'s courtyard faces almost due south, so it enjoys sunshine for most of the day.\n\nHowever, its 2 foot thick walls and vine covered pergola ensure a cool retreat from the heat of the day.'),(119,134,1,'Sunset','2023-12-01 09:20:32','2023-12-01 09:20:32','15f527ff-9f4c-411c-9f52-95e24fa6ab52',NULL,NULL,'<ul><li>We have taken care to retain the original features, including exposed beams and stonework. The downstairs living area is spacious. The kitchen has a gas cooker, microwave, large fridge/freezer, washing machine, dishwasher, crockery and cooking utensils. The dining table and chairs seat 6 comfortably. The lounge area has 2 settees, coffee table, TV, DVD and video.</li><li>Sunset has three bedrooms (double/twin/bunkbeds) and a bathroom with shower and toilet. The beds will be made up on your arrival with all cotton bedding.</li><li>The private walled courtyard has a barbecue and the garden table and chairs are under a pergola so you can enjoy alfresco meals or enjoy a drink while the sun sets.</li><li>Sunset has its own parking area.</li><li>We ask that guests do not smoke in our gites.</li></ul>','Sunset is a converted barn built from the local limestone. It has its own pool, positioned to get the sun all day long.\n\nIn the afternoon and evening the courtyard is bathed in sunshine and you can sit and enjoy the beautiful and often spectacular sunsets under the pergola.'),(121,136,1,'Home','2023-12-01 09:22:29','2023-12-01 09:22:29','b0aa46d1-689a-4a06-a262-0f57b21f3ac4','Quality gites in the heart of rural France','<h2>Your Hosts</h2>\n<p>John and Dot moved to France in 2004 and have been operating gites atLes Ribaudieres, close toSt Jean dAngely where they have lived ever since.</p>',NULL,NULL),(122,138,1,'Home','2023-12-01 10:41:30','2023-12-01 10:41:30','7d6abd60-a769-44fc-852f-38e8bee22b38','Quality gites in the heart of rural France','<h2>Your Hosts</h2>\n<p>John and Dot moved to France in 2004 and have been operating gites atLes Ribaudieres, close toSt Jean dAngely where they have lived ever since.</p>',NULL,NULL),(123,140,1,'Welcome to Les Ribaudires','2023-12-01 13:34:52','2023-12-01 15:20:11','fd4c5e4e-2b40-48b9-a0f3-2620ef3ff4bb',NULL,NULL,'<p>Welcome to our gite complex in the sunny Charente Maritime. If you are looking for a relaxing holiday where you can unwind in beautiful surroundings, or perhaps something a little more energetic, then this is the place for you.</p>\n<p>Both of our character gites have been renovated to a high standard, whilst retaining many original features, such as oak beams and stonework. Sunset and Jasmine each has its own private pool. Each gite has a private courtyard, with table and chairs set out under its own shady, vine covered pergola - perfect for outdoor eating and drinking.</p>\n<p><em>Les Ribaudires</em> is a hamlet set in the heart of beautiful countryside. It is very peaceful, with varied wildlife, great for bird watchers and nature lovers generally. Although in a very rural setting, all amenities can be found only a 10 minute drive away in the historic town of St Jean d\'Angely. It has a twice weekly market (great cheese, fish and vegetable stalls), supermarkets, restaurants, banks and other shops.</p>\n<p>For the more energetic, the quiet country roads and gently rolling landscape are great for walking and cycling. We have numerous bikes of various sizes, available free of charge. There are tennis courts at Tonnay Boutonne (about 10 minutes away) and a swimming complex and boating lake (with canoes, pedaloes, mini golf and the like) at St Jean d\'Angely.</p>\n<p>We are close to a number of 18 hole Golf courses; Saintes, Cognac and Royan are specially recommended. Booking is easy, and green fees are reasonable. The courses are attractive and the weather is generally good.</p>\n<p>If you are looking for a day at the beach, we are just 35 minutes away from lovely beaches like Fouras and Chatelaillon, and less than an hour from the beaches of St. Palais, Chatelaillon Plage, and the le de R. Further day trip possiblities are La Rochelle, Cognac, Futuroscope and Royan; all within easy reach.</p>','Welcome to our gite complex in the sunny Charente Maritime. If you are looking for a relaxing holiday where you can unwind in beautiful surroundings, or perhaps something a little more energetic, then this is the place for you.'),(124,141,1,'Welcome to Les Ribaudires','2023-12-01 13:38:26','2023-12-01 13:38:26','891ad0c8-c08c-4b22-8a47-a31469e66af4',NULL,NULL,'Both of our character gites have been renovated to a high standard, whilst retaining many original features, such as oak beams and stonework. Sunset and Jasmine each has its own private pool. Each gite has a private courtyard, with table and chairs set out under its own shady, vine covered pergola - perfect for outdoor eating and drinking.\n<p><em>Les Ribaudires</em> is a hamlet set in the heart of beautiful countryside. It is very peaceful, with varied wildlife, great for bird watchers and nature lovers generally. Although in a very rural setting, all amenities can be found only a 10 minute drive away in the historic town of St Jean d\'Angely. It has a twice weekly market (great cheese, fish and vegetable stalls), supermarkets, restaurants, banks and other shops.</p><figure><a href=\"\"><img height=\"220\" src=\"http://lesribgites.westeurope.cloudapp.azure.com/images/Sunrise_and_pool.jpg\" alt=\"Sunrise and Pool\" /></a></figure>\n<p>For the more energetic, the quiet country roads and gently rolling landscape are great for walking and cycling. We have numerous bikes of various sizes, available free of charge. There are tennis courts at Tonnay Boutonne (about 10 minutes away) and a swimming complex and boating lake (with canoes, pedaloes, mini golf and the like) at St Jean d\'Angely.</p>\n<p>We are close to a number of 18 hole Golf courses; Saintes, Cognac and Royan are specially recommended. Booking is easy, and green fees are reasonable. The courses are attractive and the weather is generally good.</p>\n<p>If you are looking for a day at the beach, we are just 35 minutes away from lovely beaches like Fouras and Chatelaillon, and less than an hour from the beaches of St. Palais, Chatelaillon Plage, and the le de R. Further day trip possiblities are La Rochelle, Cognac, Futuroscope and Royan; all within easy reach.</p>','Welcome to our gite complex in the sunny Charente Maritime. If you are looking for a relaxing holiday where you can unwind in beautiful surroundings, or perhaps something a little more energetic, then this is the place for you.'),(125,142,1,'Home','2023-12-01 13:43:37','2023-12-01 13:43:37','f32e6455-202d-4c36-b890-4cb55f9cb776','Quality gites in the heart of rural France','<h2>Your Hosts</h2>\n<p>John and Dot moved to France in 2004 and have been operating gites atLes Ribaudieres, close toSt Jean dAngely where they have lived ever since.</p>',NULL,NULL),(127,145,1,'Home','2023-12-01 13:46:13','2023-12-01 13:46:13','f16b03a4-e2b5-4f68-bed0-340ad626cef9','Quality gites in the heart of rural France','<h2>Your Hosts</h2>\n<p>John and Dot moved to France in 2004 and have been operating gites atLes Ribaudieres, close toSt Jean dAngely where they have lived ever since.</p>',NULL,NULL),(128,147,1,'Lesribpanoramic1 1 small','2023-12-01 13:47:00','2023-12-01 13:47:00','ad401236-2669-4c51-8f01-516759c0bde9',NULL,NULL,NULL,NULL),(130,149,1,'Welcome to Les Ribaudires','2023-12-01 13:47:05','2023-12-01 13:47:05','20d3980f-a6f9-475c-9e67-8df36b26554e',NULL,NULL,'Both of our character gites have been renovated to a high standard, whilst retaining many original features, such as oak beams and stonework. Sunset and Jasmine each has its own private pool. Each gite has a private courtyard, with table and chairs set out under its own shady, vine covered pergola - perfect for outdoor eating and drinking.\n<p><em>Les Ribaudires</em> is a hamlet set in the heart of beautiful countryside. It is very peaceful, with varied wildlife, great for bird watchers and nature lovers generally. Although in a very rural setting, all amenities can be found only a 10 minute drive away in the historic town of St Jean d\'Angely. It has a twice weekly market (great cheese, fish and vegetable stalls), supermarkets, restaurants, banks and other shops.</p><figure><a href=\"\"><img height=\"220\" src=\"http://lesribgites.westeurope.cloudapp.azure.com/images/Sunrise_and_pool.jpg\" alt=\"Sunrise and Pool\" /></a></figure>\n<p>For the more energetic, the quiet country roads and gently rolling landscape are great for walking and cycling. We have numerous bikes of various sizes, available free of charge. There are tennis courts at Tonnay Boutonne (about 10 minutes away) and a swimming complex and boating lake (with canoes, pedaloes, mini golf and the like) at St Jean d\'Angely.</p>\n<p>We are close to a number of 18 hole Golf courses; Saintes, Cognac and Royan are specially recommended. Booking is easy, and green fees are reasonable. The courses are attractive and the weather is generally good.</p>\n<p>If you are looking for a day at the beach, we are just 35 minutes away from lovely beaches like Fouras and Chatelaillon, and less than an hour from the beaches of St. Palais, Chatelaillon Plage, and the le de R. Further day trip possiblities are La Rochelle, Cognac, Futuroscope and Royan; all within easy reach.</p>','Welcome to our gite complex in the sunny Charente Maritime. If you are looking for a relaxing holiday where you can unwind in beautiful surroundings, or perhaps something a little more energetic, then this is the place for you.'),(131,150,1,'Lunch at Jasmine','2023-12-01 13:50:11','2023-12-01 13:50:12','72515caa-b090-43a1-b9b0-2bb08e58149e',NULL,NULL,NULL,NULL),(132,151,1,'Mood shot of the House and general Complex small','2023-12-01 13:50:12','2023-12-01 13:50:12','1beb8e7c-4c5b-4502-a342-37221be03516',NULL,NULL,NULL,NULL),(133,152,1,'Play Area small','2023-12-01 13:50:12','2023-12-01 13:50:12','e642c64d-bab0-47f1-a4ae-c0e1803ba424',NULL,NULL,NULL,NULL),(135,154,1,'Sunset pool blue sky','2023-12-01 13:50:13','2023-12-01 13:50:14','7a4efad9-4c8e-4f71-b4db-d161a9cbc62c',NULL,NULL,NULL,NULL),(136,155,1,'Swings and things','2023-12-01 13:50:14','2023-12-01 13:50:15','6f8e0bfa-3f7a-492e-b658-4d1682e90f1d',NULL,NULL,NULL,NULL),(137,156,1,'Welcome to Les Ribaudires','2023-12-01 13:50:17','2023-12-01 13:50:17','3b59c133-6776-4c75-bbd5-84dcc5f491a1',NULL,NULL,'Both of our character gites have been renovated to a high standard, whilst retaining many original features, such as oak beams and stonework. Sunset and Jasmine each has its own private pool. Each gite has a private courtyard, with table and chairs set out under its own shady, vine covered pergola - perfect for outdoor eating and drinking.\n<p><em>Les Ribaudires</em> is a hamlet set in the heart of beautiful countryside. It is very peaceful, with varied wildlife, great for bird watchers and nature lovers generally. Although in a very rural setting, all amenities can be found only a 10 minute drive away in the historic town of St Jean d\'Angely. It has a twice weekly market (great cheese, fish and vegetable stalls), supermarkets, restaurants, banks and other shops.</p><figure><a href=\"\"><img height=\"220\" src=\"http://lesribgites.westeurope.cloudapp.azure.com/images/Sunrise_and_pool.jpg\" alt=\"Sunrise and Pool\" /></a></figure>\n<p>For the more energetic, the quiet country roads and gently rolling landscape are great for walking and cycling. We have numerous bikes of various sizes, available free of charge. There are tennis courts at Tonnay Boutonne (about 10 minutes away) and a swimming complex and boating lake (with canoes, pedaloes, mini golf and the like) at St Jean d\'Angely.</p>\n<p>We are close to a number of 18 hole Golf courses; Saintes, Cognac and Royan are specially recommended. Booking is easy, and green fees are reasonable. The courses are attractive and the weather is generally good.</p>\n<p>If you are looking for a day at the beach, we are just 35 minutes away from lovely beaches like Fouras and Chatelaillon, and less than an hour from the beaches of St. Palais, Chatelaillon Plage, and the le de R. Further day trip possiblities are La Rochelle, Cognac, Futuroscope and Royan; all within easy reach.</p>','Welcome to our gite complex in the sunny Charente Maritime. If you are looking for a relaxing holiday where you can unwind in beautiful surroundings, or perhaps something a little more energetic, then this is the place for you.'),(139,158,1,'Welcome to Les Ribaudires','2023-12-01 13:50:59','2023-12-01 13:50:59','147cda70-9b9b-473c-bde6-d5896acd72ba',NULL,NULL,'Both of our character gites have been renovated to a high standard, whilst retaining many original features, such as oak beams and stonework. Sunset and Jasmine each has its own private pool. Each gite has a private courtyard, with table and chairs set out under its own shady, vine covered pergola - perfect for outdoor eating and drinking.\n<p><em>Les Ribaudires</em> is a hamlet set in the heart of beautiful countryside. It is very peaceful, with varied wildlife, great for bird watchers and nature lovers generally. Although in a very rural setting, all amenities can be found only a 10 minute drive away in the historic town of St Jean d\'Angely. It has a twice weekly market (great cheese, fish and vegetable stalls), supermarkets, restaurants, banks and other shops.</p>\n\n<p>For the more energetic, the quiet country roads and gently rolling landscape are great for walking and cycling. We have numerous bikes of various sizes, available free of charge. There are tennis courts at Tonnay Boutonne (about 10 minutes away) and a swimming complex and boating lake (with canoes, pedaloes, mini golf and the like) at St Jean d\'Angely.</p>\n<p>We are close to a number of 18 hole Golf courses; Saintes, Cognac and Royan are specially recommended. Booking is easy, and green fees are reasonable. The courses are attractive and the weather is generally good.</p>\n<p>If you are looking for a day at the beach, we are just 35 minutes away from lovely beaches like Fouras and Chatelaillon, and less than an hour from the beaches of St. Palais, Chatelaillon Plage, and the le de R. Further day trip possiblities are La Rochelle, Cognac, Futuroscope and Royan; all within easy reach.</p>','Welcome to our gite complex in the sunny Charente Maritime. If you are looking for a relaxing holiday where you can unwind in beautiful surroundings, or perhaps something a little more energetic, then this is the place for you.'),(141,160,1,'Welcome to Les Ribaudires','2023-12-01 13:51:35','2023-12-01 13:51:35','ad1e0d51-65b0-4558-b4d4-c276a38dff4a',NULL,NULL,'Both of our character gites have been renovated to a high standard, whilst retaining many original features, such as oak beams and stonework. Sunset and Jasmine each has its own private pool. Each gite has a private courtyard, with table and chairs set out under its own shady, vine covered pergola - perfect for outdoor eating and drinking.\n<p><em>Les Ribaudires</em> is a hamlet set in the heart of beautiful countryside. It is very peaceful, with varied wildlife, great for bird watchers and nature lovers generally. Although in a very rural setting, all amenities can be found only a 10 minute drive away in the historic town of St Jean d\'Angely. It has a twice weekly market (great cheese, fish and vegetable stalls), supermarkets, restaurants, banks and other shops.</p>\n\n<p>For the more energetic, the quiet country roads and gently rolling landscape are great for walking and cycling. We have numerous bikes of various sizes, available free of charge. There are tennis courts at Tonnay Boutonne (about 10 minutes away) and a swimming complex and boating lake (with canoes, pedaloes, mini golf and the like) at St Jean d\'Angely.</p>\n<p>We are close to a number of 18 hole Golf courses; Saintes, Cognac and Royan are specially recommended. Booking is easy, and green fees are reasonable. The courses are attractive and the weather is generally good.</p>\n<p>If you are looking for a day at the beach, we are just 35 minutes away from lovely beaches like Fouras and Chatelaillon, and less than an hour from the beaches of St. Palais, Chatelaillon Plage, and the le de R. Further day trip possiblities are La Rochelle, Cognac, Futuroscope and Royan; all within easy reach.</p>','Welcome to our gite complex in the sunny Charente Maritime. If you are looking for a relaxing holiday where you can unwind in beautiful surroundings, or perhaps something a little more energetic, then this is the place for you.'),(142,161,1,'About Us','2023-12-01 13:56:02','2023-12-01 15:01:13','5794c0da-9d8b-4561-9c8d-0332d71e7ce9',NULL,NULL,NULL,NULL),(143,162,1,'About Us','2023-12-01 13:56:02','2023-12-01 13:56:03','2274c7d4-d1ae-4441-8140-f00ae61d763e',NULL,NULL,NULL,NULL),(144,163,1,'About Us','2023-12-01 13:56:02','2023-12-01 13:56:03','145c8929-db47-4b01-9da5-f69b4ee469ea',NULL,NULL,NULL,NULL),(145,164,1,'About Us','2023-12-01 13:56:02','2023-12-01 13:56:03','9d3e1dcb-440e-4753-a5a2-6c61309ae059',NULL,NULL,NULL,NULL),(146,165,1,'Out and About','2023-12-01 13:59:53','2023-12-01 15:26:45','c429a470-0cfd-42c6-80dd-e4c57362c2fa',NULL,NULL,'<p>The Charente Maritime enjoys a climate second only to the Riviera. Official figures show that we enjoy, on average, 2250 hours of sunshine a year, compared with 1750 in northern France, which means mild winters and long glorious summers. There is plenty to see and do in the area and all within an hour from Les Ribaudieres.</p>\n<p>Why not sit and watch the world go by in one of the many harbour restaurants in the cosmopolitan town of La Rochelle or take in the atmosphere of the lively resort of Royan.</p>\n<p>If you prefer quieter pursuits, then you will probably enjoy the typically French seaside town of Fouras or perhaps messing about in a boat to discover the canals of the Marais Poitevin. Or, why not wander round one of the many local markets or perhaps visit Cognac for a tour of one of the cognac houses and try some of the local Pineau.</p>\n<ul><li>A twenty-five minute walk from Les Ribaudieres is the small village of St Loup. In the village there is a bar which, along-side the usual drinks and coffees, serves simple home-cooked French food at lunchtimes. Next door there is a small grocery shop.</li><li>La Rochelle is about 45 minutes drive from Les Ribaudieres. Here you can enjoy a relaxed cosmopolitan atmosphere, where visitors enjoy local seafood and wine, film festivals, historic sites, take a trip to Fort Boyard, or just sit and watch the world go by at the marina side. <a href=\"\">https://www.larochelle.fr/</a></li><li>St Jean dAngely is a small and historic town with a twice weekly market. The speciality of the area is, of course, seafood and when in season the stalls are overflowing with oysters, which last year were only about 20p each. You get a fantastic view of the town if you climb to the top of the unfinished abbey towers. <a href=\"\">http://www.angely.net</a></li><li>Brouage is an ancient town founded in about 1555. It is completely walled and played a vital role then in the defence of the coastline. The walls have stood the test of time, and there are views of the Marais or salt marshes from the ramparts. <a href=\"\">https://www.oleron-island.com/getting-ready-for-my-holidays/what-to-do/heritage-and-museums/citadelle-de-brouage/</a></li><li>Cognac is worth a trip; it is a beautiful town and you can visit one of the many cognac houses. Why not try some of the local Pineau while you are there; it\'s delicious! <a href=\"\">http://www.cognac.fr/web_bnic_en/asp/accueil3.asp</a></li></ul>\n<p>So why not come and see for yourself? You\'ll be guaranteed a warm welcome here at Les Ribaudieres in the heart of the sunny Charente Maritime.</p>\n<h3>USEFUL LINKS</h3>\n<ul><li>WEATHER: <a href=\"https://www.accuweather.com/en/fr/arces/136345/weather-forecast/136345\">https://www.accuweather.com/en/fr/arces/136345/weather-forecast/136345</a></li><li>ROUTE PLANNING: <a href=\"http://www.mappy.com/\">http://www.mappy.com</a></li></ul>','The Charente Maritime enjoys a climate second only to the Riviera. Official figures show that we enjoy, on average, 2250 hours of sunshine a year, compared with 1750 in northern France, which means mild winters and long glorious summers. There is plenty to see and do in the area and all within an hour from Les Ribaudieres.'),(147,166,1,'Out and About','2023-12-01 14:00:29','2023-12-01 14:00:29','47ae862b-2f78-430c-9757-d25911d763f6',NULL,NULL,'The Charente Maritime enjoys a climate second only to the Riviera. Official figures show that we enjoy, on average, 2250 hours of sunshine a year, compared with 1750 in northern France, which means mild winters and long glorious summers. There is plenty to see and do in the area and all within an hour from Les Ribaudieres.\n<p>Why not sit and watch the world go by in one of the many harbour restaurants in the cosmopolitan town of La Rochelle or take in the atmosphere of the lively resort of Royan.</p>\n<p>If you prefer quieter pursuits, then you will probably enjoy the typically French seaside town of Fouras or perhaps messing about in a boat to discover the canals of the Marais Poitevin. Or, why not wander round one of the many local markets or perhaps visit Cognac for a tour of one of the cognac houses and try some of the local Pineau.</p>\n\n<ul><li>A twenty-five minute walk from Les Ribaudieres is the small village of St Loup. In the village there is a bar which, along-side the usual drinks and coffees, serves simple home-cooked French food at lunchtimes. Next door there is a small grocery shop.</li><li>La Rochelle is about 45 minutes drive from Les Ribaudieres. Here you can enjoy a relaxed cosmopolitan atmosphere, where visitors enjoy local seafood and wine, film festivals, historic sites, take a trip to Fort Boyard, or just sit and watch the world go by at the marina side. <a href=\"\">https://www.larochelle.fr/</a></li><li>St Jean dAngely is a small and historic town with a twice weekly market. The speciality of the area is, of course, seafood and when in season the stalls are overflowing with oysters, which last year were only about 20p each. You get a fantastic view of the town if you climb to the top of the unfinished abbey towers. <a href=\"\">http://www.angely.net</a></li><li>Brouage is an ancient town founded in about 1555. It is completely walled and played a vital role then in the defence of the coastline. The walls have stood the test of time, and there are views of the Marais or salt marshes from the ramparts. <a href=\"\">https://www.oleron-island.com/getting-ready-for-my-holidays/what-to-do/heritage-and-museums/citadelle-de-brouage/</a></li><li>Cognac is worth a trip; it is a beautiful town and you can visit one of the many cognac houses. Why not try some of the local Pineau while you are there; it\'s delicious! <a href=\"\">http://www.cognac.fr/web_bnic_en/asp/accueil3.asp</a></li></ul>\n<p></p>\n<p>So why not come and see for yourself? You\'ll be guaranteed a warm welcome here at Les Ribaudieres in the heart of the sunny Charente Maritime.</p>\n<h3>USEFUL LINKS</h3>\n<ul><li>WEATHER: <a href=\"https://www.accuweather.com/en/fr/arces/136345/weather-forecast/136345\">https://www.accuweather.com/en/fr/arces/136345/weather-forecast/136345</a></li><li>ROUTE PLANNING: <a href=\"http://www.mappy.com/\">http://www.mappy.com</a></li></ul>','The Charente Maritime enjoys a climate second only to the Riviera. Official figures show that we enjoy, on average, 2250 hours of sunshine a year, compared with 1750 in northern France, which means mild winters and long glorious summers. There is plenty to see and do in the area and all within an hour from Les Ribaudieres.'),(149,168,1,'Out and About','2023-12-01 14:01:28','2023-12-01 14:01:28','db8e11e4-31ab-4c40-b297-ccf1ed4edaee',NULL,NULL,'The Charente Maritime enjoys a climate second only to the Riviera. Official figures show that we enjoy, on average, 2250 hours of sunshine a year, compared with 1750 in northern France, which means mild winters and long glorious summers. There is plenty to see and do in the area and all within an hour from Les Ribaudieres.\n<p>Why not sit and watch the world go by in one of the many harbour restaurants in the cosmopolitan town of La Rochelle or take in the atmosphere of the lively resort of Royan.</p>\n<p>If you prefer quieter pursuits, then you will probably enjoy the typically French seaside town of Fouras or perhaps messing about in a boat to discover the canals of the Marais Poitevin. Or, why not wander round one of the many local markets or perhaps visit Cognac for a tour of one of the cognac houses and try some of the local Pineau.</p>\n\n<ul><li>A twenty-five minute walk from Les Ribaudieres is the small village of St Loup. In the village there is a bar which, along-side the usual drinks and coffees, serves simple home-cooked French food at lunchtimes. Next door there is a small grocery shop.</li><li>La Rochelle is about 45 minutes drive from Les Ribaudieres. Here you can enjoy a relaxed cosmopolitan atmosphere, where visitors enjoy local seafood and wine, film festivals, historic sites, take a trip to Fort Boyard, or just sit and watch the world go by at the marina side. <a href=\"\">https://www.larochelle.fr/</a></li><li>St Jean dAngely is a small and historic town with a twice weekly market. The speciality of the area is, of course, seafood and when in season the stalls are overflowing with oysters, which last year were only about 20p each. You get a fantastic view of the town if you climb to the top of the unfinished abbey towers. <a href=\"\">http://www.angely.net</a></li><li>Brouage is an ancient town founded in about 1555. It is completely walled and played a vital role then in the defence of the coastline. The walls have stood the test of time, and there are views of the Marais or salt marshes from the ramparts. <a href=\"\">https://www.oleron-island.com/getting-ready-for-my-holidays/what-to-do/heritage-and-museums/citadelle-de-brouage/</a></li><li>Cognac is worth a trip; it is a beautiful town and you can visit one of the many cognac houses. Why not try some of the local Pineau while you are there; it\'s delicious! <a href=\"\">http://www.cognac.fr/web_bnic_en/asp/accueil3.asp</a></li></ul>\n<p></p>\n<p>So why not come and see for yourself? You\'ll be guaranteed a warm welcome here at Les Ribaudieres in the heart of the sunny Charente Maritime.</p>\n<h3>USEFUL LINKS</h3>\n<ul><li>WEATHER: <a href=\"https://www.accuweather.com/en/fr/arces/136345/weather-forecast/136345\">https://www.accuweather.com/en/fr/arces/136345/weather-forecast/136345</a></li><li>ROUTE PLANNING: <a href=\"http://www.mappy.com/\">http://www.mappy.com</a></li></ul>','The Charente Maritime enjoys a climate second only to the Riviera. Official figures show that we enjoy, on average, 2250 hours of sunshine a year, compared with 1750 in northern France, which means mild winters and long glorious summers. There is plenty to see and do in the area and all within an hour from Les Ribaudieres.'),(150,169,1,'About Us','2023-12-01 15:01:13','2023-12-01 15:01:13','f62f5c4c-d75c-4d82-a1d4-a5dd7c3bad4c',NULL,NULL,NULL,NULL),(151,170,1,'About Us','2023-12-01 15:01:13','2023-12-01 15:01:13','e62f4115-9518-4fc6-9fc1-0b53f4521723',NULL,NULL,NULL,NULL),(152,171,1,'About Us','2023-12-01 15:01:13','2023-12-01 15:01:13','1b96826e-f5da-4f1c-a599-55d14ad6289d',NULL,NULL,NULL,NULL),(153,172,1,'Our Pools','2023-12-01 15:04:35','2023-12-01 15:15:31','f631bb82-77c4-465d-95e6-08ccd74e0b29',NULL,NULL,'<p>There are two pools here at Les Ribaudieres. Each gite has its own private pool.</p>\n<p>Jasmine has its own swimming pool (11m by 4.5m) with sunbathing terrace. Sunset has its own pool (8m by 4.5m) and sunbathing terrace.</p>\n\n<p>The pools are of a similar design with steps at the shallow end which are ideal for toddlers to splash about in while supervised. The deep end is 2m.</p>\n\n<h3>POOL SAFETY</h3>\n<p>Our pools have security fencing which conforms with stringent French safety standards. However, it is the responsibility of our guests to ensure their own safety and that of their children around the pools.</p>\n<p>Please note that the pools are not heated and are decommissioned from the end of September to mid May each year.</p>','There are two pools here at Les Ribaudieres. Each gite has its own private pool.\n\nJasmine has its own swimming pool (11m by 4.5m) with sunbathing terrace. Sunset has its own pool (8m by 4.5m) and sunbathing terrace.'),(154,173,1,'Our Pools','2023-12-01 15:05:33','2023-12-01 15:05:33','7b0a4a23-9f21-4d4c-bf60-e143cf559ef7',NULL,NULL,'<p>There are two pools here at Les Ribaudieres. Each gite has its own private pool.</p>\n<p>Jasmine has its own swimming pool (11m by 4.5m) with sunbathing terrace. Sunset has its own pool (8m by 4.5m) and sunbathing terrace.</p>\n<figure><a href=\"\"><img height=\"220\" src=\"http://lesribgites.westeurope.cloudapp.azure.com/images/POOLANDPERGOLA.jpg\" alt=\"Jasmine Pool\" /></a></figure>\n<p>The pools are of a similar design with steps at the shallow end which are ideal for toddlers to splash about in while supervised. The deep end is 2m.</p>\n<figure><a href=\"\"><img height=\"220\" src=\"http://lesribgites.westeurope.cloudapp.azure.com/images/sunsetpool1.1.jpg\" alt=\"Sunset Pool\" /></a></figure>\n<h3>POOL SAFETY</h3>\n<p>Our pools have security fencing which conforms with stringent French safety standards. However, it is the responsibility of our guests to ensure their own safety and that of their children around the pools.</p>\n<p>Please note that the pools are not heated and are decommissioned from the end of September to mid May each year.</p>','There are two pools here at Les Ribaudieres. Each gite has its own private pool.\n\nJasmine has its own swimming pool (11m by 4.5m) with sunbathing terrace. Sunset has its own pool (8m by 4.5m) and sunbathing terrace.'),(156,175,1,'Our Pools','2023-12-01 15:06:17','2023-12-01 15:06:17','685a2b2e-e75c-4682-aff4-a792d0e5cfd0',NULL,NULL,'<p>There are two pools here at Les Ribaudieres. Each gite has its own private pool.</p>\n<p>Jasmine has its own swimming pool (11m by 4.5m) with sunbathing terrace. Sunset has its own pool (8m by 4.5m) and sunbathing terrace.</p>\n<figure><a href=\"\"><img height=\"220\" src=\"http://lesribgites.westeurope.cloudapp.azure.com/images/POOLANDPERGOLA.jpg\" alt=\"Jasmine Pool\" /></a></figure>\n<p>The pools are of a similar design with steps at the shallow end which are ideal for toddlers to splash about in while supervised. The deep end is 2m.</p>\n<figure><a href=\"\"><img height=\"220\" src=\"http://lesribgites.westeurope.cloudapp.azure.com/images/sunsetpool1.1.jpg\" alt=\"Sunset Pool\" /></a></figure>\n<h3>POOL SAFETY</h3>\n<p>Our pools have security fencing which conforms with stringent French safety standards. However, it is the responsibility of our guests to ensure their own safety and that of their children around the pools.</p>\n<p>Please note that the pools are not heated and are decommissioned from the end of September to mid May each year.</p>','There are two pools here at Les Ribaudieres. Each gite has its own private pool.\n\nJasmine has its own swimming pool (11m by 4.5m) with sunbathing terrace. Sunset has its own pool (8m by 4.5m) and sunbathing terrace.'),(158,177,1,'Welcome to Les Ribaudires','2023-12-01 15:07:12','2023-12-01 15:07:12','95198f4f-effc-4313-b596-c239f08c6407',NULL,NULL,'<p>Welcome to our gite complex in the sunny Charente Maritime. If you are looking for a relaxing holiday where you can unwind in beautiful surroundings, or perhaps something a little more energetic, then this is the place for you.</p>\n<p>Both of our character gites have been renovated to a high standard, whilst retaining many original features, such as oak beams and stonework. Sunset and Jasmine each has its own private pool. Each gite has a private courtyard, with table and chairs set out under its own shady, vine covered pergola - perfect for outdoor eating and drinking.</p>\n<p><em>Les Ribaudires</em> is a hamlet set in the heart of beautiful countryside. It is very peaceful, with varied wildlife, great for bird watchers and nature lovers generally. Although in a very rural setting, all amenities can be found only a 10 minute drive away in the historic town of St Jean d\'Angely. It has a twice weekly market (great cheese, fish and vegetable stalls), supermarkets, restaurants, banks and other shops.</p>\n<p>For the more energetic, the quiet country roads and gently rolling landscape are great for walking and cycling. We have numerous bikes of various sizes, available free of charge. There are tennis courts at Tonnay Boutonne (about 10 minutes away) and a swimming complex and boating lake (with canoes, pedaloes, mini golf and the like) at St Jean d\'Angely.</p>\n<p>We are close to a number of 18 hole Golf courses; Saintes, Cognac and Royan are specially recommended. Booking is easy, and green fees are reasonable. The courses are attractive and the weather is generally good.</p>\n<p>If you are looking for a day at the beach, we are just 35 minutes away from lovely beaches like Fouras and Chatelaillon, and less than an hour from the beaches of St. Palais, Chatelaillon Plage, and the le de R. Further day trip possiblities are La Rochelle, Cognac, Futuroscope and Royan; all within easy reach.</p>','Welcome to our gite complex in the sunny Charente Maritime. If you are looking for a relaxing holiday where you can unwind in beautiful surroundings, or perhaps something a little more energetic, then this is the place for you.'),(159,178,1,'Out and About','2023-12-01 15:11:26','2023-12-01 15:11:26','f3084965-4574-4897-9118-99d0ad4acb13',NULL,NULL,'The Charente Maritime enjoys a climate second only to the Riviera. Official figures show that we enjoy, on average, 2250 hours of sunshine a year, compared with 1750 in northern France, which means mild winters and long glorious summers. There is plenty to see and do in the area and all within an hour from Les Ribaudieres.\n<p>Why not sit and watch the world go by in one of the many harbour restaurants in the cosmopolitan town of La Rochelle or take in the atmosphere of the lively resort of Royan.</p>\n<p>If you prefer quieter pursuits, then you will probably enjoy the typically French seaside town of Fouras or perhaps messing about in a boat to discover the canals of the Marais Poitevin. Or, why not wander round one of the many local markets or perhaps visit Cognac for a tour of one of the cognac houses and try some of the local Pineau.</p>\n\n<ul><li>A twenty-five minute walk from Les Ribaudieres is the small village of St Loup. In the village there is a bar which, along-side the usual drinks and coffees, serves simple home-cooked French food at lunchtimes. Next door there is a small grocery shop.</li><li>La Rochelle is about 45 minutes drive from Les Ribaudieres. Here you can enjoy a relaxed cosmopolitan atmosphere, where visitors enjoy local seafood and wine, film festivals, historic sites, take a trip to Fort Boyard, or just sit and watch the world go by at the marina side. <a href=\"\">https://www.larochelle.fr/</a></li><li>St Jean dAngely is a small and historic town with a twice weekly market. The speciality of the area is, of course, seafood and when in season the stalls are overflowing with oysters, which last year were only about 20p each. You get a fantastic view of the town if you climb to the top of the unfinished abbey towers. <a href=\"\">http://www.angely.net</a></li><li>Brouage is an ancient town founded in about 1555. It is completely walled and played a vital role then in the defence of the coastline. The walls have stood the test of time, and there are views of the Marais or salt marshes from the ramparts. <a href=\"\">https://www.oleron-island.com/getting-ready-for-my-holidays/what-to-do/heritage-and-museums/citadelle-de-brouage/</a></li><li>Cognac is worth a trip; it is a beautiful town and you can visit one of the many cognac houses. Why not try some of the local Pineau while you are there; it\'s delicious! <a href=\"\">http://www.cognac.fr/web_bnic_en/asp/accueil3.asp</a></li></ul>\n<p></p>\n<p>So why not come and see for yourself? You\'ll be guaranteed a warm welcome here at Les Ribaudieres in the heart of the sunny Charente Maritime.</p>\n<h3>USEFUL LINKS</h3>\n<ul><li>WEATHER: <a href=\"https://www.accuweather.com/en/fr/arces/136345/weather-forecast/136345\">https://www.accuweather.com/en/fr/arces/136345/weather-forecast/136345</a></li><li>ROUTE PLANNING: <a href=\"http://www.mappy.com/\">http://www.mappy.com</a></li></ul>','The Charente Maritime enjoys a climate second only to the Riviera. Official figures show that we enjoy, on average, 2250 hours of sunshine a year, compared with 1750 in northern France, which means mild winters and long glorious summers. There is plenty to see and do in the area and all within an hour from Les Ribaudieres.'),(161,180,1,'Welcome to Les Ribaudires','2023-12-01 15:12:13','2023-12-01 15:12:13','02420fcb-a453-41cc-b9a6-bbab252bc161',NULL,NULL,'<p>Welcome to our gite complex in the sunny Charente Maritime. If you are looking for a relaxing holiday where you can unwind in beautiful surroundings, or perhaps something a little more energetic, then this is the place for you.</p>\n<p>Both of our character gites have been renovated to a high standard, whilst retaining many original features, such as oak beams and stonework. Sunset and Jasmine each has its own private pool. Each gite has a private courtyard, with table and chairs set out under its own shady, vine covered pergola - perfect for outdoor eating and drinking.</p>\n<p><em>Les Ribaudires</em> is a hamlet set in the heart of beautiful countryside. It is very peaceful, with varied wildlife, great for bird watchers and nature lovers generally. Although in a very rural setting, all amenities can be found only a 10 minute drive away in the historic town of St Jean d\'Angely. It has a twice weekly market (great cheese, fish and vegetable stalls), supermarkets, restaurants, banks and other shops.</p>\n<p>For the more energetic, the quiet country roads and gently rolling landscape are great for walking and cycling. We have numerous bikes of various sizes, available free of charge. There are tennis courts at Tonnay Boutonne (about 10 minutes away) and a swimming complex and boating lake (with canoes, pedaloes, mini golf and the like) at St Jean d\'Angely.</p>\n<p>We are close to a number of 18 hole Golf courses; Saintes, Cognac and Royan are specially recommended. Booking is easy, and green fees are reasonable. The courses are attractive and the weather is generally good.</p>\n<p>If you are looking for a day at the beach, we are just 35 minutes away from lovely beaches like Fouras and Chatelaillon, and less than an hour from the beaches of St. Palais, Chatelaillon Plage, and the le de R. Further day trip possiblities are La Rochelle, Cognac, Futuroscope and Royan; all within easy reach.</p>','Welcome to our gite complex in the sunny Charente Maritime. If you are looking for a relaxing holiday where you can unwind in beautiful surroundings, or perhaps something a little more energetic, then this is the place for you.'),(163,182,1,'Welcome to Les Ribaudires','2023-12-01 15:12:31','2023-12-01 15:12:31','f35b05a7-165f-4b80-96c3-0d186ba6f73c',NULL,NULL,'<p>Welcome to our gite complex in the sunny Charente Maritime. If you are looking for a relaxing holiday where you can unwind in beautiful surroundings, or perhaps something a little more energetic, then this is the place for you.</p>\n<p>Both of our character gites have been renovated to a high standard, whilst retaining many original features, such as oak beams and stonework. Sunset and Jasmine each has its own private pool. Each gite has a private courtyard, with table and chairs set out under its own shady, vine covered pergola - perfect for outdoor eating and drinking.</p>\n<p><em>Les Ribaudires</em> is a hamlet set in the heart of beautiful countryside. It is very peaceful, with varied wildlife, great for bird watchers and nature lovers generally. Although in a very rural setting, all amenities can be found only a 10 minute drive away in the historic town of St Jean d\'Angely. It has a twice weekly market (great cheese, fish and vegetable stalls), supermarkets, restaurants, banks and other shops.</p>\n<p>For the more energetic, the quiet country roads and gently rolling landscape are great for walking and cycling. We have numerous bikes of various sizes, available free of charge. There are tennis courts at Tonnay Boutonne (about 10 minutes away) and a swimming complex and boating lake (with canoes, pedaloes, mini golf and the like) at St Jean d\'Angely.</p>\n<p>We are close to a number of 18 hole Golf courses; Saintes, Cognac and Royan are specially recommended. Booking is easy, and green fees are reasonable. The courses are attractive and the weather is generally good.</p>\n<p>If you are looking for a day at the beach, we are just 35 minutes away from lovely beaches like Fouras and Chatelaillon, and less than an hour from the beaches of St. Palais, Chatelaillon Plage, and the le de R. Further day trip possiblities are La Rochelle, Cognac, Futuroscope and Royan; all within easy reach.</p>','Welcome to our gite complex in the sunny Charente Maritime. If you are looking for a relaxing holiday where you can unwind in beautiful surroundings, or perhaps something a little more energetic, then this is the place for you.'),(165,184,1,'Welcome to Les Ribaudires','2023-12-01 15:13:20','2023-12-01 15:13:20','8d1d6f0e-71d0-4f5c-af62-60ba87dad520',NULL,NULL,'<p>Welcome to our gite complex in the sunny Charente Maritime. If you are looking for a relaxing holiday where you can unwind in beautiful surroundings, or perhaps something a little more energetic, then this is the place for you.</p>\n<p>Both of our character gites have been renovated to a high standard, whilst retaining many original features, such as oak beams and stonework. Sunset and Jasmine each has its own private pool. Each gite has a private courtyard, with table and chairs set out under its own shady, vine covered pergola - perfect for outdoor eating and drinking.</p>\n<p><em>Les Ribaudires</em> is a hamlet set in the heart of beautiful countryside. It is very peaceful, with varied wildlife, great for bird watchers and nature lovers generally. Although in a very rural setting, all amenities can be found only a 10 minute drive away in the historic town of St Jean d\'Angely. It has a twice weekly market (great cheese, fish and vegetable stalls), supermarkets, restaurants, banks and other shops.</p>\n<p>For the more energetic, the quiet country roads and gently rolling landscape are great for walking and cycling. We have numerous bikes of various sizes, available free of charge. There are tennis courts at Tonnay Boutonne (about 10 minutes away) and a swimming complex and boating lake (with canoes, pedaloes, mini golf and the like) at St Jean d\'Angely.</p>\n<p>We are close to a number of 18 hole Golf courses; Saintes, Cognac and Royan are specially recommended. Booking is easy, and green fees are reasonable. The courses are attractive and the weather is generally good.</p>\n<p>If you are looking for a day at the beach, we are just 35 minutes away from lovely beaches like Fouras and Chatelaillon, and less than an hour from the beaches of St. Palais, Chatelaillon Plage, and the le de R. Further day trip possiblities are La Rochelle, Cognac, Futuroscope and Royan; all within easy reach.</p>','Welcome to our gite complex in the sunny Charente Maritime. If you are looking for a relaxing holiday where you can unwind in beautiful surroundings, or perhaps something a little more energetic, then this is the place for you.'),(167,186,1,'Welcome to Les Ribaudires','2023-12-01 15:13:48','2023-12-01 15:13:48','3ffcff39-5305-424b-8b34-6c9498a8e9d5',NULL,NULL,'<p>Welcome to our gite complex in the sunny Charente Maritime. If you are looking for a relaxing holiday where you can unwind in beautiful surroundings, or perhaps something a little more energetic, then this is the place for you.</p>\n<p>Both of our character gites have been renovated to a high standard, whilst retaining many original features, such as oak beams and stonework. Sunset and Jasmine each has its own private pool. Each gite has a private courtyard, with table and chairs set out under its own shady, vine covered pergola - perfect for outdoor eating and drinking.</p>\n<p><em>Les Ribaudires</em> is a hamlet set in the heart of beautiful countryside. It is very peaceful, with varied wildlife, great for bird watchers and nature lovers generally. Although in a very rural setting, all amenities can be found only a 10 minute drive away in the historic town of St Jean d\'Angely. It has a twice weekly market (great cheese, fish and vegetable stalls), supermarkets, restaurants, banks and other shops.</p>\n<p>For the more energetic, the quiet country roads and gently rolling landscape are great for walking and cycling. We have numerous bikes of various sizes, available free of charge. There are tennis courts at Tonnay Boutonne (about 10 minutes away) and a swimming complex and boating lake (with canoes, pedaloes, mini golf and the like) at St Jean d\'Angely.</p>\n<p>We are close to a number of 18 hole Golf courses; Saintes, Cognac and Royan are specially recommended. Booking is easy, and green fees are reasonable. The courses are attractive and the weather is generally good.</p>\n<p>If you are looking for a day at the beach, we are just 35 minutes away from lovely beaches like Fouras and Chatelaillon, and less than an hour from the beaches of St. Palais, Chatelaillon Plage, and the le de R. Further day trip possiblities are La Rochelle, Cognac, Futuroscope and Royan; all within easy reach.</p>','Welcome to our gite complex in the sunny Charente Maritime. If you are looking for a relaxing holiday where you can unwind in beautiful surroundings, or perhaps something a little more energetic, then this is the place for you.'),(169,188,1,'Welcome to Les Ribaudires','2023-12-01 15:14:40','2023-12-01 15:14:40','b3ac57b4-4d9a-450d-82b2-81c06d89477f',NULL,NULL,'<p>Welcome to our gite complex in the sunny Charente Maritime. If you are looking for a relaxing holiday where you can unwind in beautiful surroundings, or perhaps something a little more energetic, then this is the place for you.</p>\n<p>Both of our character gites have been renovated to a high standard, whilst retaining many original features, such as oak beams and stonework. Sunset and Jasmine each has its own private pool. Each gite has a private courtyard, with table and chairs set out under its own shady, vine covered pergola - perfect for outdoor eating and drinking.</p>\n<p><em>Les Ribaudires</em> is a hamlet set in the heart of beautiful countryside. It is very peaceful, with varied wildlife, great for bird watchers and nature lovers generally. Although in a very rural setting, all amenities can be found only a 10 minute drive away in the historic town of St Jean d\'Angely. It has a twice weekly market (great cheese, fish and vegetable stalls), supermarkets, restaurants, banks and other shops.</p>\n<p>For the more energetic, the quiet country roads and gently rolling landscape are great for walking and cycling. We have numerous bikes of various sizes, available free of charge. There are tennis courts at Tonnay Boutonne (about 10 minutes away) and a swimming complex and boating lake (with canoes, pedaloes, mini golf and the like) at St Jean d\'Angely.</p>\n<p>We are close to a number of 18 hole Golf courses; Saintes, Cognac and Royan are specially recommended. Booking is easy, and green fees are reasonable. The courses are attractive and the weather is generally good.</p>\n<p>If you are looking for a day at the beach, we are just 35 minutes away from lovely beaches like Fouras and Chatelaillon, and less than an hour from the beaches of St. Palais, Chatelaillon Plage, and the le de R. Further day trip possiblities are La Rochelle, Cognac, Futuroscope and Royan; all within easy reach.</p>','Welcome to our gite complex in the sunny Charente Maritime. If you are looking for a relaxing holiday where you can unwind in beautiful surroundings, or perhaps something a little more energetic, then this is the place for you.'),(171,190,1,'Our Pools','2023-12-01 15:15:31','2023-12-01 15:15:31','4cbcbe49-a7fd-483d-aab8-4d58d66dfd3d',NULL,NULL,'<p>There are two pools here at Les Ribaudieres. Each gite has its own private pool.</p>\n<p>Jasmine has its own swimming pool (11m by 4.5m) with sunbathing terrace. Sunset has its own pool (8m by 4.5m) and sunbathing terrace.</p>\n\n<p>The pools are of a similar design with steps at the shallow end which are ideal for toddlers to splash about in while supervised. The deep end is 2m.</p>\n\n<h3>POOL SAFETY</h3>\n<p>Our pools have security fencing which conforms with stringent French safety standards. However, it is the responsibility of our guests to ensure their own safety and that of their children around the pools.</p>\n<p>Please note that the pools are not heated and are decommissioned from the end of September to mid May each year.</p>','There are two pools here at Les Ribaudieres. Each gite has its own private pool.\n\nJasmine has its own swimming pool (11m by 4.5m) with sunbathing terrace. Sunset has its own pool (8m by 4.5m) and sunbathing terrace.'),(173,192,1,'Out and About','2023-12-01 15:16:14','2023-12-01 15:16:14','6ac99fc2-47c3-471d-9e91-cad9a34a5035',NULL,NULL,'<p>The Charente Maritime enjoys a climate second only to the Riviera. Official figures show that we enjoy, on average, 2250 hours of sunshine a year, compared with 1750 in northern France, which means mild winters and long glorious summers. There is plenty to see and do in the area and all within an hour from Les Ribaudieres.</p>\n<p>Why not sit and watch the world go by in one of the many harbour restaurants in the cosmopolitan town of La Rochelle or take in the atmosphere of the lively resort of Royan.</p>\n<p>If you prefer quieter pursuits, then you will probably enjoy the typically French seaside town of Fouras or perhaps messing about in a boat to discover the canals of the Marais Poitevin. Or, why not wander round one of the many local markets or perhaps visit Cognac for a tour of one of the cognac houses and try some of the local Pineau.</p>\n<ul><li>A twenty-five minute walk from Les Ribaudieres is the small village of St Loup. In the village there is a bar which, along-side the usual drinks and coffees, serves simple home-cooked French food at lunchtimes. Next door there is a small grocery shop.</li><li>La Rochelle is about 45 minutes drive from Les Ribaudieres. Here you can enjoy a relaxed cosmopolitan atmosphere, where visitors enjoy local seafood and wine, film festivals, historic sites, take a trip to Fort Boyard, or just sit and watch the world go by at the marina side. <a href=\"\">https://www.larochelle.fr/</a></li><li>St Jean dAngely is a small and historic town with a twice weekly market. The speciality of the area is, of course, seafood and when in season the stalls are overflowing with oysters, which last year were only about 20p each. You get a fantastic view of the town if you climb to the top of the unfinished abbey towers. <a href=\"\">http://www.angely.net</a></li><li>Brouage is an ancient town founded in about 1555. It is completely walled and played a vital role then in the defence of the coastline. The walls have stood the test of time, and there are views of the Marais or salt marshes from the ramparts. <a href=\"\">https://www.oleron-island.com/getting-ready-for-my-holidays/what-to-do/heritage-and-museums/citadelle-de-brouage/</a></li><li>Cognac is worth a trip; it is a beautiful town and you can visit one of the many cognac houses. Why not try some of the local Pineau while you are there; it\'s delicious! <a href=\"\">http://www.cognac.fr/web_bnic_en/asp/accueil3.asp</a></li></ul>\n<p>&lt; </p>\n<p>So why not come and see for yourself? You\'ll be guaranteed a warm welcome here at Les Ribaudieres in the heart of the sunny Charente Maritime.</p>\n<h3>USEFUL LINKS</h3>\n<ul><li>WEATHER: <a href=\"https://www.accuweather.com/en/fr/arces/136345/weather-forecast/136345\">https://www.accuweather.com/en/fr/arces/136345/weather-forecast/136345</a></li><li>ROUTE PLANNING: <a href=\"http://www.mappy.com/\">http://www.mappy.com</a></li></ul>','The Charente Maritime enjoys a climate second only to the Riviera. Official figures show that we enjoy, on average, 2250 hours of sunshine a year, compared with 1750 in northern France, which means mild winters and long glorious summers. There is plenty to see and do in the area and all within an hour from Les Ribaudieres.'),(175,194,1,'Welcome to Les Ribaudires','2023-12-01 15:18:45','2023-12-01 15:18:45','c52e7daf-4aa2-4dae-b2a1-2d3f3096155b',NULL,NULL,'<p>Welcome to our gite complex in the sunny Charente Maritime. If you are looking for a relaxing holiday where you can unwind in beautiful surroundings, or perhaps something a little more energetic, then this is the place for you.</p>\n<p>Both of our character gites have been renovated to a high standard, whilst retaining many original features, such as oak beams and stonework. Sunset and Jasmine each has its own private pool. Each gite has a private courtyard, with table and chairs set out under its own shady, vine covered pergola - perfect for outdoor eating and drinking.</p>\n<p><em>Les Ribaudires</em> is a hamlet set in the heart of beautiful countryside. It is very peaceful, with varied wildlife, great for bird watchers and nature lovers generally. Although in a very rural setting, all amenities can be found only a 10 minute drive away in the historic town of St Jean d\'Angely. It has a twice weekly market (great cheese, fish and vegetable stalls), supermarkets, restaurants, banks and other shops.</p>\n<p>For the more energetic, the quiet country roads and gently rolling landscape are great for walking and cycling. We have numerous bikes of various sizes, available free of charge. There are tennis courts at Tonnay Boutonne (about 10 minutes away) and a swimming complex and boating lake (with canoes, pedaloes, mini golf and the like) at St Jean d\'Angely.</p>\n<p>We are close to a number of 18 hole Golf courses; Saintes, Cognac and Royan are specially recommended. Booking is easy, and green fees are reasonable. The courses are attractive and the weather is generally good.</p>\n<p>If you are looking for a day at the beach, we are just 35 minutes away from lovely beaches like Fouras and Chatelaillon, and less than an hour from the beaches of St. Palais, Chatelaillon Plage, and the le de R. Further day trip possiblities are La Rochelle, Cognac, Futuroscope and Royan; all within easy reach.</p>','Welcome to our gite complex in the sunny Charente Maritime. If you are looking for a relaxing holiday where you can unwind in beautiful surroundings, or perhaps something a little more energetic, then this is the place for you.'),(177,196,1,'Welcome to Les Ribaudires','2023-12-01 15:19:03','2023-12-01 15:19:03','aa20d45b-5204-4b82-b75d-06ec130b2d67',NULL,NULL,'<p>Welcome to our gite complex in the sunny Charente Maritime. If you are looking for a relaxing holiday where you can unwind in beautiful surroundings, or perhaps something a little more energetic, then this is the place for you.</p>\n<p>Both of our character gites have been renovated to a high standard, whilst retaining many original features, such as oak beams and stonework. Sunset and Jasmine each has its own private pool. Each gite has a private courtyard, with table and chairs set out under its own shady, vine covered pergola - perfect for outdoor eating and drinking.</p>\n<p><em>Les Ribaudires</em> is a hamlet set in the heart of beautiful countryside. It is very peaceful, with varied wildlife, great for bird watchers and nature lovers generally. Although in a very rural setting, all amenities can be found only a 10 minute drive away in the historic town of St Jean d\'Angely. It has a twice weekly market (great cheese, fish and vegetable stalls), supermarkets, restaurants, banks and other shops.</p>\n<p>For the more energetic, the quiet country roads and gently rolling landscape are great for walking and cycling. We have numerous bikes of various sizes, available free of charge. There are tennis courts at Tonnay Boutonne (about 10 minutes away) and a swimming complex and boating lake (with canoes, pedaloes, mini golf and the like) at St Jean d\'Angely.</p>\n<p>We are close to a number of 18 hole Golf courses; Saintes, Cognac and Royan are specially recommended. Booking is easy, and green fees are reasonable. The courses are attractive and the weather is generally good.</p>\n<p>If you are looking for a day at the beach, we are just 35 minutes away from lovely beaches like Fouras and Chatelaillon, and less than an hour from the beaches of St. Palais, Chatelaillon Plage, and the le de R. Further day trip possiblities are La Rochelle, Cognac, Futuroscope and Royan; all within easy reach.</p>','Welcome to our gite complex in the sunny Charente Maritime. If you are looking for a relaxing holiday where you can unwind in beautiful surroundings, or perhaps something a little more energetic, then this is the place for you.'),(178,197,1,'Welcome to Les Ribaudires','2023-12-01 15:19:18','2023-12-01 15:19:18','3c5824d6-8ad1-495b-9681-4c530484b4a3',NULL,NULL,'<p>Welcome to our gite complex in the sunny Charente Maritime. If you are looking for a relaxing holiday where you can unwind in beautiful surroundings, or perhaps something a little more energetic, then this is the place for you.</p>\n<p>Both of our character gites have been renovated to a high standard, whilst retaining many original features, such as oak beams and stonework. Sunset and Jasmine each has its own private pool. Each gite has a private courtyard, with table and chairs set out under its own shady, vine covered pergola - perfect for outdoor eating and drinking.</p>\n<p><em>Les Ribaudires</em> is a hamlet set in the heart of beautiful countryside. It is very peaceful, with varied wildlife, great for bird watchers and nature lovers generally. Although in a very rural setting, all amenities can be found only a 10 minute drive away in the historic town of St Jean d\'Angely. It has a twice weekly market (great cheese, fish and vegetable stalls), supermarkets, restaurants, banks and other shops.</p>\n<p>For the more energetic, the quiet country roads and gently rolling landscape are great for walking and cycling. We have numerous bikes of various sizes, available free of charge. There are tennis courts at Tonnay Boutonne (about 10 minutes away) and a swimming complex and boating lake (with canoes, pedaloes, mini golf and the like) at St Jean d\'Angely.</p>\n<p>We are close to a number of 18 hole Golf courses; Saintes, Cognac and Royan are specially recommended. Booking is easy, and green fees are reasonable. The courses are attractive and the weather is generally good.</p>\n<p>If you are looking for a day at the beach, we are just 35 minutes away from lovely beaches like Fouras and Chatelaillon, and less than an hour from the beaches of St. Palais, Chatelaillon Plage, and the le de R. Further day trip possiblities are La Rochelle, Cognac, Futuroscope and Royan; all within easy reach.</p>','Welcome to our gite complex in the sunny Charente Maritime. If you are looking for a relaxing holiday where you can unwind in beautiful surroundings, or perhaps something a little more energetic, then this is the place for you.'),(179,198,1,'Welcome to Les Ribaudires','2023-12-01 15:19:22','2023-12-01 20:15:08','9e6baa8a-e1ea-4e30-a485-d3c1446de30e',NULL,NULL,'<p>Both of our character gites have been renovated to a high standard, whilst retaining many original features, such as oak beams and stonework. Sunset and Jasmine each has its own private pool. Each gite has a private courtyard, with table and chairs set out under its own shady, vine covered pergola - perfect for outdoor eating and drinking.</p><figure><img src=\"{asset:151:url||https://lesribgites.ddev.site/uploads/images/Mood-shot-of-the-House-and-general-Complex-small_2023-12-01-135012_ubnr.jpg}\" alt=\"\" /></figure>\n\n<p><em>Les Ribaudires</em> is a hamlet set in the heart of beautiful countryside. It is very peaceful, with varied wildlife, great for bird watchers and nature lovers generally. Although in a very rural setting, all amenities can be found only a 10 minute drive away in the historic town of St Jean d\'Angely. It has a twice weekly market (great cheese, fish and vegetable stalls), supermarkets, restaurants, banks and other shops.</p>\n<p>For the more energetic, the quiet country roads and gently rolling landscape are great for walking and cycling. We have numerous bikes of various sizes, available free of charge. There are tennis courts at Tonnay Boutonne (about 10 minutes away) and a swimming complex and boating lake (with canoes, pedaloes, mini golf and the like) at St Jean d\'Angely.</p>\n<p>We are close to a number of 18 hole Golf courses; Saintes, Cognac and Royan are specially recommended. Booking is easy, and green fees are reasonable. The courses are attractive and the weather is generally good.</p>\n<p>If you are looking for a day at the beach, we are just 35 minutes away from lovely beaches like Fouras and Chatelaillon, and less than an hour from the beaches of St. Palais, Chatelaillon Plage, and the le de R. Further day trip possiblities are La Rochelle, Cognac, Futuroscope and Royan; all within easy reach.</p>','Welcome to our gite complex in the sunny Charente Maritime. If you are looking for a relaxing holiday where you can unwind in beautiful surroundings, or perhaps something a little more energetic, then this is the place for you.'),(180,199,1,'Welcome to Les Ribaudires','2023-12-01 15:19:29','2023-12-01 15:19:29','e683c1b9-12a9-4e28-93ed-a0314299bdca',NULL,NULL,NULL,NULL),(181,200,1,'Welcome to Les Ribaudires','2023-12-01 15:19:37','2023-12-01 15:19:37','fdaf58ac-b826-4f00-9f48-c759427c71ba',NULL,NULL,NULL,NULL),(182,201,1,'Welcome to Les Ribaudires','2023-12-01 15:19:44','2023-12-01 15:19:44','5fc136d8-2ed7-4e0d-ad24-3b54619cd0e5',NULL,NULL,NULL,NULL),(183,202,1,'Welcome to Les Ribaudires','2023-12-01 15:19:53','2023-12-01 15:19:53','38264713-0f4c-4e69-ad58-9a48c0b91c41',NULL,NULL,'<p>Welcome to our gite complex in the sunny Charente Maritime. If you are looking for a relaxing holiday where you can unwind in beautiful surroundings, or perhaps something a little more energetic, then this is the place for you.</p>\n<p>Both of our character gites have been renovated to a high standard, whilst retaining many original features, such as oak beams and stonework. Sunset and Jasmine each has its own private pool. Each gite has a private courtyard, with table and chairs set out under its own shady, vine covered pergola - perfect for outdoor eating and drinking.</p>\n<p><em>Les Ribaudires</em> is a hamlet set in the heart of beautiful countryside. It is very peaceful, with varied wildlife, great for bird watchers and nature lovers generally. Although in a very rural setting, all amenities can be found only a 10 minute drive away in the historic town of St Jean d\'Angely. It has a twice weekly market (great cheese, fish and vegetable stalls), supermarkets, restaurants, banks and other shops.</p>\n<p>For the more energetic, the quiet country roads and gently rolling landscape are great for walking and cycling. We have numerous bikes of various sizes, available free of charge. There are tennis courts at Tonnay Boutonne (about 10 minutes away) and a swimming complex and boating lake (with canoes, pedaloes, mini golf and the like) at St Jean d\'Angely.</p>\n<p>We are close to a number of 18 hole Golf courses; Saintes, Cognac and Royan are specially recommended. Booking is easy, and green fees are reasonable. The courses are attractive and the weather is generally good.</p>\n<p>If you are looking for a day at the beach, we are just 35 minutes away from lovely beaches like Fouras and Chatelaillon, and less than an hour from the beaches of St. Palais, Chatelaillon Plage, and the le de R. Further day trip possiblities are La Rochelle, Cognac, Futuroscope and Royan; all within easy reach.</p>','Welcome to our gite complex in the sunny Charente Maritime. If you are looking for a relaxing holiday where you can unwind in beautiful surroundings, or perhaps something a little more energetic, then this is the place for you.'),(185,204,1,'Welcome to Les Ribaudires','2023-12-01 15:20:02','2023-12-01 15:20:02','fb9bec10-df44-453b-8663-6684612fe1e2',NULL,NULL,'<p>Welcome to our gite complex in the sunny Charente Maritime. If you are looking for a relaxing holiday where you can unwind in beautiful surroundings, or perhaps something a little more energetic, then this is the place for you.</p>\n<p>Both of our character gites have been renovated to a high standard, whilst retaining many original features, such as oak beams and stonework. Sunset and Jasmine each has its own private pool. Each gite has a private courtyard, with table and chairs set out under its own shady, vine covered pergola - perfect for outdoor eating and drinking.</p>\n<p><em>Les Ribaudires</em> is a hamlet set in the heart of beautiful countryside. It is very peaceful, with varied wildlife, great for bird watchers and nature lovers generally. Although in a very rural setting, all amenities can be found only a 10 minute drive away in the historic town of St Jean d\'Angely. It has a twice weekly market (great cheese, fish and vegetable stalls), supermarkets, restaurants, banks and other shops.</p>\n<p>For the more energetic, the quiet country roads and gently rolling landscape are great for walking and cycling. We have numerous bikes of various sizes, available free of charge. There are tennis courts at Tonnay Boutonne (about 10 minutes away) and a swimming complex and boating lake (with canoes, pedaloes, mini golf and the like) at St Jean d\'Angely.</p>\n<p>We are close to a number of 18 hole Golf courses; Saintes, Cognac and Royan are specially recommended. Booking is easy, and green fees are reasonable. The courses are attractive and the weather is generally good.</p>\n<p>If you are looking for a day at the beach, we are just 35 minutes away from lovely beaches like Fouras and Chatelaillon, and less than an hour from the beaches of St. Palais, Chatelaillon Plage, and the le de R. Further day trip possiblities are La Rochelle, Cognac, Futuroscope and Royan; all within easy reach.</p>',NULL),(186,205,1,'Welcome to Les Ribaudires','2023-12-01 15:20:11','2023-12-01 15:20:11','25b1c718-8a34-4594-8313-b62b399c5af2',NULL,NULL,'<p>Welcome to our gite complex in the sunny Charente Maritime. If you are looking for a relaxing holiday where you can unwind in beautiful surroundings, or perhaps something a little more energetic, then this is the place for you.</p>\n<p>Both of our character gites have been renovated to a high standard, whilst retaining many original features, such as oak beams and stonework. Sunset and Jasmine each has its own private pool. Each gite has a private courtyard, with table and chairs set out under its own shady, vine covered pergola - perfect for outdoor eating and drinking.</p>\n<p><em>Les Ribaudires</em> is a hamlet set in the heart of beautiful countryside. It is very peaceful, with varied wildlife, great for bird watchers and nature lovers generally. Although in a very rural setting, all amenities can be found only a 10 minute drive away in the historic town of St Jean d\'Angely. It has a twice weekly market (great cheese, fish and vegetable stalls), supermarkets, restaurants, banks and other shops.</p>\n<p>For the more energetic, the quiet country roads and gently rolling landscape are great for walking and cycling. We have numerous bikes of various sizes, available free of charge. There are tennis courts at Tonnay Boutonne (about 10 minutes away) and a swimming complex and boating lake (with canoes, pedaloes, mini golf and the like) at St Jean d\'Angely.</p>\n<p>We are close to a number of 18 hole Golf courses; Saintes, Cognac and Royan are specially recommended. Booking is easy, and green fees are reasonable. The courses are attractive and the weather is generally good.</p>\n<p>If you are looking for a day at the beach, we are just 35 minutes away from lovely beaches like Fouras and Chatelaillon, and less than an hour from the beaches of St. Palais, Chatelaillon Plage, and the le de R. Further day trip possiblities are La Rochelle, Cognac, Futuroscope and Royan; all within easy reach.</p>','Welcome to our gite complex in the sunny Charente Maritime. If you are looking for a relaxing holiday where you can unwind in beautiful surroundings, or perhaps something a little more energetic, then this is the place for you.'),(188,207,1,'Welcome to Les Ribaudires','2023-12-01 15:20:20','2023-12-01 15:20:20','131e9344-6948-4e69-b8c7-0064bb84424a',NULL,NULL,'<p>Welcome to our gite complex in the sunny Charente Maritime. If you are looking for a relaxing holiday where you can unwind in beautiful surroundings, or perhaps something a little more energetic, then this is the place for you.</p>\n<p>Both of our character gites have been renovated to a high standard, whilst retaining many original features, such as oak beams and stonework. Sunset and Jasmine each has its own private pool. Each gite has a private courtyard, with table and chairs set out under its own shady, vine covered pergola - perfect for outdoor eating and drinking.</p>\n<p><em>Les Ribaudires</em> is a hamlet set in the heart of beautiful countryside. It is very peaceful, with varied wildlife, great for bird watchers and nature lovers generally. Although in a very rural setting, all amenities can be found only a 10 minute drive away in the historic town of St Jean d\'Angely. It has a twice weekly market (great cheese, fish and vegetable stalls), supermarkets, restaurants, banks and other shops.</p>\n<p>For the more energetic, the quiet country roads and gently rolling landscape are great for walking and cycling. We have numerous bikes of various sizes, available free of charge. There are tennis courts at Tonnay Boutonne (about 10 minutes away) and a swimming complex and boating lake (with canoes, pedaloes, mini golf and the like) at St Jean d\'Angely.</p>\n<p>We are close to a number of 18 hole Golf courses; Saintes, Cognac and Royan are specially recommended. Booking is easy, and green fees are reasonable. The courses are attractive and the weather is generally good.</p>\n<p>If you are looking for a day at the beach, we are just 35 minutes away from lovely beaches like Fouras and Chatelaillon, and less than an hour from the beaches of St. Palais, Chatelaillon Plage, and the le de R. Further day trip possiblities are La Rochelle, Cognac, Futuroscope and Royan; all within easy reach.</p>','Welcome to our gite complex in the sunny Charente Maritime. If you are looking for a relaxing holiday where you can unwind in beautiful surroundings, or perhaps something a little more energetic, then this is the place for you.'),(190,209,1,'Welcome to Les Ribaudires','2023-12-01 15:21:23','2023-12-01 15:21:23','cf7cdb82-8e76-4b7b-b4a2-1c88cc6ecbe8',NULL,NULL,'<p>Welcome to our gite complex in the sunny Charente Maritime. If you are looking for a relaxing holiday where you can unwind in beautiful surroundings, or perhaps something a little more energetic, then this is the place for you.</p>\n<p>Both of our character gites have been renovated to a high standard, whilst retaining many original features, such as oak beams and stonework. Sunset and Jasmine each has its own private pool. Each gite has a private courtyard, with table and chairs set out under its own shady, vine covered pergola - perfect for outdoor eating and drinking.</p>\n<p><em>Les Ribaudires</em> is a hamlet set in the heart of beautiful countryside. It is very peaceful, with varied wildlife, great for bird watchers and nature lovers generally. Although in a very rural setting, all amenities can be found only a 10 minute drive away in the historic town of St Jean d\'Angely. It has a twice weekly market (great cheese, fish and vegetable stalls), supermarkets, restaurants, banks and other shops.</p>\n<p>For the more energetic, the quiet country roads and gently rolling landscape are great for walking and cycling. We have numerous bikes of various sizes, available free of charge. There are tennis courts at Tonnay Boutonne (about 10 minutes away) and a swimming complex and boating lake (with canoes, pedaloes, mini golf and the like) at St Jean d\'Angely.</p>\n<p>We are close to a number of 18 hole Golf courses; Saintes, Cognac and Royan are specially recommended. Booking is easy, and green fees are reasonable. The courses are attractive and the weather is generally good.</p>\n<p>If you are looking for a day at the beach, we are just 35 minutes away from lovely beaches like Fouras and Chatelaillon, and less than an hour from the beaches of St. Palais, Chatelaillon Plage, and the le de R. Further day trip possiblities are La Rochelle, Cognac, Futuroscope and Royan; all within easy reach.</p>','Welcome to our gite complex in the sunny Charente Maritime. If you are looking for a relaxing holiday where you can unwind in beautiful surroundings, or perhaps something a little more energetic, then this is the place for you.'),(191,210,1,'Welcome to Les Ribaudires','2023-12-01 15:21:49','2023-12-01 15:21:49','959c757d-882d-4095-b9b5-ee7a9114fca5',NULL,NULL,'<p>Welcome to our gite complex in the sunny Charente Maritime. If you are looking for a relaxing holiday where you can unwind in beautiful surroundings, or perhaps something a little more energetic, then this is the place for you.</p>\n<p>Both of our character gites have been renovated to a high standard, whilst retaining many original features, such as oak beams and stonework. Sunset and Jasmine each has its own private pool. Each gite has a private courtyard, with table and chairs set out under its own shady, vine covered pergola - perfect for outdoor eating and drinking.</p>\n<p><em>Les Ribaudires</em> is a hamlet set in the heart of beautiful countryside. It is very peaceful, with varied wildlife, great for bird watchers and nature lovers generally. Although in a very rural setting, all amenities can be found only a 10 minute drive away in the historic town of St Jean d\'Angely. It has a twice weekly market (great cheese, fish and vegetable stalls), supermarkets, restaurants, banks and other shops.</p>\n<p>For the more energetic, the quiet country roads and gently rolling landscape are great for walking and cycling. We have numerous bikes of various sizes, available free of charge. There are tennis courts at Tonnay Boutonne (about 10 minutes away) and a swimming complex and boating lake (with canoes, pedaloes, mini golf and the like) at St Jean d\'Angely.</p>\n<p>We are close to a number of 18 hole Golf courses; Saintes, Cognac and Royan are specially recommended. Booking is easy, and green fees are reasonable. The courses are attractive and the weather is generally good.</p>\n<p>If you are looking for a day at the beach, we are just 35 minutes away from lovely beaches like Fouras and Chatelaillon, and less than an hour from the beaches of St. Palais, Chatelaillon Plage, and the le de R. Further day trip possiblities are La Rochelle, Cognac, Futuroscope and Royan; all within easy reach.</p>','Welcome to our gite complex in the sunny Charente Maritime. If you are looking for a relaxing holiday where you can unwind in beautiful surroundings, or perhaps something a little more energetic, then this is the place for you.'),(192,211,1,'Welcome to Les Ribaudires','2023-12-01 15:21:49','2023-12-01 15:21:49','e14adda4-75d9-4ecc-b45f-6eb36152949f',NULL,NULL,'<p>Welcome to our gite complex in the sunny Charente Maritime. If you are looking for a relaxing holiday where you can unwind in beautiful surroundings, or perhaps something a little more energetic, then this is the place for you.</p>\n<p>Both of our character gites have been renovated to a high standard, whilst retaining many original features, such as oak beams and stonework. Sunset and Jasmine each has its own private pool. Each gite has a private courtyard, with table and chairs set out under its own shady, vine covered pergola - perfect for outdoor eating and drinking.</p>\n<p><em>Les Ribaudires</em> is a hamlet set in the heart of beautiful countryside. It is very peaceful, with varied wildlife, great for bird watchers and nature lovers generally. Although in a very rural setting, all amenities can be found only a 10 minute drive away in the historic town of St Jean d\'Angely. It has a twice weekly market (great cheese, fish and vegetable stalls), supermarkets, restaurants, banks and other shops.</p>\n<p>For the more energetic, the quiet country roads and gently rolling landscape are great for walking and cycling. We have numerous bikes of various sizes, available free of charge. There are tennis courts at Tonnay Boutonne (about 10 minutes away) and a swimming complex and boating lake (with canoes, pedaloes, mini golf and the like) at St Jean d\'Angely.</p>\n<p>We are close to a number of 18 hole Golf courses; Saintes, Cognac and Royan are specially recommended. Booking is easy, and green fees are reasonable. The courses are attractive and the weather is generally good.</p>\n<p>If you are looking for a day at the beach, we are just 35 minutes away from lovely beaches like Fouras and Chatelaillon, and less than an hour from the beaches of St. Palais, Chatelaillon Plage, and the le de R. Further day trip possiblities are La Rochelle, Cognac, Futuroscope and Royan; all within easy reach.</p>','Welcome to our gite complex in the sunny Charente Maritime. If you are looking for a relaxing holiday where you can unwind in beautiful surroundings, or perhaps something a little more energetic, then this is the place for you.'),(193,212,1,'Welcome to Les Ribaudires','2023-12-01 15:21:55','2023-12-01 15:21:55','c1b41a40-563f-4465-8a7b-c3cc242ce14f',NULL,NULL,'<p>Welcome to our gite complex in the sunny Charente Maritime. If you are looking for a relaxing holiday where you can unwind in beautiful surroundings, or perhaps something a little more energetic, then this is the place for you.</p>\n<p>Both of our character gites have been renovated to a high standard, whilst retaining many original features, such as oak beams and stonework. Sunset and Jasmine each has its own private pool. Each gite has a private courtyard, with table and chairs set out under its own shady, vine covered pergola - perfect for outdoor eating and drinking.</p>\n<p><em>Les Ribaudires</em> is a hamlet set in the heart of beautiful countryside. It is very peaceful, with varied wildlife, great for bird watchers and nature lovers generally. Although in a very rural setting, all amenities can be found only a 10 minute drive away in the historic town of St Jean d\'Angely. It has a twice weekly market (great cheese, fish and vegetable stalls), supermarkets, restaurants, banks and other shops.</p>\n<p>For the more energetic, the quiet country roads and gently rolling landscape are great for walking and cycling. We have numerous bikes of various sizes, available free of charge. There are tennis courts at Tonnay Boutonne (about 10 minutes away) and a swimming complex and boating lake (with canoes, pedaloes, mini golf and the like) at St Jean d\'Angely.</p>\n<p>We are close to a number of 18 hole Golf courses; Saintes, Cognac and Royan are specially recommended. Booking is easy, and green fees are reasonable. The courses are attractive and the weather is generally good.</p>\n<p>If you are looking for a day at the beach, we are just 35 minutes away from lovely beaches like Fouras and Chatelaillon, and less than an hour from the beaches of St. Palais, Chatelaillon Plage, and the le de R. Further day trip possiblities are La Rochelle, Cognac, Futuroscope and Royan; all within easy reach.</p>','Welcome to our gite complex in the sunny Charente Maritime. If you are looking for a relaxing holiday where you can unwind in beautiful surroundings, or perhaps something a little more energetic, then this is the place for you.'),(194,213,1,'Welcome to Les Ribaudires','2023-12-01 15:21:55','2023-12-01 15:21:55','1396dca9-31dd-40f5-8912-a47a984aec66',NULL,NULL,'<p>Welcome to our gite complex in the sunny Charente Maritime. If you are looking for a relaxing holiday where you can unwind in beautiful surroundings, or perhaps something a little more energetic, then this is the place for you.</p>\n<p>Both of our character gites have been renovated to a high standard, whilst retaining many original features, such as oak beams and stonework. Sunset and Jasmine each has its own private pool. Each gite has a private courtyard, with table and chairs set out under its own shady, vine covered pergola - perfect for outdoor eating and drinking.</p>\n<p><em>Les Ribaudires</em> is a hamlet set in the heart of beautiful countryside. It is very peaceful, with varied wildlife, great for bird watchers and nature lovers generally. Although in a very rural setting, all amenities can be found only a 10 minute drive away in the historic town of St Jean d\'Angely. It has a twice weekly market (great cheese, fish and vegetable stalls), supermarkets, restaurants, banks and other shops.</p>\n<p>For the more energetic, the quiet country roads and gently rolling landscape are great for walking and cycling. We have numerous bikes of various sizes, available free of charge. There are tennis courts at Tonnay Boutonne (about 10 minutes away) and a swimming complex and boating lake (with canoes, pedaloes, mini golf and the like) at St Jean d\'Angely.</p>\n<p>We are close to a number of 18 hole Golf courses; Saintes, Cognac and Royan are specially recommended. Booking is easy, and green fees are reasonable. The courses are attractive and the weather is generally good.</p>\n<p>If you are looking for a day at the beach, we are just 35 minutes away from lovely beaches like Fouras and Chatelaillon, and less than an hour from the beaches of St. Palais, Chatelaillon Plage, and the le de R. Further day trip possiblities are La Rochelle, Cognac, Futuroscope and Royan; all within easy reach.</p>','Welcome to our gite complex in the sunny Charente Maritime. If you are looking for a relaxing holiday where you can unwind in beautiful surroundings, or perhaps something a little more energetic, then this is the place for you.'),(196,215,1,'Home','2023-12-01 15:22:35','2023-12-01 15:22:35','54c530d3-894d-4e15-a545-2d4818b80e79','Quality gites in the heart of rural France','<h2>Your Hosts</h2>\n<p>John and Dot moved to France in 2004 and have been operating gites atLes Ribaudieres, close toSt Jean dAngely where they have lived ever since.</p>',NULL,NULL),(198,218,1,'Welcome to Les Ribaudires','2023-12-01 15:23:17','2023-12-01 15:23:17','5b6dde32-d71e-4ba5-864d-b00d12c86369',NULL,NULL,'<p>Welcome to our gite complex in the sunny Charente Maritime. If you are looking for a relaxing holiday where you can unwind in beautiful surroundings, or perhaps something a little more energetic, then this is the place for you.</p>\n<p>Both of our character gites have been renovated to a high standard, whilst retaining many original features, such as oak beams and stonework. Sunset and Jasmine each has its own private pool. Each gite has a private courtyard, with table and chairs set out under its own shady, vine covered pergola - perfect for outdoor eating and drinking.</p>\n<p><em>Les Ribaudires</em> is a hamlet set in the heart of beautiful countryside. It is very peaceful, with varied wildlife, great for bird watchers and nature lovers generally. Although in a very rural setting, all amenities can be found only a 10 minute drive away in the historic town of St Jean d\'Angely. It has a twice weekly market (great cheese, fish and vegetable stalls), supermarkets, restaurants, banks and other shops.</p>\n<p>For the more energetic, the quiet country roads and gently rolling landscape are great for walking and cycling. We have numerous bikes of various sizes, available free of charge. There are tennis courts at Tonnay Boutonne (about 10 minutes away) and a swimming complex and boating lake (with canoes, pedaloes, mini golf and the like) at St Jean d\'Angely.</p>\n<p>We are close to a number of 18 hole Golf courses; Saintes, Cognac and Royan are specially recommended. Booking is easy, and green fees are reasonable. The courses are attractive and the weather is generally good.</p>\n<p>If you are looking for a day at the beach, we are just 35 minutes away from lovely beaches like Fouras and Chatelaillon, and less than an hour from the beaches of St. Palais, Chatelaillon Plage, and the le de R. Further day trip possiblities are La Rochelle, Cognac, Futuroscope and Royan; all within easy reach.</p>','Welcome to our gite complex in the sunny Charente Maritime. If you are looking for a relaxing holiday where you can unwind in beautiful surroundings, or perhaps something a little more energetic, then this is the place for you.'),(200,220,1,'St Jean Cathedral','2023-12-01 15:26:06','2023-12-01 15:26:06','0a35e488-6393-4f6d-a172-9a05cbd229b5',NULL,NULL,NULL,NULL),(201,221,1,'Out and About','2023-12-01 15:26:10','2023-12-01 15:26:10','aeca2ad0-7768-43b8-bf8a-4ce553bdd04e',NULL,NULL,'<p>The Charente Maritime enjoys a climate second only to the Riviera. Official figures show that we enjoy, on average, 2250 hours of sunshine a year, compared with 1750 in northern France, which means mild winters and long glorious summers. There is plenty to see and do in the area and all within an hour from Les Ribaudieres.</p>\n<p>Why not sit and watch the world go by in one of the many harbour restaurants in the cosmopolitan town of La Rochelle or take in the atmosphere of the lively resort of Royan.</p>\n<p>If you prefer quieter pursuits, then you will probably enjoy the typically French seaside town of Fouras or perhaps messing about in a boat to discover the canals of the Marais Poitevin. Or, why not wander round one of the many local markets or perhaps visit Cognac for a tour of one of the cognac houses and try some of the local Pineau.</p>\n<ul><li>A twenty-five minute walk from Les Ribaudieres is the small village of St Loup. In the village there is a bar which, along-side the usual drinks and coffees, serves simple home-cooked French food at lunchtimes. Next door there is a small grocery shop.</li><li>La Rochelle is about 45 minutes drive from Les Ribaudieres. Here you can enjoy a relaxed cosmopolitan atmosphere, where visitors enjoy local seafood and wine, film festivals, historic sites, take a trip to Fort Boyard, or just sit and watch the world go by at the marina side. <a href=\"\">https://www.larochelle.fr/</a></li><li>St Jean dAngely is a small and historic town with a twice weekly market. The speciality of the area is, of course, seafood and when in season the stalls are overflowing with oysters, which last year were only about 20p each. You get a fantastic view of the town if you climb to the top of the unfinished abbey towers. <a href=\"\">http://www.angely.net</a></li><li>Brouage is an ancient town founded in about 1555. It is completely walled and played a vital role then in the defence of the coastline. The walls have stood the test of time, and there are views of the Marais or salt marshes from the ramparts. <a href=\"\">https://www.oleron-island.com/getting-ready-for-my-holidays/what-to-do/heritage-and-museums/citadelle-de-brouage/</a></li><li>Cognac is worth a trip; it is a beautiful town and you can visit one of the many cognac houses. Why not try some of the local Pineau while you are there; it\'s delicious! <a href=\"\">http://www.cognac.fr/web_bnic_en/asp/accueil3.asp</a></li></ul>\n<p>So why not come and see for yourself? You\'ll be guaranteed a warm welcome here at Les Ribaudieres in the heart of the sunny Charente Maritime.</p>\n<h3>USEFUL LINKS</h3>\n<ul><li>WEATHER: <a href=\"https://www.accuweather.com/en/fr/arces/136345/weather-forecast/136345\">https://www.accuweather.com/en/fr/arces/136345/weather-forecast/136345</a></li><li>ROUTE PLANNING: <a href=\"http://www.mappy.com/\">http://www.mappy.com</a></li></ul>','The Charente Maritime enjoys a climate second only to the Riviera. Official figures show that we enjoy, on average, 2250 hours of sunshine a year, compared with 1750 in northern France, which means mild winters and long glorious summers. There is plenty to see and do in the area and all within an hour from Les Ribaudieres.'),(203,223,1,'Out and About','2023-12-01 15:26:45','2023-12-01 15:26:45','ba9e855c-730e-412f-88a0-76c2fbb1c336',NULL,NULL,'<p>The Charente Maritime enjoys a climate second only to the Riviera. Official figures show that we enjoy, on average, 2250 hours of sunshine a year, compared with 1750 in northern France, which means mild winters and long glorious summers. There is plenty to see and do in the area and all within an hour from Les Ribaudieres.</p>\n<p>Why not sit and watch the world go by in one of the many harbour restaurants in the cosmopolitan town of La Rochelle or take in the atmosphere of the lively resort of Royan.</p>\n<p>If you prefer quieter pursuits, then you will probably enjoy the typically French seaside town of Fouras or perhaps messing about in a boat to discover the canals of the Marais Poitevin. Or, why not wander round one of the many local markets or perhaps visit Cognac for a tour of one of the cognac houses and try some of the local Pineau.</p>\n<ul><li>A twenty-five minute walk from Les Ribaudieres is the small village of St Loup. In the village there is a bar which, along-side the usual drinks and coffees, serves simple home-cooked French food at lunchtimes. Next door there is a small grocery shop.</li><li>La Rochelle is about 45 minutes drive from Les Ribaudieres. Here you can enjoy a relaxed cosmopolitan atmosphere, where visitors enjoy local seafood and wine, film festivals, historic sites, take a trip to Fort Boyard, or just sit and watch the world go by at the marina side. <a href=\"\">https://www.larochelle.fr/</a></li><li>St Jean dAngely is a small and historic town with a twice weekly market. The speciality of the area is, of course, seafood and when in season the stalls are overflowing with oysters, which last year were only about 20p each. You get a fantastic view of the town if you climb to the top of the unfinished abbey towers. <a href=\"\">http://www.angely.net</a></li><li>Brouage is an ancient town founded in about 1555. It is completely walled and played a vital role then in the defence of the coastline. The walls have stood the test of time, and there are views of the Marais or salt marshes from the ramparts. <a href=\"\">https://www.oleron-island.com/getting-ready-for-my-holidays/what-to-do/heritage-and-museums/citadelle-de-brouage/</a></li><li>Cognac is worth a trip; it is a beautiful town and you can visit one of the many cognac houses. Why not try some of the local Pineau while you are there; it\'s delicious! <a href=\"\">http://www.cognac.fr/web_bnic_en/asp/accueil3.asp</a></li></ul>\n<p>So why not come and see for yourself? You\'ll be guaranteed a warm welcome here at Les Ribaudieres in the heart of the sunny Charente Maritime.</p>\n<h3>USEFUL LINKS</h3>\n<ul><li>WEATHER: <a href=\"https://www.accuweather.com/en/fr/arces/136345/weather-forecast/136345\">https://www.accuweather.com/en/fr/arces/136345/weather-forecast/136345</a></li><li>ROUTE PLANNING: <a href=\"http://www.mappy.com/\">http://www.mappy.com</a></li></ul>','The Charente Maritime enjoys a climate second only to the Riviera. Official figures show that we enjoy, on average, 2250 hours of sunshine a year, compared with 1750 in northern France, which means mild winters and long glorious summers. There is plenty to see and do in the area and all within an hour from Les Ribaudieres.'),(204,224,1,'How to Book','2023-12-01 18:18:33','2023-12-01 18:24:28','13d70242-2611-4c3e-8401-858cecacbee2',NULL,NULL,'<p>1. If you would like to book with us, please <em>contact us</em> to verify availability.</p>\n\n<p>Email: <em>rjohnlamb@hotmail.com</em>.</p>\n<p>Tel: 0033 546 33 88 62</p>\n<p>Address:</p>\n<p>John &amp; Dorothy Lamb<br />Les Ribaudieres,<br />17380 St Loup,<br />Charente Maritime,<br />France</p>\n<p>2. We can take provisional bookings by telephone or email. Provisional bookings are held for 7 days. However, to secure the booking we require you to fill in and return our booking form below, together with a 25% deposit and a cheque for the 100 breakages deposit.</p>\n<p>3. Payment of the deposit can be made directly into our UK bank account, details of which will be supplied.</p>\n<p>4. Confirmation will be sent to you by email or post, when the deposit is received.</p>\n<p>5. The final balance becomes due 8 weeks before the start of your holiday. We will remind you by e-mail or letter shortly before the due date. This payment can also be made directly into our bank account.</p>\n<p>6. We reserve the right to re-let the property should you fail to pay the final balance on time. In this case you would lose your deposit.</p>\n<p>7. On receipt of the final balance we will send you a map with directions to Les Ribaudieres.</p>\n<p>8. Please ensure that you read the booking terms and conditions below.</p>',NULL),(205,225,1,'How to Book','2023-12-01 18:21:00','2023-12-01 18:21:00','921ce04f-e272-4241-94a0-6789ba04278c',NULL,NULL,'<p>1. If you would like to book with us, please <em>contact us</em> to verify availability.</p>\n\n<p>Email: <em>rjohnlamb@hotmail.com</em>.</p>\n<p>Tel: 0033 546 33 88 62</p>\n<p>Address:</p>\n<p>John &amp; Dorothy Lamb<br />Les Ribaudieres,<br />17380 St Loup,<br />Charente Maritime,<br />France</p>\n<p>2. We can take provisional bookings by telephone or email. Provisional bookings are held for 7 days. However, to secure the booking we require you to fill in and return our booking form below, together with a 25% deposit and a cheque for the 100 breakages deposit.</p>\n<p>3. Payment of the deposit can be made directly into our UK bank account, details of which will be supplied.</p>\n<p>4. Confirmation will be sent to you by email or post, when the deposit is received.</p>\n<p>5. The final balance becomes due 8 weeks before the start of your holiday. We will remind you by e-mail or letter shortly before the due date. This payment can also be made directly into our bank account.</p>\n<p>6. We reserve the right to re-let the property should you fail to pay the final balance on time. In this case you would lose your deposit.</p>\n<p>7. On receipt of the final balance we will send you a map with directions to Les Ribaudieres.</p>\n<p>8. Please ensure that you read the booking terms and conditions below.</p>',NULL),(207,227,1,'How to Book','2023-12-01 18:22:13','2023-12-01 18:22:13','5ced2a32-f17f-4dd2-9ed0-2a4f91a747a2',NULL,NULL,'<p>1. If you would like to book with us, please <em>contact us</em> to verify availability.</p>\n\n<p>Email: <em>rjohnlamb@hotmail.com</em>.</p>\n<p>Tel: 0033 546 33 88 62</p>\n<p>Address:</p>\n<p>John &amp; Dorothy Lamb<br />Les Ribaudieres,<br />17380 St Loup,<br />Charente Maritime,<br />France</p>\n<p>2. We can take provisional bookings by telephone or email. Provisional bookings are held for 7 days. However, to secure the booking we require you to fill in and return our booking form below, together with a 25% deposit and a cheque for the 100 breakages deposit.</p>\n<p>3. Payment of the deposit can be made directly into our UK bank account, details of which will be supplied.</p>\n<p>4. Confirmation will be sent to you by email or post, when the deposit is received.</p>\n<p>5. The final balance becomes due 8 weeks before the start of your holiday. We will remind you by e-mail or letter shortly before the due date. This payment can also be made directly into our bank account.</p>\n<p>6. We reserve the right to re-let the property should you fail to pay the final balance on time. In this case you would lose your deposit.</p>\n<p>7. On receipt of the final balance we will send you a map with directions to Les Ribaudieres.</p>\n<p>8. Please ensure that you read the booking terms and conditions below.</p>',NULL),(209,229,1,'How to Book','2023-12-01 18:23:14','2023-12-01 18:23:14','61a7281f-beb1-4873-991e-ca8adfec5636',NULL,NULL,'<p>1. If you would like to book with us, please <em>contact us</em> to verify availability.</p>\n\n<p>Email: <em>rjohnlamb@hotmail.com</em>.</p>\n<p>Tel: 0033 546 33 88 62</p>\n<p>Address:</p>\n<p>John &amp; Dorothy Lamb<br />Les Ribaudieres,<br />17380 St Loup,<br />Charente Maritime,<br />France</p>\n<p>2. We can take provisional bookings by telephone or email. Provisional bookings are held for 7 days. However, to secure the booking we require you to fill in and return our booking form below, together with a 25% deposit and a cheque for the 100 breakages deposit.</p>\n<p>3. Payment of the deposit can be made directly into our UK bank account, details of which will be supplied.</p>\n<p>4. Confirmation will be sent to you by email or post, when the deposit is received.</p>\n<p>5. The final balance becomes due 8 weeks before the start of your holiday. We will remind you by e-mail or letter shortly before the due date. This payment can also be made directly into our bank account.</p>\n<p>6. We reserve the right to re-let the property should you fail to pay the final balance on time. In this case you would lose your deposit.</p>\n<p>7. On receipt of the final balance we will send you a map with directions to Les Ribaudieres.</p>\n<p>8. Please ensure that you read the booking terms and conditions below.</p>',NULL),(211,231,1,'How to Book','2023-12-01 18:23:59','2023-12-01 18:23:59','5996d336-a544-438c-83ce-dc9ee98c0100',NULL,NULL,'<p>1. If you would like to book with us, please <em>contact us</em> to verify availability.</p>\n\n<p>Email: <em>rjohnlamb@hotmail.com</em>.</p>\n<p>Tel: 0033 546 33 88 62</p>\n<p>Address:</p>\n<p>John &amp; Dorothy Lamb<br />Les Ribaudieres,<br />17380 St Loup,<br />Charente Maritime,<br />France</p>\n<p>2. We can take provisional bookings by telephone or email. Provisional bookings are held for 7 days. However, to secure the booking we require you to fill in and return our booking form below, together with a 25% deposit and a cheque for the 100 breakages deposit.</p>\n<p>3. Payment of the deposit can be made directly into our UK bank account, details of which will be supplied.</p>\n<p>4. Confirmation will be sent to you by email or post, when the deposit is received.</p>\n<p>5. The final balance becomes due 8 weeks before the start of your holiday. We will remind you by e-mail or letter shortly before the due date. This payment can also be made directly into our bank account.</p>\n<p>6. We reserve the right to re-let the property should you fail to pay the final balance on time. In this case you would lose your deposit.</p>\n<p>7. On receipt of the final balance we will send you a map with directions to Les Ribaudieres.</p>\n<p>8. Please ensure that you read the booking terms and conditions below.</p>',NULL),(213,233,1,'How to Book','2023-12-01 18:24:28','2023-12-01 18:24:28','09115f35-3618-4106-9d65-334c60bf9c8a',NULL,NULL,'<p>1. If you would like to book with us, please <em>contact us</em> to verify availability.</p>\n\n<p>Email: <em>rjohnlamb@hotmail.com</em>.</p>\n<p>Tel: 0033 546 33 88 62</p>\n<p>Address:</p>\n<p>John &amp; Dorothy Lamb<br />Les Ribaudieres,<br />17380 St Loup,<br />Charente Maritime,<br />France</p>\n<p>2. We can take provisional bookings by telephone or email. Provisional bookings are held for 7 days. However, to secure the booking we require you to fill in and return our booking form below, together with a 25% deposit and a cheque for the 100 breakages deposit.</p>\n<p>3. Payment of the deposit can be made directly into our UK bank account, details of which will be supplied.</p>\n<p>4. Confirmation will be sent to you by email or post, when the deposit is received.</p>\n<p>5. The final balance becomes due 8 weeks before the start of your holiday. We will remind you by e-mail or letter shortly before the due date. This payment can also be made directly into our bank account.</p>\n<p>6. We reserve the right to re-let the property should you fail to pay the final balance on time. In this case you would lose your deposit.</p>\n<p>7. On receipt of the final balance we will send you a map with directions to Les Ribaudieres.</p>\n<p>8. Please ensure that you read the booking terms and conditions below.</p>',NULL),(215,235,1,'Welcome to Les Ribaudires','2023-12-01 20:15:08','2023-12-01 20:15:08','68a80872-6894-43e7-9c94-de27993f2cc5',NULL,NULL,'<p>Both of our character gites have been renovated to a high standard, whilst retaining many original features, such as oak beams and stonework. Sunset and Jasmine each has its own private pool. Each gite has a private courtyard, with table and chairs set out under its own shady, vine covered pergola - perfect for outdoor eating and drinking.</p><figure><img src=\"{asset:151:url||https://lesribgites.ddev.site/uploads/images/Mood-shot-of-the-House-and-general-Complex-small_2023-12-01-135012_ubnr.jpg}\" alt=\"\" /></figure>\n\n<p><em>Les Ribaudires</em> is a hamlet set in the heart of beautiful countryside. It is very peaceful, with varied wildlife, great for bird watchers and nature lovers generally. Although in a very rural setting, all amenities can be found only a 10 minute drive away in the historic town of St Jean d\'Angely. It has a twice weekly market (great cheese, fish and vegetable stalls), supermarkets, restaurants, banks and other shops.</p>\n<p>For the more energetic, the quiet country roads and gently rolling landscape are great for walking and cycling. We have numerous bikes of various sizes, available free of charge. There are tennis courts at Tonnay Boutonne (about 10 minutes away) and a swimming complex and boating lake (with canoes, pedaloes, mini golf and the like) at St Jean d\'Angely.</p>\n<p>We are close to a number of 18 hole Golf courses; Saintes, Cognac and Royan are specially recommended. Booking is easy, and green fees are reasonable. The courses are attractive and the weather is generally good.</p>\n<p>If you are looking for a day at the beach, we are just 35 minutes away from lovely beaches like Fouras and Chatelaillon, and less than an hour from the beaches of St. Palais, Chatelaillon Plage, and the le de R. Further day trip possiblities are La Rochelle, Cognac, Futuroscope and Royan; all within easy reach.</p>','Welcome to our gite complex in the sunny Charente Maritime. If you are looking for a relaxing holiday where you can unwind in beautiful surroundings, or perhaps something a little more energetic, then this is the place for you.'),(216,236,1,NULL,'2023-12-02 23:00:14','2023-12-02 23:14:26','3c361d48-cc3f-43f8-8002-321a997851b5',NULL,NULL,NULL,NULL),(217,239,1,NULL,'2023-12-02 23:31:49','2023-12-02 23:34:52','5735c17a-ee07-400f-9355-eea9bd7b70f9',NULL,NULL,'<p>Copyright Robbie Evans. All rights reserved.</p>\n<p></p>\n<p></p>',NULL);
/*!40000 ALTER TABLE `content` ENABLE KEYS */;
UNLOCK TABLES;
commit;

--
-- Dumping data for table `craftidtokens`
--

LOCK TABLES `craftidtokens` WRITE;
/*!40000 ALTER TABLE `craftidtokens` DISABLE KEYS */;
set autocommit=0;
/*!40000 ALTER TABLE `craftidtokens` ENABLE KEYS */;
UNLOCK TABLES;
commit;

--
-- Dumping data for table `deprecationerrors`
--

LOCK TABLES `deprecationerrors` WRITE;
/*!40000 ALTER TABLE `deprecationerrors` DISABLE KEYS */;
set autocommit=0;
/*!40000 ALTER TABLE `deprecationerrors` ENABLE KEYS */;
UNLOCK TABLES;
commit;

--
-- Dumping data for table `drafts`
--

LOCK TABLES `drafts` WRITE;
/*!40000 ALTER TABLE `drafts` DISABLE KEYS */;
set autocommit=0;
INSERT INTO `drafts` VALUES (22,NULL,1,0,'First draft',NULL,0,NULL,0);
/*!40000 ALTER TABLE `drafts` ENABLE KEYS */;
UNLOCK TABLES;
commit;

--
-- Dumping data for table `elementactivity`
--

LOCK TABLES `elementactivity` WRITE;
/*!40000 ALTER TABLE `elementactivity` DISABLE KEYS */;
set autocommit=0;
INSERT INTO `elementactivity` VALUES (3,1,1,NULL,'edit','2023-12-01 15:22:34'),(3,1,1,NULL,'save','2023-12-01 15:22:35'),(42,1,1,NULL,'edit','2023-12-01 08:57:47'),(42,1,1,NULL,'save','2023-12-01 08:57:49'),(59,1,1,NULL,'edit','2023-12-01 08:43:34'),(59,1,1,NULL,'save','2023-12-01 09:03:44'),(84,1,1,NULL,'edit','2023-12-01 01:18:59'),(84,1,1,NULL,'save','2023-12-01 01:19:01'),(105,1,1,NULL,'edit','2023-12-01 08:44:50'),(105,1,1,NULL,'save','2023-12-01 08:44:52'),(115,1,1,NULL,'save','2023-12-01 08:55:47'),(121,1,1,NULL,'edit','2023-12-01 09:03:50'),(121,1,1,NULL,'save','2023-12-01 09:03:52'),(140,1,1,NULL,'edit','2023-12-01 15:19:01'),(140,1,1,NULL,'save','2023-12-01 15:20:11'),(165,1,1,NULL,'edit','2023-12-01 15:26:44'),(165,1,1,NULL,'save','2023-12-01 15:26:45'),(172,1,1,NULL,'edit','2023-12-01 15:15:28'),(172,1,1,NULL,'save','2023-12-01 15:15:31'),(198,1,1,NULL,'edit','2023-12-01 20:15:06'),(198,1,1,NULL,'save','2023-12-01 20:15:08'),(224,1,1,NULL,'edit','2023-12-01 18:24:26'),(224,1,1,NULL,'save','2023-12-01 18:24:28');
/*!40000 ALTER TABLE `elementactivity` ENABLE KEYS */;
UNLOCK TABLES;
commit;

--
-- Dumping data for table `elements`
--

LOCK TABLES `elements` WRITE;
/*!40000 ALTER TABLE `elements` DISABLE KEYS */;
set autocommit=0;
INSERT INTO `elements` VALUES (1,NULL,NULL,NULL,NULL,'craft\\elements\\User',1,0,'2023-11-30 14:07:21','2023-11-30 14:07:21',NULL,NULL,'4915b4a6-deec-4e14-a2b8-7e2728562342'),(2,NULL,NULL,NULL,NULL,'craft\\elements\\GlobalSet',1,0,'2023-11-30 14:08:30','2023-12-02 22:59:35',NULL,'2023-12-02 22:59:54','c99a87f6-94fa-4bc3-a183-67ed88b6b817'),(3,NULL,NULL,NULL,1,'craft\\elements\\Entry',1,0,'2023-11-30 16:35:34','2023-12-01 15:22:35',NULL,NULL,'b74b5584-2a18-404c-9566-8cdc77c4e2e4'),(4,3,NULL,1,1,'craft\\elements\\Entry',1,0,'2023-11-30 16:35:34','2023-11-30 16:35:34',NULL,NULL,'259bcc62-24f2-47fb-8e60-95807e4e99c0'),(5,3,NULL,2,1,'craft\\elements\\Entry',1,0,'2023-11-30 16:35:34','2023-11-30 16:35:34',NULL,NULL,'03235442-4087-4413-a5ff-a6566b561bda'),(6,3,NULL,3,1,'craft\\elements\\Entry',1,0,'2023-11-30 16:42:52','2023-11-30 16:42:52',NULL,NULL,'cdf90f72-8909-4dce-b238-58b28d63d261'),(8,NULL,NULL,NULL,2,'craft\\elements\\Asset',1,0,'2023-11-30 16:45:43','2023-11-30 16:45:43',NULL,NULL,'e9f24b7b-f20b-4f1b-8b4a-a51b797bb04b'),(9,3,NULL,4,1,'craft\\elements\\Entry',1,0,'2023-11-30 16:45:48','2023-11-30 16:45:48',NULL,NULL,'5a758f80-fa47-47e0-bbbf-b2c6cc97992a'),(11,NULL,NULL,NULL,2,'craft\\elements\\Asset',1,0,'2023-11-30 16:49:25','2023-11-30 16:49:25',NULL,NULL,'01b36876-cf5f-4f94-a02e-836a446a7ede'),(12,3,NULL,5,1,'craft\\elements\\Entry',1,0,'2023-11-30 16:49:39','2023-11-30 16:49:39',NULL,NULL,'48684d81-083d-4086-947f-045edd65dc03'),(13,3,NULL,6,1,'craft\\elements\\Entry',1,0,'2023-11-30 18:28:55','2023-11-30 18:28:55',NULL,NULL,'cc60221a-1cb7-42f0-b7ed-07d10846f4a7'),(15,NULL,NULL,NULL,3,'craft\\elements\\MatrixBlock',1,0,'2023-11-30 18:30:40','2023-11-30 18:30:40',NULL,'2023-11-30 18:31:03','f807ded3-f9a5-474b-816e-b2cb890ca1b8'),(17,NULL,NULL,NULL,3,'craft\\elements\\MatrixBlock',1,0,'2023-11-30 18:31:07','2023-11-30 19:05:45',NULL,NULL,'bca82b71-8346-409f-bea4-b2eae099a865'),(18,3,NULL,7,1,'craft\\elements\\Entry',1,0,'2023-11-30 18:31:07','2023-11-30 18:31:07',NULL,NULL,'66657856-ba00-4476-a083-a692e770fa73'),(19,17,NULL,8,3,'craft\\elements\\MatrixBlock',1,0,'2023-11-30 18:31:07','2023-11-30 18:31:07',NULL,NULL,'24770fa8-96bf-4283-9f60-10b7ca03494e'),(22,3,NULL,9,1,'craft\\elements\\Entry',1,0,'2023-11-30 18:33:59','2023-11-30 18:33:59',NULL,NULL,'82708f87-49b0-44c9-a3ed-6efcc0735d10'),(23,17,NULL,10,3,'craft\\elements\\MatrixBlock',1,0,'2023-11-30 18:33:59','2023-11-30 18:33:59',NULL,NULL,'de2fd7b2-5a43-49fa-85e2-480270e3c730'),(25,3,NULL,11,1,'craft\\elements\\Entry',1,0,'2023-11-30 18:42:32','2023-11-30 18:42:32',NULL,NULL,'792f232f-97c0-41b6-aa1c-7c122483acab'),(26,17,NULL,12,3,'craft\\elements\\MatrixBlock',1,0,'2023-11-30 18:33:59','2023-11-30 18:42:33',NULL,NULL,'69929885-a780-46b1-a400-332ce55c5112'),(27,3,NULL,13,1,'craft\\elements\\Entry',1,0,'2023-11-30 18:46:30','2023-11-30 18:46:31',NULL,NULL,'376ca3ac-daee-4fd6-91fc-eca418f7fcf9'),(28,17,NULL,14,3,'craft\\elements\\MatrixBlock',1,0,'2023-11-30 18:33:59','2023-11-30 18:46:31',NULL,NULL,'0c4faa99-647c-4df8-91b3-66a7a2f9c772'),(31,NULL,NULL,NULL,2,'craft\\elements\\Asset',1,0,'2023-11-30 18:53:59','2023-11-30 18:53:59',NULL,NULL,'e7a0ca7f-b9a3-4749-866f-b4a802928e49'),(32,3,NULL,15,1,'craft\\elements\\Entry',1,0,'2023-11-30 18:54:07','2023-11-30 18:54:07',NULL,NULL,'ad26dacd-09e0-4288-8a7c-d0f58780f113'),(33,17,NULL,16,3,'craft\\elements\\MatrixBlock',1,0,'2023-11-30 18:54:07','2023-11-30 18:54:07',NULL,NULL,'43b987bb-107d-4f64-a599-c1b78a193934'),(36,NULL,NULL,NULL,2,'craft\\elements\\Asset',1,0,'2023-11-30 19:05:38','2023-11-30 19:05:38',NULL,NULL,'cb02fec2-4c77-44ef-bdc3-202fffa524da'),(37,3,NULL,17,1,'craft\\elements\\Entry',1,0,'2023-11-30 19:05:45','2023-11-30 19:05:45',NULL,NULL,'f80fd3c0-1c80-420e-b26d-2813a3a4e48f'),(38,17,NULL,18,3,'craft\\elements\\MatrixBlock',1,0,'2023-11-30 19:05:45','2023-11-30 19:05:45',NULL,NULL,'69c7e27f-da1b-473c-a072-0bc943235c44'),(40,3,NULL,19,1,'craft\\elements\\Entry',1,0,'2023-11-30 19:07:33','2023-11-30 19:07:33',NULL,NULL,'43cbbd94-87a3-455b-ad7a-7f8e3a66e6a1'),(41,17,NULL,20,3,'craft\\elements\\MatrixBlock',1,0,'2023-11-30 19:05:45','2023-11-30 19:07:33',NULL,NULL,'132cdf4d-bc09-4375-be7e-22362b762b38'),(42,NULL,NULL,NULL,4,'craft\\elements\\Entry',1,0,'2023-11-30 23:30:41','2023-12-01 09:20:31',NULL,NULL,'98b0fed9-cc94-4796-b681-9bb48b39aca9'),(43,42,NULL,21,4,'craft\\elements\\Entry',1,0,'2023-11-30 23:31:03','2023-11-30 23:31:03',NULL,NULL,'47c74af8-784a-4ab7-bd58-2b91cc1d3845'),(45,42,NULL,22,4,'craft\\elements\\Entry',1,0,'2023-11-30 23:31:17','2023-11-30 23:31:17',NULL,NULL,'b5408fd6-f845-4580-afff-43a9d829a619'),(47,NULL,NULL,NULL,2,'craft\\elements\\Asset',1,0,'2023-11-30 23:33:47','2023-11-30 23:34:26',NULL,NULL,'708fed1c-d685-4f84-ad68-570ea4a60a05'),(48,NULL,NULL,NULL,2,'craft\\elements\\Asset',1,0,'2023-11-30 23:34:15','2023-11-30 23:34:15',NULL,NULL,'95c4551d-f841-4d62-9460-4bdceecf917c'),(49,NULL,NULL,NULL,2,'craft\\elements\\Asset',1,0,'2023-11-30 23:34:16','2023-11-30 23:34:16',NULL,NULL,'d7fb931e-eafa-4a52-8e2d-cc7961c05482'),(50,NULL,NULL,NULL,2,'craft\\elements\\Asset',1,0,'2023-11-30 23:34:17','2023-11-30 23:34:17',NULL,NULL,'22bae8e4-7c1d-466b-8c4f-80ad112e0469'),(51,NULL,NULL,NULL,2,'craft\\elements\\Asset',1,0,'2023-11-30 23:34:18','2023-11-30 23:34:18',NULL,NULL,'fc19f91c-54cb-462a-a067-4b766b057aeb'),(52,NULL,NULL,NULL,2,'craft\\elements\\Asset',1,0,'2023-11-30 23:34:19','2023-11-30 23:34:19',NULL,NULL,'65fff6fc-d488-4f37-88c2-c94c80bf328a'),(53,NULL,NULL,NULL,2,'craft\\elements\\Asset',1,0,'2023-11-30 23:34:19','2023-11-30 23:34:19',NULL,NULL,'37eeb61b-4a53-44bc-bece-a3872241aea3'),(54,NULL,NULL,NULL,2,'craft\\elements\\Asset',1,0,'2023-11-30 23:34:19','2023-11-30 23:34:19',NULL,NULL,'fbbf7ca5-16ac-431d-b0a3-6b30b2b93542'),(55,NULL,NULL,NULL,2,'craft\\elements\\Asset',1,0,'2023-11-30 23:34:19','2023-11-30 23:34:19',NULL,'2023-11-30 23:34:26','738324f2-0d95-47d4-8d01-44c25dbce9d6'),(56,NULL,NULL,NULL,2,'craft\\elements\\Asset',1,0,'2023-11-30 23:34:19','2023-11-30 23:34:19',NULL,NULL,'7ee26159-e682-41e3-8100-c360c85c3097'),(57,NULL,NULL,NULL,2,'craft\\elements\\Asset',1,0,'2023-11-30 23:34:20','2023-11-30 23:34:20',NULL,NULL,'30858794-0600-47fe-bf25-923f0569e6ad'),(58,42,NULL,23,4,'craft\\elements\\Entry',1,0,'2023-11-30 23:34:34','2023-11-30 23:34:34',NULL,NULL,'28683ab2-11a4-45d6-bd3b-8e7146b3ab99'),(59,NULL,NULL,NULL,4,'craft\\elements\\Entry',1,0,'2023-11-30 23:34:50','2023-12-01 09:20:31',NULL,NULL,'c6862a93-c464-4624-8f91-02458c17546a'),(60,NULL,NULL,NULL,2,'craft\\elements\\Asset',1,0,'2023-11-30 23:36:37','2023-11-30 23:36:37',NULL,NULL,'709b3459-395b-4581-afa3-de421069b442'),(61,NULL,NULL,NULL,2,'craft\\elements\\Asset',1,0,'2023-11-30 23:36:37','2023-11-30 23:36:37',NULL,NULL,'f311ec3a-80a7-4cb2-afc0-9f704610079e'),(62,NULL,NULL,NULL,2,'craft\\elements\\Asset',1,0,'2023-11-30 23:36:37','2023-11-30 23:36:37',NULL,NULL,'76624e02-b600-4038-8a40-c2c85109b1ad'),(63,NULL,NULL,NULL,2,'craft\\elements\\Asset',1,0,'2023-11-30 23:36:38','2023-11-30 23:36:40',NULL,NULL,'93f8d449-d165-49ac-b111-c227d5c40dc8'),(64,NULL,NULL,NULL,2,'craft\\elements\\Asset',1,0,'2023-11-30 23:36:43','2023-11-30 23:36:44',NULL,NULL,'b76a76aa-d746-426f-9663-38c985dc11cd'),(65,NULL,NULL,NULL,2,'craft\\elements\\Asset',1,0,'2023-11-30 23:36:45','2023-11-30 23:36:45',NULL,NULL,'f1e49288-f2c9-43df-91f9-ce7e4269c9bb'),(66,NULL,NULL,NULL,2,'craft\\elements\\Asset',1,0,'2023-11-30 23:36:46','2023-11-30 23:36:47',NULL,NULL,'a20eb55a-0ade-4bb9-937e-46b9cdb403aa'),(67,NULL,NULL,NULL,2,'craft\\elements\\Asset',1,0,'2023-11-30 23:36:48','2023-11-30 23:36:48',NULL,NULL,'8d3233e2-0470-4211-8555-9283c9870728'),(68,NULL,NULL,NULL,2,'craft\\elements\\Asset',1,0,'2023-11-30 23:36:49','2023-11-30 23:36:50',NULL,NULL,'97852f22-b2a1-4477-9edc-7571c760b3c8'),(69,NULL,NULL,NULL,2,'craft\\elements\\Asset',1,0,'2023-11-30 23:36:50','2023-11-30 23:36:51',NULL,NULL,'2bec3ccb-08b6-4c8c-aa6e-9f3c34305574'),(70,NULL,NULL,NULL,2,'craft\\elements\\Asset',1,0,'2023-11-30 23:36:52','2023-11-30 23:36:52',NULL,NULL,'56231659-39de-47ba-b8c4-3877753242ae'),(71,NULL,NULL,NULL,2,'craft\\elements\\Asset',1,0,'2023-11-30 23:36:53','2023-11-30 23:36:53',NULL,NULL,'0c1ecc5a-b154-4683-9848-f6b7600ecda1'),(72,NULL,NULL,NULL,2,'craft\\elements\\Asset',1,0,'2023-11-30 23:36:54','2023-11-30 23:36:54',NULL,NULL,'b10f8501-c8bf-4a0f-b08b-2c009012a8b2'),(73,59,NULL,24,4,'craft\\elements\\Entry',1,0,'2023-11-30 23:37:02','2023-11-30 23:37:02',NULL,NULL,'e1183f26-020f-4ccf-9ba8-d65adc44d57b'),(75,59,NULL,25,4,'craft\\elements\\Entry',1,0,'2023-12-01 00:35:04','2023-12-01 00:35:04',NULL,NULL,'689cb631-1099-44b1-917e-a4d7fd564441'),(77,42,NULL,26,4,'craft\\elements\\Entry',1,0,'2023-12-01 00:44:30','2023-12-01 00:44:30',NULL,NULL,'c46543d8-f01d-45a5-a83b-4cad9d4d72c1'),(79,59,NULL,27,4,'craft\\elements\\Entry',1,0,'2023-12-01 00:47:00','2023-12-01 00:47:00',NULL,NULL,'7144c18a-ea92-48f1-87bd-344d15700e60'),(81,42,NULL,28,4,'craft\\elements\\Entry',1,0,'2023-12-01 00:47:28','2023-12-01 00:47:28',NULL,NULL,'5968471d-92df-41a4-ab4a-cf0f690490b7'),(83,42,NULL,29,4,'craft\\elements\\Entry',1,0,'2023-12-01 00:47:46','2023-12-01 00:47:46',NULL,NULL,'94b907c5-1884-4537-a1bd-6f0ba41abb8f'),(84,NULL,NULL,NULL,5,'craft\\elements\\Entry',1,0,'2023-12-01 01:17:11','2023-12-01 01:19:01',NULL,NULL,'4998a1b3-a18e-4d75-9ac5-e007ffca3eeb'),(85,84,NULL,30,5,'craft\\elements\\Entry',1,0,'2023-12-01 01:17:11','2023-12-01 01:17:11',NULL,NULL,'2f5c099a-268e-45cf-aa10-0d0c90c4f61e'),(86,84,NULL,31,5,'craft\\elements\\Entry',1,0,'2023-12-01 01:17:12','2023-12-01 01:17:12',NULL,NULL,'784c8955-4888-41c2-b377-4df3a0933295'),(87,84,NULL,32,5,'craft\\elements\\Entry',1,0,'2023-12-01 01:17:38','2023-12-01 01:17:38',NULL,NULL,'dce1ea5f-3f44-40fc-b5e5-18e68a89226b'),(88,84,NULL,33,5,'craft\\elements\\Entry',1,0,'2023-12-01 01:18:35','2023-12-01 01:18:35',NULL,NULL,'0f1040ab-3244-48fe-990a-4aa00639c2a5'),(90,84,NULL,34,5,'craft\\elements\\Entry',1,0,'2023-12-01 01:19:01','2023-12-01 01:19:01',NULL,NULL,'0f6c6b46-6b85-488f-8a47-bc8659f48130'),(91,3,NULL,35,1,'craft\\elements\\Entry',1,0,'2023-12-01 01:23:02','2023-12-01 01:23:02',NULL,NULL,'eef8bac5-c5b5-49a1-b9b4-3ad451992d3b'),(92,17,NULL,36,3,'craft\\elements\\MatrixBlock',1,0,'2023-11-30 19:05:45','2023-12-01 01:23:02',NULL,NULL,'5ac80ec0-1c31-4933-a162-d449b253cfa5'),(93,NULL,22,NULL,4,'craft\\elements\\Entry',1,0,'2023-12-01 01:23:28','2023-12-01 01:23:28',NULL,NULL,'8be311ab-fed6-4508-a2b2-fecf96f6c946'),(95,3,NULL,37,1,'craft\\elements\\Entry',1,0,'2023-12-01 01:23:44','2023-12-01 01:23:44',NULL,NULL,'b341c4e4-1813-4d4f-932f-4967a469415c'),(96,17,NULL,38,3,'craft\\elements\\MatrixBlock',1,0,'2023-11-30 19:05:45','2023-12-01 01:23:44',NULL,NULL,'39d8dde0-07fb-4881-aa51-64e9d7c64ab9'),(98,59,NULL,39,4,'craft\\elements\\Entry',1,0,'2023-12-01 01:34:57','2023-12-01 01:34:57',NULL,NULL,'7b533f9b-586e-46d5-855c-383e75ec65de'),(99,59,NULL,40,4,'craft\\elements\\Entry',1,0,'2023-12-01 01:35:07','2023-12-01 01:35:07',NULL,NULL,'26fd413f-e195-4879-8592-ddb93bf4917a'),(101,42,NULL,41,4,'craft\\elements\\Entry',1,0,'2023-12-01 01:35:35','2023-12-01 01:35:35',NULL,NULL,'d0a78a66-a954-48b8-a345-0bd24ef8cb9e'),(102,42,NULL,42,4,'craft\\elements\\Entry',1,0,'2023-12-01 03:18:42','2023-12-01 03:18:42',NULL,NULL,'2daf7d1a-280a-449c-8380-0591bd9c0475'),(104,42,NULL,43,4,'craft\\elements\\Entry',1,0,'2023-12-01 03:19:07','2023-12-01 03:19:07',NULL,NULL,'a4a14155-1886-4331-bc7b-53c9eeb489f5'),(105,NULL,NULL,NULL,4,'craft\\elements\\Entry',1,0,'2023-12-01 03:19:12','2023-12-01 08:44:52',NULL,'2023-12-01 10:01:59','6257fafc-e759-4207-85f0-1952b8b6497e'),(106,105,NULL,44,4,'craft\\elements\\Entry',1,0,'2023-12-01 03:19:45','2023-12-01 03:19:45',NULL,'2023-12-01 10:01:59','769d6d83-bd86-473d-9f14-ec43ac88d66d'),(108,59,NULL,45,4,'craft\\elements\\Entry',0,0,'2023-12-01 08:40:32','2023-12-01 08:40:32',NULL,NULL,'f3804163-4d0f-4739-ab6a-90ba82f1c927'),(110,42,NULL,46,4,'craft\\elements\\Entry',0,0,'2023-12-01 08:40:59','2023-12-01 08:40:59',NULL,NULL,'534baef7-df7b-47d9-8dd3-146fc1377123'),(112,59,NULL,47,4,'craft\\elements\\Entry',1,0,'2023-12-01 08:43:35','2023-12-01 08:43:35',NULL,NULL,'c0241ac4-90ab-4cd0-a1c0-bc13ead0d2a1'),(114,105,NULL,48,4,'craft\\elements\\Entry',1,0,'2023-12-01 08:44:52','2023-12-01 08:44:52',NULL,'2023-12-01 10:01:59','1b79ecbc-d439-4840-9361-e6ea1976feb3'),(115,NULL,NULL,NULL,4,'craft\\elements\\Entry',1,0,'2023-12-01 08:55:33','2023-12-01 08:55:47',NULL,'2023-12-01 10:01:59','134fed92-8682-40f9-8f04-0bbe398d5d77'),(116,115,NULL,49,4,'craft\\elements\\Entry',1,0,'2023-12-01 08:55:47','2023-12-01 08:55:47',NULL,'2023-12-01 10:01:59','7b0e082b-2466-43be-b981-bcef17c9346a'),(118,42,NULL,50,4,'craft\\elements\\Entry',1,0,'2023-12-01 08:57:49','2023-12-01 08:57:49',NULL,NULL,'d7341865-758b-42a9-a167-8419a58b784f'),(119,42,NULL,51,4,'craft\\elements\\Entry',0,0,'2023-12-01 08:58:09','2023-12-01 08:58:09',NULL,NULL,'8751dd31-e525-480e-9257-830631de1a56'),(120,59,NULL,52,4,'craft\\elements\\Entry',0,0,'2023-12-01 08:58:09','2023-12-01 08:58:09',NULL,NULL,'66ef63d0-635a-4616-92d9-e851282cda69'),(121,NULL,NULL,NULL,4,'craft\\elements\\Entry',1,0,'2023-12-01 08:58:27','2023-12-01 09:03:52',NULL,'2023-12-01 10:01:59','33055f8b-4d8e-4537-b263-c559f100bdd0'),(122,121,NULL,53,4,'craft\\elements\\Entry',1,0,'2023-12-01 08:58:34','2023-12-01 08:58:34',NULL,'2023-12-01 10:01:59','d0eac7fd-4151-4a07-ab13-50c999fa7eff'),(123,59,NULL,54,4,'craft\\elements\\Entry',0,0,'2023-12-01 08:58:42','2023-12-01 08:58:42',NULL,NULL,'3d759b86-463f-4046-bced-76348f146089'),(125,121,NULL,55,4,'craft\\elements\\Entry',1,0,'2023-12-01 08:58:49','2023-12-01 08:58:49',NULL,'2023-12-01 10:01:59','aa638f47-7177-4d15-b114-8db65bfab0d0'),(126,59,NULL,56,4,'craft\\elements\\Entry',0,0,'2023-12-01 08:59:01','2023-12-01 08:59:01',NULL,NULL,'f91ff236-8301-4504-b907-32ff15ad09cb'),(127,NULL,NULL,NULL,2,'craft\\elements\\Asset',1,0,'2023-12-01 09:03:25','2023-12-01 09:03:25',NULL,NULL,'29cfdac6-5542-4839-b72e-67ab3153e460'),(129,121,NULL,57,4,'craft\\elements\\Entry',1,0,'2023-12-01 09:03:31','2023-12-01 09:03:32',NULL,'2023-12-01 10:01:59','090f593e-bac4-4c0b-ad2f-cf2b5b1e23e6'),(130,59,NULL,58,4,'craft\\elements\\Entry',0,0,'2023-12-01 09:03:44','2023-12-01 09:03:44',NULL,NULL,'fc17988d-8504-453d-b3c8-a8b614635b68'),(132,121,NULL,59,4,'craft\\elements\\Entry',1,0,'2023-12-01 09:03:52','2023-12-01 09:03:52',NULL,'2023-12-01 10:01:59','3d6099b6-dd97-4474-b8a2-de810026fde4'),(133,42,NULL,60,4,'craft\\elements\\Entry',1,0,'2023-12-01 09:20:31','2023-12-01 09:20:31',NULL,NULL,'7076587a-c786-4b1e-aa1e-0773bcb34d81'),(134,59,NULL,61,4,'craft\\elements\\Entry',1,0,'2023-12-01 09:20:31','2023-12-01 09:20:31',NULL,NULL,'9860db31-c7fa-41e8-bd53-99e1560e67da'),(136,3,NULL,62,1,'craft\\elements\\Entry',1,0,'2023-12-01 09:22:29','2023-12-01 09:22:29',NULL,NULL,'ff4c0a0f-a27c-4610-a93b-737237312a96'),(137,17,NULL,63,3,'craft\\elements\\MatrixBlock',1,0,'2023-11-30 19:05:45','2023-12-01 09:22:29',NULL,NULL,'de54c1a6-9baf-40d6-8fc0-3cc12af26fd7'),(138,3,NULL,64,1,'craft\\elements\\Entry',1,0,'2023-12-01 10:41:30','2023-12-01 10:41:30',NULL,NULL,'87ecc519-59f2-4ddf-8cf3-399d88f76e1d'),(139,17,NULL,65,3,'craft\\elements\\MatrixBlock',1,0,'2023-11-30 19:05:45','2023-12-01 10:41:30',NULL,NULL,'4579241f-5ae6-4a0d-956a-7c925272093f'),(140,NULL,NULL,NULL,6,'craft\\elements\\Entry',1,0,'2023-12-01 13:34:52','2023-12-01 15:20:11',NULL,'2023-12-01 15:21:59','5f3556a7-6e44-48e6-a8d8-4f1c1e96f5c5'),(141,140,NULL,66,6,'craft\\elements\\Entry',1,0,'2023-12-01 13:38:26','2023-12-01 13:38:26',NULL,'2023-12-01 15:21:59','b3f80998-a007-460c-93e8-9f8e7a2b7dbd'),(142,3,NULL,67,1,'craft\\elements\\Entry',1,0,'2023-12-01 13:43:37','2023-12-01 13:43:37',NULL,NULL,'460341f2-1964-4c15-9c7b-c3202f17d8bd'),(143,17,NULL,68,3,'craft\\elements\\MatrixBlock',1,0,'2023-11-30 19:05:45','2023-12-01 13:43:37',NULL,NULL,'1e2dc86d-94dd-4409-abae-27952847446e'),(145,3,NULL,69,1,'craft\\elements\\Entry',1,0,'2023-12-01 13:46:13','2023-12-01 13:46:13',NULL,NULL,'af0fca9a-5853-4b0a-b9d1-b3ed1853bc90'),(146,17,NULL,70,3,'craft\\elements\\MatrixBlock',1,0,'2023-11-30 19:05:45','2023-12-01 13:46:13',NULL,NULL,'98573789-a9e6-4d5c-8cd9-cace5d128eb7'),(147,NULL,NULL,NULL,2,'craft\\elements\\Asset',1,0,'2023-12-01 13:47:00','2023-12-01 13:47:00',NULL,NULL,'14b48be4-1e84-439c-95a0-b3e4a82cc648'),(149,140,NULL,71,6,'craft\\elements\\Entry',1,0,'2023-12-01 13:47:05','2023-12-01 13:47:05',NULL,'2023-12-01 15:21:59','1b587512-3299-4719-8f90-a7a59f843012'),(150,NULL,NULL,NULL,2,'craft\\elements\\Asset',1,0,'2023-12-01 13:50:11','2023-12-01 13:50:12',NULL,NULL,'0a85af1f-3f97-4e4e-ba5f-63ab400e559b'),(151,NULL,NULL,NULL,2,'craft\\elements\\Asset',1,0,'2023-12-01 13:50:12','2023-12-01 13:50:12',NULL,NULL,'03a34cfa-d945-4fed-b1c6-763143334114'),(152,NULL,NULL,NULL,2,'craft\\elements\\Asset',1,0,'2023-12-01 13:50:12','2023-12-01 13:50:12',NULL,NULL,'8ea7354a-4c44-4ac9-8201-ef9301a51484'),(154,NULL,NULL,NULL,2,'craft\\elements\\Asset',1,0,'2023-12-01 13:50:13','2023-12-01 13:50:14',NULL,NULL,'53021f13-b136-4e37-8666-cb7f6d2253ea'),(155,NULL,NULL,NULL,2,'craft\\elements\\Asset',1,0,'2023-12-01 13:50:14','2023-12-01 13:50:15',NULL,NULL,'ad54dfb8-b6cf-4104-a510-097b3d007f37'),(156,140,NULL,72,6,'craft\\elements\\Entry',1,0,'2023-12-01 13:50:17','2023-12-01 13:50:17',NULL,'2023-12-01 15:21:59','56ca18ee-ccfa-4bb1-bba0-4119c7b39d84'),(158,140,NULL,73,6,'craft\\elements\\Entry',1,0,'2023-12-01 13:50:59','2023-12-01 13:50:59',NULL,'2023-12-01 15:21:59','81bcf5eb-2fcb-46f1-8b63-c2dd6dae2a5b'),(160,140,NULL,74,6,'craft\\elements\\Entry',1,0,'2023-12-01 13:51:35','2023-12-01 13:51:35',NULL,'2023-12-01 15:21:59','72d98932-2b69-4576-a035-1a9990e5d4b5'),(161,NULL,NULL,NULL,7,'craft\\elements\\Entry',1,0,'2023-12-01 13:56:02','2023-12-01 15:01:13',NULL,NULL,'b5629bfc-3d1d-46be-bab7-8765858fccc1'),(162,161,NULL,75,7,'craft\\elements\\Entry',1,0,'2023-12-01 13:56:02','2023-12-01 13:56:02',NULL,NULL,'4db77359-6757-46f5-bd12-819e07803aa3'),(163,161,NULL,76,7,'craft\\elements\\Entry',1,0,'2023-12-01 13:56:02','2023-12-01 13:56:02',NULL,NULL,'abc60269-6c68-4a57-bb02-49f0c6565f79'),(164,161,NULL,77,7,'craft\\elements\\Entry',1,0,'2023-12-01 13:56:02','2023-12-01 13:56:02',NULL,NULL,'3c3b8ca1-e649-4ed3-8026-329436531644'),(165,NULL,NULL,NULL,6,'craft\\elements\\Entry',1,0,'2023-12-01 13:59:53','2023-12-01 15:26:45',NULL,NULL,'d360a144-7c22-4f6a-b6bf-a0d6e99c000a'),(166,165,NULL,78,6,'craft\\elements\\Entry',1,0,'2023-12-01 14:00:29','2023-12-01 14:00:29',NULL,NULL,'9db34733-ec4e-4fb9-9ab9-bf237de5be0d'),(168,165,NULL,79,6,'craft\\elements\\Entry',1,0,'2023-12-01 14:01:28','2023-12-01 14:01:28',NULL,NULL,'eafcc433-1475-4390-a49d-e683e0031b81'),(169,161,NULL,80,7,'craft\\elements\\Entry',1,0,'2023-12-01 15:01:13','2023-12-01 15:01:13',NULL,NULL,'2bac857e-c144-4d4b-849c-7cbe38fc27e9'),(170,161,NULL,81,7,'craft\\elements\\Entry',1,0,'2023-12-01 15:01:13','2023-12-01 15:01:13',NULL,NULL,'c1e311f0-8b04-45d3-87c3-c50dec090df6'),(171,161,NULL,82,7,'craft\\elements\\Entry',1,0,'2023-12-01 15:01:13','2023-12-01 15:01:13',NULL,NULL,'a0d827eb-2e13-4d5b-9e7f-fc8ab127b5b0'),(172,NULL,NULL,NULL,6,'craft\\elements\\Entry',1,0,'2023-12-01 15:04:35','2023-12-01 15:15:31',NULL,NULL,'c69a74ed-3e27-4a90-89bd-c4c3ce58635c'),(173,172,NULL,83,6,'craft\\elements\\Entry',1,0,'2023-12-01 15:05:33','2023-12-01 15:05:33',NULL,NULL,'b2db2ba1-a994-4396-a770-d1762c08b35b'),(175,172,NULL,84,6,'craft\\elements\\Entry',1,0,'2023-12-01 15:06:17','2023-12-01 15:06:17',NULL,NULL,'28373d98-61fe-4ff1-bbc2-da3bbe345d1e'),(177,140,NULL,85,6,'craft\\elements\\Entry',1,0,'2023-12-01 15:07:12','2023-12-01 15:07:12',NULL,'2023-12-01 15:21:59','f9426bed-bc26-446e-9afd-dc6f9a320e1e'),(178,165,NULL,86,6,'craft\\elements\\Entry',1,0,'2023-12-01 15:11:26','2023-12-01 15:11:26',NULL,NULL,'b031316e-d299-475f-b8ad-ae59e547b9ce'),(180,140,NULL,87,6,'craft\\elements\\Entry',1,0,'2023-12-01 15:12:13','2023-12-01 15:12:13',NULL,'2023-12-01 15:21:59','c61061af-e646-4148-bda2-cc2b6425db3e'),(182,140,NULL,88,6,'craft\\elements\\Entry',1,0,'2023-12-01 15:12:31','2023-12-01 15:12:31',NULL,'2023-12-01 15:21:59','47834714-8f19-4b3e-a3ef-91064bd006ef'),(184,140,NULL,89,6,'craft\\elements\\Entry',1,0,'2023-12-01 15:13:20','2023-12-01 15:13:20',NULL,'2023-12-01 15:21:59','c26d4ec5-2653-4c2b-91e5-431a2a27c9fb'),(186,140,NULL,90,6,'craft\\elements\\Entry',1,0,'2023-12-01 15:13:48','2023-12-01 15:13:48',NULL,'2023-12-01 15:21:59','daba7978-f955-4bfe-9434-9e80da0c55fa'),(188,140,NULL,91,6,'craft\\elements\\Entry',1,0,'2023-12-01 15:14:40','2023-12-01 15:14:40',NULL,'2023-12-01 15:21:59','2e21ef1d-d513-4d83-b0d9-8ef1486b347d'),(190,172,NULL,92,6,'craft\\elements\\Entry',1,0,'2023-12-01 15:15:31','2023-12-01 15:15:31',NULL,NULL,'2f71cdc0-3c9f-4f55-a73f-78a8027437ad'),(192,165,NULL,93,6,'craft\\elements\\Entry',1,0,'2023-12-01 15:16:14','2023-12-01 15:16:14',NULL,NULL,'fb4e4f59-d1b9-4024-9c46-065217d02ae2'),(194,140,NULL,94,6,'craft\\elements\\Entry',1,0,'2023-12-01 15:18:45','2023-12-01 15:18:45',NULL,'2023-12-01 15:21:59','b10b0260-e175-4bf3-b0aa-233bbc4b0484'),(196,140,NULL,95,6,'craft\\elements\\Entry',1,0,'2023-12-01 15:19:03','2023-12-01 15:19:03',NULL,'2023-12-01 15:21:59','f9f6ad80-bcda-4886-b8b3-576b51f757e0'),(197,140,NULL,96,6,'craft\\elements\\Entry',1,0,'2023-12-01 15:19:18','2023-12-01 15:19:18',NULL,'2023-12-01 15:21:59','ce386089-e7d9-4312-b0cc-434bd216e37a'),(198,NULL,NULL,NULL,6,'craft\\elements\\Entry',1,0,'2023-12-01 15:19:22','2023-12-01 20:15:08',NULL,NULL,'c4da1511-6e18-440b-b03e-58d32c396a9d'),(199,198,NULL,97,6,'craft\\elements\\Entry',1,0,'2023-12-01 15:19:29','2023-12-01 15:19:29',NULL,NULL,'54536979-5a58-4b9f-ad7b-add497c69777'),(200,198,NULL,98,6,'craft\\elements\\Entry',1,0,'2023-12-01 15:19:37','2023-12-01 15:19:37',NULL,NULL,'77722639-0350-4ef1-8685-6f50160738bf'),(201,198,NULL,99,6,'craft\\elements\\Entry',1,0,'2023-12-01 15:19:44','2023-12-01 15:19:44',NULL,NULL,'4095e4dc-99c8-4de3-9add-57d237c01348'),(202,140,NULL,100,6,'craft\\elements\\Entry',1,0,'2023-12-01 15:19:53','2023-12-01 15:19:53',NULL,'2023-12-01 15:21:59','6c34ea8f-4315-4228-877a-b34ab7aa9ced'),(204,198,NULL,101,6,'craft\\elements\\Entry',1,0,'2023-12-01 15:20:02','2023-12-01 15:20:02',NULL,NULL,'225f1fdc-132f-484e-97c0-a7b8b4302a57'),(205,140,NULL,102,6,'craft\\elements\\Entry',1,0,'2023-12-01 15:20:11','2023-12-01 15:20:11',NULL,'2023-12-01 15:21:59','331f3290-4bb1-41d8-ad5f-481ca8db12e5'),(207,198,NULL,103,6,'craft\\elements\\Entry',1,0,'2023-12-01 15:20:20','2023-12-01 15:20:20',NULL,NULL,'0ee53046-9407-4855-91dc-611e3b7f6ade'),(209,198,NULL,104,6,'craft\\elements\\Entry',1,0,'2023-12-01 15:21:23','2023-12-01 15:21:23',NULL,NULL,'ba618bc7-cbcd-4cf6-8c3a-4ba326b19d1c'),(210,NULL,NULL,NULL,6,'craft\\elements\\Entry',1,0,'2023-12-01 15:21:49','2023-12-01 15:21:49',NULL,'2023-12-01 15:22:07','8d372acc-1c09-4beb-8e4e-94c55d0be55c'),(211,210,NULL,105,6,'craft\\elements\\Entry',1,0,'2023-12-01 15:21:49','2023-12-01 15:21:49',NULL,'2023-12-01 15:22:07','ce30b4c7-a48b-4f3f-8a25-474ccd4d6acc'),(212,NULL,NULL,NULL,6,'craft\\elements\\Entry',1,0,'2023-12-01 15:21:54','2023-12-01 15:21:54',NULL,'2023-12-01 15:22:07','0abba2bd-7bc4-4993-ae7e-0dcc92896861'),(213,212,NULL,106,6,'craft\\elements\\Entry',1,0,'2023-12-01 15:21:54','2023-12-01 15:21:55',NULL,'2023-12-01 15:22:07','312724e8-4916-42b4-bb00-bbd6d6aab766'),(215,3,NULL,107,1,'craft\\elements\\Entry',1,0,'2023-12-01 15:22:35','2023-12-01 15:22:35',NULL,NULL,'66ab19a3-9868-46d9-915b-9a481a201486'),(216,17,NULL,108,3,'craft\\elements\\MatrixBlock',1,0,'2023-11-30 19:05:45','2023-12-01 15:22:35',NULL,NULL,'ead63b57-912a-40b3-b27a-673b7a94df5e'),(218,198,NULL,109,6,'craft\\elements\\Entry',1,0,'2023-12-01 15:23:17','2023-12-01 15:23:17',NULL,NULL,'974de960-49ed-4eab-a90e-ce9a9f4b0a49'),(220,NULL,NULL,NULL,2,'craft\\elements\\Asset',1,0,'2023-12-01 15:26:06','2023-12-01 15:26:06',NULL,NULL,'28aeff70-3501-4eab-8094-c0068428cf53'),(221,165,NULL,110,6,'craft\\elements\\Entry',1,0,'2023-12-01 15:26:10','2023-12-01 15:26:10',NULL,NULL,'bea886b1-739d-4e01-ac0a-96b09afc6c67'),(223,165,NULL,111,6,'craft\\elements\\Entry',1,0,'2023-12-01 15:26:45','2023-12-01 15:26:45',NULL,NULL,'a9911419-31f3-45d7-8796-fb4e7521aa08'),(224,NULL,NULL,NULL,6,'craft\\elements\\Entry',1,0,'2023-12-01 18:18:33','2023-12-01 18:24:28',NULL,NULL,'c376e887-50a6-4c2d-8b94-63900d2fabfc'),(225,224,NULL,112,6,'craft\\elements\\Entry',1,0,'2023-12-01 18:21:00','2023-12-01 18:21:00',NULL,NULL,'b3bfaaf8-a0cc-4ff8-8792-00ef06932015'),(227,224,NULL,113,6,'craft\\elements\\Entry',1,0,'2023-12-01 18:22:13','2023-12-01 18:22:13',NULL,NULL,'18d7abc9-48a1-443a-9920-959f4c6e6b54'),(229,224,NULL,114,6,'craft\\elements\\Entry',1,0,'2023-12-01 18:23:14','2023-12-01 18:23:14',NULL,NULL,'1d9468cc-833c-4bbc-ae6a-35f991d8ec46'),(231,224,NULL,115,6,'craft\\elements\\Entry',1,0,'2023-12-01 18:23:59','2023-12-01 18:23:59',NULL,NULL,'a1d445a8-1cc9-4d25-afb1-88918c89cbe8'),(233,224,NULL,116,6,'craft\\elements\\Entry',1,0,'2023-12-01 18:24:28','2023-12-01 18:24:28',NULL,NULL,'d42b1c2b-939c-46eb-929b-2840e77c733b'),(235,198,NULL,117,6,'craft\\elements\\Entry',1,0,'2023-12-01 20:15:08','2023-12-01 20:15:08',NULL,NULL,'26aed62d-d1bf-4350-9f65-6e4c450204c1'),(236,NULL,NULL,NULL,9,'craft\\elements\\GlobalSet',1,0,'2023-12-02 23:00:14','2023-12-02 23:14:26',NULL,NULL,'a8481ab0-d892-4c82-b8d4-4454049553dd'),(237,NULL,NULL,NULL,8,'craft\\elements\\MatrixBlock',1,0,'2023-12-02 23:03:02','2023-12-02 23:14:26',NULL,NULL,'95eeb8f2-66bc-44c8-900a-db1511314b6a'),(238,NULL,NULL,NULL,8,'craft\\elements\\MatrixBlock',1,0,'2023-12-02 23:03:03','2023-12-02 23:14:26',NULL,NULL,'96cd276a-446a-49ab-94c8-3d3a93d2db77'),(239,NULL,NULL,NULL,10,'craft\\elements\\GlobalSet',1,0,'2023-12-02 23:31:49','2023-12-02 23:34:52',NULL,NULL,'645f60bf-53cd-40e5-ad2e-ab297a286885');
/*!40000 ALTER TABLE `elements` ENABLE KEYS */;
UNLOCK TABLES;
commit;

--
-- Dumping data for table `elements_sites`
--

LOCK TABLES `elements_sites` WRITE;
/*!40000 ALTER TABLE `elements_sites` DISABLE KEYS */;
set autocommit=0;
INSERT INTO `elements_sites` VALUES (1,1,1,NULL,NULL,1,'2023-11-30 14:07:21','2023-11-30 14:07:21','36013d74-094d-4272-913a-e131691f98fd'),(2,2,1,NULL,NULL,1,'2023-11-30 14:08:30','2023-11-30 14:08:30','cffe95d7-24e4-48e4-9057-eee7943f2e4c'),(3,3,1,'home','__home__',1,'2023-11-30 16:35:34','2023-11-30 16:35:34','d5c56aa1-06b3-405b-9d43-5569103c3930'),(4,4,1,'home','__home__',1,'2023-11-30 16:35:34','2023-11-30 16:35:34','c8756129-5698-4b6b-85c1-b1cb2ddc920b'),(5,5,1,'home','__home__',1,'2023-11-30 16:35:34','2023-11-30 16:35:34','8bdd8467-aebe-4069-be24-cd049d64d18d'),(6,6,1,'home','__home__',1,'2023-11-30 16:42:52','2023-11-30 16:42:52','0e017383-4e26-4d6e-8335-4d222d9f25b9'),(8,8,1,NULL,NULL,1,'2023-11-30 16:45:43','2023-11-30 16:45:43','b7ed094f-c760-4604-98ed-7a6edb937b67'),(9,9,1,'home','__home__',1,'2023-11-30 16:45:48','2023-11-30 16:45:48','96cfb01f-0c3e-4d4f-b1c8-f85b37865193'),(11,11,1,NULL,NULL,1,'2023-11-30 16:49:25','2023-11-30 16:49:25','6b1acab9-823c-44df-860e-968f329bdd1c'),(12,12,1,'home','__home__',1,'2023-11-30 16:49:39','2023-11-30 16:49:39','521cda79-59df-4e06-b0f5-eabaee753175'),(13,13,1,'home','__home__',1,'2023-11-30 18:28:55','2023-11-30 18:28:55','3b0ad93b-76e3-406d-adb7-40234c8969b8'),(15,15,1,NULL,NULL,1,'2023-11-30 18:30:40','2023-11-30 18:30:40','a1588fcf-9e91-4f58-8c5f-43bec38e51b7'),(17,17,1,NULL,NULL,1,'2023-11-30 18:31:07','2023-11-30 18:31:07','1a819f9f-a48a-4e47-9502-f5cd46528a94'),(18,18,1,'home','__home__',1,'2023-11-30 18:31:07','2023-11-30 18:31:07','58d47b66-fcd0-435b-9dd5-4b970355d459'),(19,19,1,NULL,NULL,1,'2023-11-30 18:31:07','2023-11-30 18:31:07','7fb4af1e-52ab-4cbd-8779-cdde6c23164c'),(22,22,1,'home','__home__',1,'2023-11-30 18:33:59','2023-11-30 18:33:59','edb46237-3481-4510-b1dd-2cf9ab77bd78'),(23,23,1,NULL,NULL,1,'2023-11-30 18:33:59','2023-11-30 18:33:59','8f8cee74-7802-4f12-bf44-fb12a8a17ebd'),(25,25,1,'home','__home__',1,'2023-11-30 18:42:32','2023-11-30 18:42:32','41079e7c-a8eb-467a-8dc9-f3092894298d'),(26,26,1,NULL,NULL,1,'2023-11-30 18:42:33','2023-11-30 18:42:33','c0375aeb-bb1b-43f2-8d64-65df3ad2c08a'),(27,27,1,'home','__home__',1,'2023-11-30 18:46:31','2023-11-30 18:46:31','1be831cd-8226-4a7a-9daa-a0bc842a7ef1'),(28,28,1,NULL,NULL,1,'2023-11-30 18:46:31','2023-11-30 18:46:31','1c2f157d-4027-4f61-86b8-d27d1007d494'),(31,31,1,NULL,NULL,1,'2023-11-30 18:53:59','2023-11-30 18:53:59','c8104144-5c8b-450f-9a70-640704734f14'),(32,32,1,'home','__home__',1,'2023-11-30 18:54:07','2023-11-30 18:54:07','83cee63b-e269-428e-9834-7bb4f787945a'),(33,33,1,NULL,NULL,1,'2023-11-30 18:54:07','2023-11-30 18:54:07','9592e3c8-19a7-4d24-9694-39e3514a155a'),(36,36,1,NULL,NULL,1,'2023-11-30 19:05:38','2023-11-30 19:05:38','d0f7f725-83a3-4845-a77f-8f7dc3749154'),(37,37,1,'home','__home__',1,'2023-11-30 19:05:45','2023-11-30 19:05:45','abf3bb89-0e8e-45de-b090-3e9daaae5e06'),(38,38,1,NULL,NULL,1,'2023-11-30 19:05:45','2023-11-30 19:05:45','439626e9-76e4-4709-9774-5f2071140fcb'),(40,40,1,'home','__home__',1,'2023-11-30 19:07:33','2023-11-30 19:07:33','4369dcce-3427-47f6-8969-da3d8affbe74'),(41,41,1,NULL,NULL,1,'2023-11-30 19:07:33','2023-11-30 19:07:33','8336cb3a-7c31-4c9d-8b88-7073013fa9f5'),(42,42,1,'jasmine','gites/jasmine',1,'2023-11-30 23:30:41','2023-12-01 00:44:30','153b1ab7-bae5-444e-9e32-5547d364df50'),(43,43,1,'jasmin','gites/jasmin',1,'2023-11-30 23:31:03','2023-11-30 23:31:03','00e52867-b408-4810-984a-d35fe3b28eb5'),(45,45,1,'jasmin','gites/jasmin',1,'2023-11-30 23:31:17','2023-11-30 23:31:17','66e9a75d-3ec6-4b73-80e0-c34fe580ce7f'),(47,47,1,NULL,NULL,1,'2023-11-30 23:33:47','2023-11-30 23:33:47','c320e2b4-f126-434b-a005-62fa8f3bc960'),(48,48,1,NULL,NULL,1,'2023-11-30 23:34:15','2023-11-30 23:34:15','69a5cec6-63ac-4620-a9bf-8824fa5256d3'),(49,49,1,NULL,NULL,1,'2023-11-30 23:34:16','2023-11-30 23:34:16','2f591d46-0f98-47b7-a5b5-10b74d5ffce8'),(50,50,1,NULL,NULL,1,'2023-11-30 23:34:17','2023-11-30 23:34:17','2be6e38f-1ea5-4b09-8b98-c3acb6a8dd56'),(51,51,1,NULL,NULL,1,'2023-11-30 23:34:18','2023-11-30 23:34:18','3bbf1628-6346-4e04-bfed-78d94bf94549'),(52,52,1,NULL,NULL,1,'2023-11-30 23:34:19','2023-11-30 23:34:19','400a7153-398e-4fca-af1b-36cb8e0e7ec3'),(53,53,1,NULL,NULL,1,'2023-11-30 23:34:19','2023-11-30 23:34:19','1beb9149-28c4-4c63-8f9b-c556e7794be2'),(54,54,1,NULL,NULL,1,'2023-11-30 23:34:19','2023-11-30 23:34:19','4a1400b4-dfc8-40c4-ac5b-9548aa4b813a'),(55,55,1,NULL,NULL,1,'2023-11-30 23:34:19','2023-11-30 23:34:19','8dbfa0d0-54d1-47a8-bd7c-30bb8bf94349'),(56,56,1,NULL,NULL,1,'2023-11-30 23:34:19','2023-11-30 23:34:19','ebc77c70-ffff-4dc8-a269-a786282791d8'),(57,57,1,NULL,NULL,1,'2023-11-30 23:34:20','2023-11-30 23:34:20','02771f1f-4880-4121-83ae-fec8f3935584'),(58,58,1,'jasmin','gites/jasmin',1,'2023-11-30 23:34:34','2023-11-30 23:34:34','dbec83bb-502a-4c2d-9ca1-8e2f5ef8d21c'),(59,59,1,'sunset','gites/sunset',1,'2023-11-30 23:34:50','2023-11-30 23:34:56','306c5623-696e-4661-9568-e9c087100f80'),(60,60,1,NULL,NULL,1,'2023-11-30 23:36:37','2023-11-30 23:36:37','222c7c7c-a6f9-4111-8c9e-937173b4da51'),(61,61,1,NULL,NULL,1,'2023-11-30 23:36:37','2023-11-30 23:36:37','ab9f3202-7a2c-490f-8609-437d89f1a8fd'),(62,62,1,NULL,NULL,1,'2023-11-30 23:36:37','2023-11-30 23:36:37','8934d6f4-36a7-4d2a-a9ce-b0bbdd6cd795'),(63,63,1,NULL,NULL,1,'2023-11-30 23:36:38','2023-11-30 23:36:38','0a51b350-0237-4675-9478-b2af625a85f0'),(64,64,1,NULL,NULL,1,'2023-11-30 23:36:43','2023-11-30 23:36:43','8196781c-4cf5-4005-a7df-b0b32c5ddfd5'),(65,65,1,NULL,NULL,1,'2023-11-30 23:36:45','2023-11-30 23:36:45','acc0002f-9441-4a2e-bdf2-3eba7b8bdc88'),(66,66,1,NULL,NULL,1,'2023-11-30 23:36:46','2023-11-30 23:36:46','dfe19534-5b81-45c0-a2ea-7ae055f5d1f9'),(67,67,1,NULL,NULL,1,'2023-11-30 23:36:48','2023-11-30 23:36:48','239b18e7-73cb-4d75-8df3-9a06bd699502'),(68,68,1,NULL,NULL,1,'2023-11-30 23:36:49','2023-11-30 23:36:49','0b2c8240-280b-4def-a45a-7fbc52db7734'),(69,69,1,NULL,NULL,1,'2023-11-30 23:36:50','2023-11-30 23:36:50','efb5eb99-46f8-4da1-9a17-848eae319f63'),(70,70,1,NULL,NULL,1,'2023-11-30 23:36:52','2023-11-30 23:36:52','7568a0cd-6dc7-46f4-9f37-d623071bc2c9'),(71,71,1,NULL,NULL,1,'2023-11-30 23:36:53','2023-11-30 23:36:53','60386df4-241b-4a6a-b5df-83d87dd58b83'),(72,72,1,NULL,NULL,1,'2023-11-30 23:36:54','2023-11-30 23:36:54','356ae279-3e25-4c6a-be21-9a6ec67a9824'),(73,73,1,'sunset','gites/sunset',1,'2023-11-30 23:37:02','2023-11-30 23:37:02','85fa69b8-e5f9-4ff5-aa03-bad2527cd3f2'),(75,75,1,'sunset','gites/sunset',1,'2023-12-01 00:35:04','2023-12-01 00:35:04','4084ec09-860e-4eca-8c3f-6964eba81fe8'),(77,77,1,'jasmine','gites/jasmine',1,'2023-12-01 00:44:30','2023-12-01 00:44:30','fe4b499a-00b4-48d4-b51e-b4cab31e7ec9'),(79,79,1,'sunset','gites/sunset',1,'2023-12-01 00:47:00','2023-12-01 00:47:00','597c0a0c-6405-442b-8483-6e0487e5182f'),(81,81,1,'jasmine','gites/jasmine',1,'2023-12-01 00:47:28','2023-12-01 00:47:28','3fc2dc07-ddef-47d7-8d7a-e0b21e8bd87c'),(83,83,1,'jasmine','gites/jasmine',1,'2023-12-01 00:47:46','2023-12-01 00:47:46','262003ba-308f-4979-9425-8975f59eb4cd'),(84,84,1,'gites-listing','gites',1,'2023-12-01 01:17:11','2023-12-01 01:17:11','bddf179f-e209-456f-9e3c-cfdf9e493c09'),(85,85,1,'gites-listing','gites',1,'2023-12-01 01:17:11','2023-12-01 01:17:11','6a062ec3-5494-43ba-8468-198613e6b319'),(86,86,1,'gites-listing','gites',1,'2023-12-01 01:17:12','2023-12-01 01:17:12','a73ff083-8ee8-4823-b749-31dbdb2dfeb0'),(87,87,1,'gites-listing','gites',1,'2023-12-01 01:17:38','2023-12-01 01:17:38','ba262e1a-8593-4bd8-bfdb-87bb5c5330db'),(88,88,1,'gites-listing','gites',1,'2023-12-01 01:18:35','2023-12-01 01:18:35','9169236a-3487-4e2b-9f07-f56a61b06b40'),(90,90,1,'gites-listing','gites',1,'2023-12-01 01:19:01','2023-12-01 01:19:01','cc4dd164-c101-407c-9ed8-4197d2ecad44'),(91,91,1,'home','__home__',1,'2023-12-01 01:23:02','2023-12-01 01:23:02','11a67578-53e2-445c-9c5d-b3011c6eab36'),(92,92,1,NULL,NULL,1,'2023-12-01 01:23:02','2023-12-01 01:23:02','21b201dc-4f1c-46fd-bf45-ffea5dc50f8f'),(93,93,1,'__temp_spqtelzehqxjrcdewviijwbbtbfdnomqqmbd','gites/__temp_spqtelzehqxjrcdewviijwbbtbfdnomqqmbd',1,'2023-12-01 01:23:28','2023-12-01 01:23:28','b1ff520d-c57b-4102-b953-41f0e3fc376e'),(95,95,1,'home','__home__',1,'2023-12-01 01:23:44','2023-12-01 01:23:44','17faf2e9-7029-428b-a66e-188c49e7ff7c'),(96,96,1,NULL,NULL,1,'2023-12-01 01:23:44','2023-12-01 01:23:44','15000866-4d2d-47c2-aa48-cbe8bc1f07f3'),(98,98,1,'sunset','gites/sunset',1,'2023-12-01 01:34:57','2023-12-01 01:34:57','b6d21a58-5b45-4a5e-8ae7-f3263bdeb250'),(99,99,1,'sunset','gites/sunset',1,'2023-12-01 01:35:07','2023-12-01 01:35:07','30a73d96-46c5-40ff-8233-47091d7ccd67'),(101,101,1,'jasmine','gites/jasmine',1,'2023-12-01 01:35:35','2023-12-01 01:35:35','a577eb63-22d4-4638-9191-eeb624bf3bbf'),(102,102,1,'jasmine','gites/jasmine',1,'2023-12-01 03:18:42','2023-12-01 03:18:42','1dfc7765-949b-4a9d-b32e-4ccd7351c3fe'),(104,104,1,'jasmine','gites/jasmine',1,'2023-12-01 03:19:07','2023-12-01 03:19:07','0686dff8-607a-4574-8190-e0b440cba02b'),(105,105,1,'test','gites/test',1,'2023-12-01 03:19:12','2023-12-01 03:19:15','3f1eac50-3944-46a9-a10a-1dfd95959e4e'),(106,106,1,'test','gites/test',1,'2023-12-01 03:19:45','2023-12-01 03:19:45','7738c135-5050-43b0-8681-2418179dd14f'),(108,108,1,'sunset','gites/sunset',1,'2023-12-01 08:40:32','2023-12-01 08:40:32','1ad3259c-1253-41c1-8388-98b48af952bf'),(110,110,1,'jasmine','gites/jasmine',1,'2023-12-01 08:40:59','2023-12-01 08:40:59','6b4aea08-8021-47dc-a68b-f22246221ba6'),(112,112,1,'sunset','gites/sunset',1,'2023-12-01 08:43:35','2023-12-01 08:43:35','64c9f577-a68e-42df-bcc6-4c1d05dad8e6'),(114,114,1,'test','gites/test',1,'2023-12-01 08:44:52','2023-12-01 08:44:52','6e0a8586-b149-4a6a-bd99-010b197edd4a'),(115,115,1,'or-me','gites/or-me',1,'2023-12-01 08:55:33','2023-12-01 08:55:36','18e920f8-91b2-4ec4-a62e-ef7c3f65924a'),(116,116,1,'or-me','gites/or-me',1,'2023-12-01 08:55:47','2023-12-01 08:55:47','c9476f15-bd1d-45b0-857a-e8643e1f3c84'),(118,118,1,'jasmine','gites/jasmine',1,'2023-12-01 08:57:49','2023-12-01 08:57:49','6476f65c-e30a-4a92-a232-fbc8902d2331'),(119,119,1,'jasmine','gites/jasmine',1,'2023-12-01 08:58:09','2023-12-01 08:58:09','9ae1df4d-59f6-483a-9c6d-ae37033b6d6e'),(120,120,1,'sunset','gites/sunset',1,'2023-12-01 08:58:09','2023-12-01 08:58:09','48d58c34-b5ba-4d0d-93f0-ddfd1039a4cb'),(121,121,1,'sunset-new','gites/sunset-new',1,'2023-12-01 08:58:27','2023-12-01 08:58:32','c4270ee2-474b-48f9-be83-196287da94b1'),(122,122,1,'sunset-new','gites/sunset-new',1,'2023-12-01 08:58:34','2023-12-01 08:58:34','55b9129e-233b-44ba-8719-4c0199999db6'),(123,123,1,'sunset','gites/sunset',1,'2023-12-01 08:58:42','2023-12-01 08:58:42','9758d7b3-d387-4630-8ee2-b7af89fd9a0b'),(125,125,1,'sunset-new','gites/sunset-new',1,'2023-12-01 08:58:49','2023-12-01 08:58:49','0e0032ba-003b-450a-af18-dae364c0003a'),(126,126,1,'sunset','gites/sunset',1,'2023-12-01 08:59:01','2023-12-01 08:59:01','e5ab837f-99bf-4b0b-bbb1-bc6086f64817'),(127,127,1,NULL,NULL,1,'2023-12-01 09:03:25','2023-12-01 09:03:25','2b6eaedb-d1c1-41de-8963-152c45f2bf78'),(129,129,1,'sunset-new','gites/sunset-new',1,'2023-12-01 09:03:32','2023-12-01 09:03:32','21b443c1-e309-41cc-b6f4-6dbf5dd7386a'),(130,130,1,'sunset','gites/sunset',1,'2023-12-01 09:03:44','2023-12-01 09:03:44','39697930-1089-47fb-85f3-0b4c4b9f5996'),(132,132,1,'sunset-new','gites/sunset-new',1,'2023-12-01 09:03:52','2023-12-01 09:03:52','33ed84f2-dda1-4455-85c9-f503f14568ac'),(133,133,1,'jasmine','gites/jasmine',1,'2023-12-01 09:20:31','2023-12-01 09:20:31','7abc73be-1c44-4239-926a-92e19d7a19c3'),(134,134,1,'sunset','gites/sunset',1,'2023-12-01 09:20:31','2023-12-01 09:20:31','24827f87-304c-4eca-85ec-8bdd00372783'),(136,136,1,'home','__home__',1,'2023-12-01 09:22:29','2023-12-01 09:22:29','2ee78713-3112-490c-8eaf-643d625dcf6d'),(137,137,1,NULL,NULL,1,'2023-12-01 09:22:29','2023-12-01 09:22:29','e1a5935b-1ff8-48dd-a00e-2a35291ac1b4'),(138,138,1,'home','__home__',1,'2023-12-01 10:41:30','2023-12-01 10:41:30','1042237c-22ab-49a1-9c67-a33c2ee2cc95'),(139,139,1,NULL,NULL,1,'2023-12-01 10:41:30','2023-12-01 10:41:30','05fcfb1c-9d4b-4dd1-a71b-52675818236a'),(140,140,1,'welcome-to-les-ribaudires','stories/welcome-to-les-ribaudires',1,'2023-12-01 13:34:52','2023-12-01 13:38:16','3e577b2c-2a9c-4228-8455-abeedfe5bc8e'),(141,141,1,'welcome-to-les-ribaudires','stories/welcome-to-les-ribaudires',1,'2023-12-01 13:38:26','2023-12-01 13:38:26','3feb60b8-05ee-4013-b1a3-424c0512872b'),(142,142,1,'home','__home__',1,'2023-12-01 13:43:37','2023-12-01 13:43:37','ac6754cf-aeb9-45ca-b2da-2bc21fad0da1'),(143,143,1,NULL,NULL,1,'2023-12-01 13:43:37','2023-12-01 13:43:37','64e09dc6-ae2c-45b4-b715-f4f6b422dd04'),(145,145,1,'home','__home__',1,'2023-12-01 13:46:13','2023-12-01 13:46:13','74a36223-4e55-4112-8ef6-af76b8304479'),(146,146,1,NULL,NULL,1,'2023-12-01 13:46:13','2023-12-01 13:46:13','e8ce0933-4c31-45e3-ad38-fadc8d18bfba'),(147,147,1,NULL,NULL,1,'2023-12-01 13:47:00','2023-12-01 13:47:00','697d1378-d634-4be7-911a-cc19d14bf3ee'),(149,149,1,'welcome-to-les-ribaudires','stories/welcome-to-les-ribaudires',1,'2023-12-01 13:47:05','2023-12-01 13:47:05','15ae2598-411b-4ede-94e6-cb3783457f60'),(150,150,1,NULL,NULL,1,'2023-12-01 13:50:11','2023-12-01 13:50:11','b5d4ee5c-fb2c-4752-96dc-760e61d3a4bb'),(151,151,1,NULL,NULL,1,'2023-12-01 13:50:12','2023-12-01 13:50:12','bd00df25-0f42-49ff-bdfb-890e1f9f84e7'),(152,152,1,NULL,NULL,1,'2023-12-01 13:50:12','2023-12-01 13:50:12','730d5d8d-b6c4-40c9-9d26-c2df2266500e'),(154,154,1,NULL,NULL,1,'2023-12-01 13:50:13','2023-12-01 13:50:13','0dfe4391-6cee-49ef-b809-02e2e5d25f55'),(155,155,1,NULL,NULL,1,'2023-12-01 13:50:14','2023-12-01 13:50:14','b66936c8-6145-4cd3-a04c-72a142d4a9b2'),(156,156,1,'welcome-to-les-ribaudires','stories/welcome-to-les-ribaudires',1,'2023-12-01 13:50:17','2023-12-01 13:50:17','2a41c5fa-d125-4bde-b0e1-3ffaa00a80a6'),(158,158,1,'welcome-to-les-ribaudires','stories/welcome-to-les-ribaudires',1,'2023-12-01 13:50:59','2023-12-01 13:50:59','84b4d29d-2b06-41c0-98af-7b0a3eae4e63'),(160,160,1,'welcome-to-les-ribaudires','stories/welcome-to-les-ribaudires',1,'2023-12-01 13:51:35','2023-12-01 13:51:35','f445cd3e-d985-48d4-a5ce-6cc32d02c47b'),(161,161,1,'about-us','stories',1,'2023-12-01 13:56:02','2023-12-01 13:56:02','78da5217-3d82-4fdb-afda-1b0039c4c7cd'),(162,162,1,'about-us','stories',1,'2023-12-01 13:56:02','2023-12-01 13:56:02','c0cc3a0b-299b-4e5c-a3ae-f1f4909465f9'),(163,163,1,'about-us','stories',1,'2023-12-01 13:56:02','2023-12-01 13:56:02','b636f14d-7327-48d3-8a08-ca941511de1d'),(164,164,1,'about-us','stories',1,'2023-12-01 13:56:02','2023-12-01 13:56:02','82f4476b-f329-41fc-a6a4-500e8fe94696'),(165,165,1,'out-and-about','stories/out-and-about',1,'2023-12-01 13:59:53','2023-12-01 14:00:15','c938b547-62e4-4684-a2fa-858ac537f8fb'),(166,166,1,'out-and-about','stories/out-and-about',1,'2023-12-01 14:00:29','2023-12-01 14:00:29','fdc553f1-4a9f-4f43-bf5c-6f51b01a3ff1'),(168,168,1,'out-and-about','stories/out-and-about',1,'2023-12-01 14:01:28','2023-12-01 14:01:28','3547fe3f-4378-4ccf-86f8-5b1182618dcb'),(169,169,1,'about-us','stories',1,'2023-12-01 15:01:13','2023-12-01 15:01:13','ab3d5aba-c7e7-478c-8f6d-4bb76580e9f7'),(170,170,1,'about-us','stories',1,'2023-12-01 15:01:13','2023-12-01 15:01:13','cdc66c30-fd47-488e-8620-15a17f7edf99'),(171,171,1,'about-us','stories',1,'2023-12-01 15:01:13','2023-12-01 15:01:13','72dbcd19-6226-4f08-9082-3db33f61dcf2'),(172,172,1,'our-pools','stories/our-pools',1,'2023-12-01 15:04:35','2023-12-01 15:04:59','5c539bc8-9ef0-425a-8be6-84f568c5a4c7'),(173,173,1,'our-pools','stories/our-pools',1,'2023-12-01 15:05:33','2023-12-01 15:05:33','aeb106f5-a355-41f4-b7af-e878c73a1697'),(175,175,1,'our-pools','stories/our-pools',1,'2023-12-01 15:06:17','2023-12-01 15:06:17','300bd616-ec40-4d45-b3f1-ddeea985dc47'),(177,177,1,'welcome-to-les-ribaudires','stories/welcome-to-les-ribaudires',1,'2023-12-01 15:07:12','2023-12-01 15:07:12','7c0ddad5-c576-44a0-9fd4-67ace01823c6'),(178,178,1,'out-and-about','stories/out-and-about',1,'2023-12-01 15:11:26','2023-12-01 15:11:26','b23dabce-c7a2-459e-849e-5be2723aa1c0'),(180,180,1,'welcome-to-les-ribaudires','stories/welcome-to-les-ribaudires',1,'2023-12-01 15:12:13','2023-12-01 15:12:13','e84f090d-5cfb-4d3f-b1ee-15e12bd3be7d'),(182,182,1,'welcome-to-les-ribaudires','stories/welcome-to-les-ribaudires',1,'2023-12-01 15:12:31','2023-12-01 15:12:31','767c927b-9064-4f40-9eca-7d80dd650b13'),(184,184,1,'welcome-to-les-ribaudires','stories/welcome-to-les-ribaudires',1,'2023-12-01 15:13:20','2023-12-01 15:13:20','22ad9c00-4f6d-4b44-b280-b6d000e81b2e'),(186,186,1,'welcome-to-les-ribaudires','stories/welcome-to-les-ribaudires',1,'2023-12-01 15:13:48','2023-12-01 15:13:48','a2b969e1-76e1-4d97-b3ca-372e2336ff5d'),(188,188,1,'welcome-to-les-ribaudires','stories/welcome-to-les-ribaudires',1,'2023-12-01 15:14:40','2023-12-01 15:14:40','6266a2c6-0344-4d98-aea1-666ec5d734c7'),(190,190,1,'our-pools','stories/our-pools',1,'2023-12-01 15:15:31','2023-12-01 15:15:31','4dfa5ed4-ba12-42a3-ad31-78558f8211d5'),(192,192,1,'out-and-about','stories/out-and-about',1,'2023-12-01 15:16:14','2023-12-01 15:16:14','3f2f1bb1-3404-4a4c-a115-535f1075e7fc'),(194,194,1,'welcome-to-les-ribaudires','stories/welcome-to-les-ribaudires',1,'2023-12-01 15:18:45','2023-12-01 15:18:45','ecd0cc1e-cb48-4db2-869e-4b1ef75f8785'),(196,196,1,'welcome-to-les-ribaudires','stories/welcome-to-les-ribaudires',1,'2023-12-01 15:19:03','2023-12-01 15:19:03','8c3caa67-d2f1-47a9-925f-a434878172b4'),(197,197,1,'welcome-to-les-ribaudires','stories/welcome-to-les-ribaudires',1,'2023-12-01 15:19:18','2023-12-01 15:19:18','372042d5-30e3-4027-a80b-a4d39e9b82a7'),(198,198,1,'welcome-to-les-ribaudires-2','stories/welcome-to-les-ribaudires-2',1,'2023-12-01 15:19:22','2023-12-01 15:19:24','bdd8b9fd-84dc-4964-b071-ea452a5a0b20'),(199,199,1,'welcome-to-les-ribaudires-2','stories/welcome-to-les-ribaudires-2',1,'2023-12-01 15:19:29','2023-12-01 15:19:29','4fda8c77-17a9-4acf-b9a4-d5a7358330bb'),(200,200,1,'welcome-to-les-ribaudires-2','stories/welcome-to-les-ribaudires-2',1,'2023-12-01 15:19:37','2023-12-01 15:19:37','87dea3ba-83a3-46b8-a625-0a59b8823ece'),(201,201,1,'welcome-to-les-ribaudires-2','stories/welcome-to-les-ribaudires-2',1,'2023-12-01 15:19:44','2023-12-01 15:19:44','07ee36b3-08a0-4227-a800-4c7b2b78468b'),(202,202,1,'welcome-to-les-ribaudires','stories/welcome-to-les-ribaudires',1,'2023-12-01 15:19:53','2023-12-01 15:19:53','08b64d2d-df19-4950-a5e9-2c2d012ca92b'),(204,204,1,'welcome-to-les-ribaudires-2','stories/welcome-to-les-ribaudires-2',1,'2023-12-01 15:20:02','2023-12-01 15:20:02','70c12b7c-35d2-4dad-b698-0f5d4f7c7d43'),(205,205,1,'welcome-to-les-ribaudires','stories/welcome-to-les-ribaudires',1,'2023-12-01 15:20:11','2023-12-01 15:20:11','c9a1d300-45d7-4472-908b-7a8887d35e55'),(207,207,1,'welcome-to-les-ribaudires-2','stories/welcome-to-les-ribaudires-2',1,'2023-12-01 15:20:20','2023-12-01 15:20:20','02b10026-825b-4fe6-8e23-f5e09412be21'),(209,209,1,'welcome-to-les-ribaudires-2','stories/welcome-to-les-ribaudires-2',1,'2023-12-01 15:21:23','2023-12-01 15:21:23','cad07787-cd6f-4bf8-b1de-b7241411024a'),(210,210,1,'welcome-to-les-ribaudires-3','stories/welcome-to-les-ribaudires-3',1,'2023-12-01 15:21:49','2023-12-01 15:21:49','5d5be4c9-397f-4473-a3bc-1b44aeb3fef5'),(211,211,1,'welcome-to-les-ribaudires-3','stories/welcome-to-les-ribaudires-3',1,'2023-12-01 15:21:49','2023-12-01 15:21:49','62faaa1a-f09d-4516-8836-474c843a44fb'),(212,212,1,'welcome-to-les-ribaudires-4','stories/welcome-to-les-ribaudires-4',1,'2023-12-01 15:21:54','2023-12-01 15:21:54','ab0bbefc-aa7f-4cdd-a8c0-fbeb943160dc'),(213,213,1,'welcome-to-les-ribaudires-4','stories/welcome-to-les-ribaudires-4',1,'2023-12-01 15:21:55','2023-12-01 15:21:55','7e4d76e1-fbd9-467b-a1c7-59678111489f'),(215,215,1,'home','__home__',1,'2023-12-01 15:22:35','2023-12-01 15:22:35','a0ad1dcd-fcfb-4223-8cc4-81cbd5ddb2b9'),(216,216,1,NULL,NULL,1,'2023-12-01 15:22:35','2023-12-01 15:22:35','e9f44997-fc94-4f15-a674-dd68383803cd'),(218,218,1,'welcome-to-les-ribaudires-2','stories/welcome-to-les-ribaudires-2',1,'2023-12-01 15:23:17','2023-12-01 15:23:17','12cd2dca-8e59-48aa-b163-e06d0f8196c2'),(220,220,1,NULL,NULL,1,'2023-12-01 15:26:06','2023-12-01 15:26:06','a30eebc2-86af-4fc9-8b3d-594bed60bc77'),(221,221,1,'out-and-about','stories/out-and-about',1,'2023-12-01 15:26:10','2023-12-01 15:26:10','db4209e3-6b62-43a3-a3ff-1157e0cd42fe'),(223,223,1,'out-and-about','stories/out-and-about',1,'2023-12-01 15:26:45','2023-12-01 15:26:45','1f482c44-8e6f-4ce7-8e7d-a679491aedc9'),(224,224,1,'how-to-book','stories/how-to-book',1,'2023-12-01 18:18:33','2023-12-01 18:18:48','b3f57537-5b22-4a90-b1a2-f958e8dfaed0'),(225,225,1,'how-to-book','stories/how-to-book',1,'2023-12-01 18:21:00','2023-12-01 18:21:00','e907d041-2521-4f74-8b6c-eba48cd0afe0'),(227,227,1,'how-to-book','stories/how-to-book',1,'2023-12-01 18:22:13','2023-12-01 18:22:13','314afab3-831a-474c-ac0d-fd2b5c8e5a8e'),(229,229,1,'how-to-book','stories/how-to-book',1,'2023-12-01 18:23:14','2023-12-01 18:23:14','0023b46f-d8a4-48b2-934c-197756ab5505'),(231,231,1,'how-to-book','stories/how-to-book',1,'2023-12-01 18:23:59','2023-12-01 18:23:59','396d6415-bd75-43a1-bae8-d471ae6f7161'),(233,233,1,'how-to-book','stories/how-to-book',1,'2023-12-01 18:24:28','2023-12-01 18:24:28','33629b58-a7aa-4ad7-a52f-0ae331b15218'),(235,235,1,'welcome-to-les-ribaudires-2','stories/welcome-to-les-ribaudires-2',1,'2023-12-01 20:15:08','2023-12-01 20:15:08','a31db784-1df4-4088-b17c-9696999eb3ca'),(236,236,1,NULL,NULL,1,'2023-12-02 23:00:14','2023-12-02 23:00:14','afc1f69d-5723-4e4e-b11c-c9fe81ebb5b7'),(237,237,1,NULL,NULL,1,'2023-12-02 23:03:03','2023-12-02 23:03:03','e278cb79-a587-45b5-ba48-3d3e451aa4cd'),(238,238,1,NULL,NULL,1,'2023-12-02 23:03:03','2023-12-02 23:03:03','94649843-499c-4631-9ab8-c818b308d273'),(239,239,1,NULL,NULL,1,'2023-12-02 23:31:49','2023-12-02 23:31:49','269a28a0-ab7d-42b3-ac53-4a1b865b9040');
/*!40000 ALTER TABLE `elements_sites` ENABLE KEYS */;
UNLOCK TABLES;
commit;

--
-- Dumping data for table `entries`
--

LOCK TABLES `entries` WRITE;
/*!40000 ALTER TABLE `entries` DISABLE KEYS */;
set autocommit=0;
INSERT INTO `entries` VALUES (3,1,NULL,1,NULL,'2023-11-30 16:35:00',NULL,NULL,'2023-11-30 16:35:34','2023-11-30 16:35:34'),(4,1,NULL,1,NULL,'2023-11-30 16:35:00',NULL,NULL,'2023-11-30 16:35:34','2023-11-30 16:35:34'),(5,1,NULL,1,NULL,'2023-11-30 16:35:00',NULL,NULL,'2023-11-30 16:35:34','2023-11-30 16:35:34'),(6,1,NULL,1,NULL,'2023-11-30 16:35:00',NULL,NULL,'2023-11-30 16:42:52','2023-11-30 16:42:52'),(9,1,NULL,1,NULL,'2023-11-30 16:35:00',NULL,NULL,'2023-11-30 16:45:48','2023-11-30 16:45:48'),(12,1,NULL,1,NULL,'2023-11-30 16:35:00',NULL,NULL,'2023-11-30 16:49:39','2023-11-30 16:49:39'),(13,1,NULL,1,NULL,'2023-11-30 16:35:00',NULL,NULL,'2023-11-30 18:28:55','2023-11-30 18:28:55'),(18,1,NULL,1,NULL,'2023-11-30 16:35:00',NULL,NULL,'2023-11-30 18:31:07','2023-11-30 18:31:07'),(22,1,NULL,1,NULL,'2023-11-30 16:35:00',NULL,NULL,'2023-11-30 18:33:59','2023-11-30 18:33:59'),(25,1,NULL,1,NULL,'2023-11-30 16:35:00',NULL,NULL,'2023-11-30 18:42:32','2023-11-30 18:42:32'),(27,1,NULL,1,NULL,'2023-11-30 16:35:00',NULL,NULL,'2023-11-30 18:46:31','2023-11-30 18:46:31'),(32,1,NULL,1,NULL,'2023-11-30 16:35:00',NULL,NULL,'2023-11-30 18:54:07','2023-11-30 18:54:07'),(37,1,NULL,1,NULL,'2023-11-30 16:35:00',NULL,NULL,'2023-11-30 19:05:45','2023-11-30 19:05:45'),(40,1,NULL,1,NULL,'2023-11-30 16:35:00',NULL,NULL,'2023-11-30 19:07:33','2023-11-30 19:07:33'),(42,2,NULL,2,1,'2023-11-30 23:31:00',NULL,NULL,'2023-11-30 23:30:41','2023-11-30 23:31:03'),(43,2,NULL,2,1,'2023-11-30 23:31:00',NULL,NULL,'2023-11-30 23:31:03','2023-11-30 23:31:03'),(45,2,NULL,2,1,'2023-11-30 23:31:00',NULL,NULL,'2023-11-30 23:31:17','2023-11-30 23:31:17'),(58,2,NULL,2,1,'2023-11-30 23:31:00',NULL,NULL,'2023-11-30 23:34:34','2023-11-30 23:34:34'),(59,2,NULL,2,1,'2023-11-30 23:37:00',NULL,NULL,'2023-11-30 23:34:50','2023-11-30 23:37:02'),(73,2,NULL,2,1,'2023-11-30 23:37:00',NULL,NULL,'2023-11-30 23:37:02','2023-11-30 23:37:02'),(75,2,NULL,2,1,'2023-11-30 23:37:00',NULL,NULL,'2023-12-01 00:35:04','2023-12-01 00:35:04'),(77,2,NULL,2,1,'2023-11-30 23:31:00',NULL,NULL,'2023-12-01 00:44:30','2023-12-01 00:44:30'),(79,2,NULL,2,1,'2023-11-30 23:37:00',NULL,NULL,'2023-12-01 00:47:00','2023-12-01 00:47:00'),(81,2,NULL,2,1,'2023-11-30 23:31:00',NULL,NULL,'2023-12-01 00:47:28','2023-12-01 00:47:28'),(83,2,NULL,2,1,'2023-11-30 23:31:00',NULL,NULL,'2023-12-01 00:47:46','2023-12-01 00:47:46'),(84,3,NULL,3,NULL,'2023-12-01 01:17:00',NULL,NULL,'2023-12-01 01:17:11','2023-12-01 01:17:11'),(85,3,NULL,3,NULL,'2023-12-01 01:17:00',NULL,NULL,'2023-12-01 01:17:11','2023-12-01 01:17:11'),(86,3,NULL,3,NULL,'2023-12-01 01:17:00',NULL,NULL,'2023-12-01 01:17:12','2023-12-01 01:17:12'),(87,3,NULL,3,NULL,'2023-12-01 01:17:00',NULL,NULL,'2023-12-01 01:17:38','2023-12-01 01:17:38'),(88,3,NULL,3,NULL,'2023-12-01 01:17:00',NULL,NULL,'2023-12-01 01:18:35','2023-12-01 01:18:35'),(90,3,NULL,3,NULL,'2023-12-01 01:17:00',NULL,NULL,'2023-12-01 01:19:01','2023-12-01 01:19:01'),(91,1,NULL,1,NULL,'2023-11-30 16:35:00',NULL,NULL,'2023-12-01 01:23:02','2023-12-01 01:23:02'),(93,2,NULL,2,1,'2023-12-01 01:23:28',NULL,NULL,'2023-12-01 01:23:28','2023-12-01 01:23:28'),(95,1,NULL,1,NULL,'2023-11-30 16:35:00',NULL,NULL,'2023-12-01 01:23:44','2023-12-01 01:23:44'),(98,2,NULL,2,1,'2023-11-30 23:37:00',NULL,NULL,'2023-12-01 01:34:57','2023-12-01 01:34:57'),(99,2,NULL,2,1,'2023-11-30 23:37:00',NULL,NULL,'2023-12-01 01:35:07','2023-12-01 01:35:07'),(101,2,NULL,2,1,'2023-11-30 23:31:00',NULL,NULL,'2023-12-01 01:35:35','2023-12-01 01:35:35'),(102,2,NULL,2,1,'2023-11-30 23:31:00',NULL,NULL,'2023-12-01 03:18:42','2023-12-01 03:18:42'),(104,2,NULL,2,1,'2023-11-30 23:31:00',NULL,NULL,'2023-12-01 03:19:07','2023-12-01 03:19:07'),(105,2,NULL,2,1,'2023-12-01 03:19:00',NULL,0,'2023-12-01 03:19:12','2023-12-01 03:19:45'),(106,2,NULL,2,1,'2023-12-01 03:19:00',NULL,NULL,'2023-12-01 03:19:45','2023-12-01 03:19:45'),(108,2,NULL,2,1,'2023-11-30 23:37:00',NULL,NULL,'2023-12-01 08:40:32','2023-12-01 08:40:32'),(110,2,NULL,2,1,'2023-11-30 23:31:00',NULL,NULL,'2023-12-01 08:40:59','2023-12-01 08:40:59'),(112,2,NULL,2,1,'2023-11-30 23:37:00',NULL,NULL,'2023-12-01 08:43:35','2023-12-01 08:43:35'),(114,2,NULL,2,1,'2023-12-01 03:19:00',NULL,NULL,'2023-12-01 08:44:52','2023-12-01 08:44:52'),(115,2,NULL,2,1,'2023-12-01 08:55:00',NULL,0,'2023-12-01 08:55:33','2023-12-01 08:55:47'),(116,2,NULL,2,1,'2023-12-01 08:55:00',NULL,NULL,'2023-12-01 08:55:47','2023-12-01 08:55:47'),(118,2,NULL,2,1,'2023-11-30 23:31:00',NULL,NULL,'2023-12-01 08:57:49','2023-12-01 08:57:49'),(119,2,NULL,2,1,'2023-11-30 23:31:00',NULL,NULL,'2023-12-01 08:58:09','2023-12-01 08:58:09'),(120,2,NULL,2,1,'2023-11-30 23:37:00',NULL,NULL,'2023-12-01 08:58:09','2023-12-01 08:58:09'),(121,2,NULL,2,1,'2023-12-01 08:58:00',NULL,0,'2023-12-01 08:58:27','2023-12-01 08:58:34'),(122,2,NULL,2,1,'2023-12-01 08:58:00',NULL,NULL,'2023-12-01 08:58:34','2023-12-01 08:58:34'),(123,2,NULL,2,1,'2023-11-30 23:37:00',NULL,NULL,'2023-12-01 08:58:42','2023-12-01 08:58:42'),(125,2,NULL,2,1,'2023-12-01 08:58:00',NULL,NULL,'2023-12-01 08:58:49','2023-12-01 08:58:49'),(126,2,NULL,2,1,'2023-11-30 23:37:00',NULL,NULL,'2023-12-01 08:59:01','2023-12-01 08:59:01'),(129,2,NULL,2,1,'2023-12-01 08:58:00',NULL,NULL,'2023-12-01 09:03:32','2023-12-01 09:03:32'),(130,2,NULL,2,1,'2023-11-30 23:37:00',NULL,NULL,'2023-12-01 09:03:44','2023-12-01 09:03:44'),(132,2,NULL,2,1,'2023-12-01 08:58:00',NULL,NULL,'2023-12-01 09:03:52','2023-12-01 09:03:52'),(133,2,NULL,2,1,'2023-11-30 23:31:00',NULL,NULL,'2023-12-01 09:20:31','2023-12-01 09:20:31'),(134,2,NULL,2,1,'2023-11-30 23:37:00',NULL,NULL,'2023-12-01 09:20:32','2023-12-01 09:20:32'),(136,1,NULL,1,NULL,'2023-11-30 16:35:00',NULL,NULL,'2023-12-01 09:22:29','2023-12-01 09:22:29'),(138,1,NULL,1,NULL,'2023-11-30 16:35:00',NULL,NULL,'2023-12-01 10:41:30','2023-12-01 10:41:30'),(140,4,NULL,4,1,'2023-12-01 15:30:00',NULL,0,'2023-12-01 13:34:52','2023-12-01 15:19:03'),(141,4,NULL,4,1,'2023-12-01 13:38:00',NULL,NULL,'2023-12-01 13:38:26','2023-12-01 13:38:26'),(142,1,NULL,1,NULL,'2023-11-30 16:35:00',NULL,NULL,'2023-12-01 13:43:37','2023-12-01 13:43:37'),(145,1,NULL,1,NULL,'2023-11-30 16:35:00',NULL,NULL,'2023-12-01 13:46:13','2023-12-01 13:46:13'),(149,4,NULL,4,1,'2023-12-01 13:38:00',NULL,NULL,'2023-12-01 13:47:05','2023-12-01 13:47:05'),(156,4,NULL,4,1,'2023-12-01 13:38:00',NULL,NULL,'2023-12-01 13:50:17','2023-12-01 13:50:17'),(158,4,NULL,4,1,'2023-12-01 13:38:00',NULL,NULL,'2023-12-01 13:50:59','2023-12-01 13:50:59'),(160,4,NULL,4,1,'2023-12-01 13:38:00',NULL,NULL,'2023-12-01 13:51:35','2023-12-01 13:51:35'),(161,5,NULL,5,NULL,'2023-12-01 13:56:00',NULL,NULL,'2023-12-01 13:56:02','2023-12-01 13:56:02'),(162,5,NULL,5,NULL,'2023-12-01 13:56:00',NULL,NULL,'2023-12-01 13:56:02','2023-12-01 13:56:02'),(163,5,NULL,5,NULL,'2023-12-01 13:56:00',NULL,NULL,'2023-12-01 13:56:02','2023-12-01 13:56:02'),(164,5,NULL,5,NULL,'2023-12-01 13:56:00',NULL,NULL,'2023-12-01 13:56:02','2023-12-01 13:56:02'),(165,4,NULL,4,1,'2023-12-01 14:00:00',NULL,NULL,'2023-12-01 13:59:53','2023-12-01 14:00:29'),(166,4,NULL,4,1,'2023-12-01 14:00:00',NULL,NULL,'2023-12-01 14:00:29','2023-12-01 14:00:29'),(168,4,NULL,4,1,'2023-12-01 14:00:00',NULL,NULL,'2023-12-01 14:01:28','2023-12-01 14:01:28'),(169,5,NULL,5,NULL,'2023-12-01 13:56:00',NULL,NULL,'2023-12-01 15:01:13','2023-12-01 15:01:13'),(170,5,NULL,5,NULL,'2023-12-01 13:56:00',NULL,NULL,'2023-12-01 15:01:13','2023-12-01 15:01:13'),(171,5,NULL,5,NULL,'2023-12-01 13:56:00',NULL,NULL,'2023-12-01 15:01:13','2023-12-01 15:01:13'),(172,4,NULL,4,1,'2023-12-01 15:05:00',NULL,NULL,'2023-12-01 15:04:35','2023-12-01 15:05:33'),(173,4,NULL,4,1,'2023-12-01 15:05:00',NULL,NULL,'2023-12-01 15:05:33','2023-12-01 15:05:33'),(175,4,NULL,4,1,'2023-12-01 15:05:00',NULL,NULL,'2023-12-01 15:06:17','2023-12-01 15:06:17'),(177,4,NULL,4,1,'2023-12-01 13:38:00',NULL,NULL,'2023-12-01 15:07:12','2023-12-01 15:07:12'),(178,4,NULL,4,1,'2023-12-01 14:00:00',NULL,NULL,'2023-12-01 15:11:26','2023-12-01 15:11:26'),(180,4,NULL,4,1,'2023-12-01 13:38:00',NULL,NULL,'2023-12-01 15:12:13','2023-12-01 15:12:13'),(182,4,NULL,4,1,'2023-12-02 08:00:00',NULL,NULL,'2023-12-01 15:12:31','2023-12-01 15:12:31'),(184,4,NULL,4,1,'2023-12-02 00:00:00',NULL,NULL,'2023-12-01 15:13:20','2023-12-01 15:13:20'),(186,4,NULL,4,1,'2023-12-01 16:00:00',NULL,NULL,'2023-12-01 15:13:48','2023-12-01 15:13:48'),(188,4,NULL,4,1,'2023-12-01 08:30:00',NULL,NULL,'2023-12-01 15:14:40','2023-12-01 15:14:40'),(190,4,NULL,4,1,'2023-12-01 15:05:00',NULL,NULL,'2023-12-01 15:15:31','2023-12-01 15:15:31'),(192,4,NULL,4,1,'2023-12-01 14:00:00',NULL,NULL,'2023-12-01 15:16:14','2023-12-01 15:16:14'),(194,4,NULL,4,1,'2023-12-01 16:00:00',NULL,NULL,'2023-12-01 15:18:45','2023-12-01 15:18:45'),(196,4,NULL,4,1,'2023-12-01 15:30:00',NULL,NULL,'2023-12-01 15:19:03','2023-12-01 15:19:03'),(197,4,NULL,4,1,'2023-12-01 15:30:00',NULL,NULL,'2023-12-01 15:19:18','2023-12-01 15:19:18'),(198,4,NULL,4,1,'2023-12-01 15:19:00',NULL,NULL,'2023-12-01 15:19:22','2023-12-01 15:19:29'),(199,4,NULL,4,1,'2023-12-01 15:19:00',NULL,NULL,'2023-12-01 15:19:29','2023-12-01 15:19:29'),(200,4,NULL,4,1,'2023-12-01 15:19:00',NULL,NULL,'2023-12-01 15:19:37','2023-12-01 15:19:37'),(201,4,NULL,4,1,'2023-12-01 15:19:00',NULL,NULL,'2023-12-01 15:19:44','2023-12-01 15:19:44'),(202,4,NULL,4,1,'2023-12-01 15:30:00',NULL,NULL,'2023-12-01 15:19:53','2023-12-01 15:19:53'),(204,4,NULL,4,1,'2023-12-01 15:19:00',NULL,NULL,'2023-12-01 15:20:02','2023-12-01 15:20:02'),(205,4,NULL,4,1,'2023-12-01 15:30:00',NULL,NULL,'2023-12-01 15:20:11','2023-12-01 15:20:11'),(207,4,NULL,4,1,'2023-12-01 15:19:00',NULL,NULL,'2023-12-01 15:20:20','2023-12-01 15:20:20'),(209,4,NULL,4,1,'2023-12-01 15:19:00',NULL,NULL,'2023-12-01 15:21:23','2023-12-01 15:21:23'),(210,4,NULL,4,1,'2023-12-01 15:30:00',NULL,0,'2023-12-01 15:21:49','2023-12-01 15:21:49'),(211,4,NULL,4,1,'2023-12-01 15:30:00',NULL,NULL,'2023-12-01 15:21:49','2023-12-01 15:21:49'),(212,4,NULL,4,1,'2023-12-01 15:30:00',NULL,0,'2023-12-01 15:21:55','2023-12-01 15:21:55'),(213,4,NULL,4,1,'2023-12-01 15:30:00',NULL,NULL,'2023-12-01 15:21:55','2023-12-01 15:21:55'),(215,1,NULL,1,NULL,'2023-11-30 16:35:00',NULL,NULL,'2023-12-01 15:22:35','2023-12-01 15:22:35'),(218,4,NULL,4,1,'2023-12-01 15:19:00',NULL,NULL,'2023-12-01 15:23:17','2023-12-01 15:23:17'),(221,4,NULL,4,1,'2023-12-01 14:00:00',NULL,NULL,'2023-12-01 15:26:10','2023-12-01 15:26:10'),(223,4,NULL,4,1,'2023-12-01 14:00:00',NULL,NULL,'2023-12-01 15:26:45','2023-12-01 15:26:45'),(224,4,NULL,4,1,'2023-12-01 15:00:00',NULL,NULL,'2023-12-01 18:18:33','2023-12-01 18:23:14'),(225,4,NULL,4,1,'2023-12-01 18:21:00',NULL,NULL,'2023-12-01 18:21:00','2023-12-01 18:21:00'),(227,4,NULL,4,1,'2023-12-01 18:21:00',NULL,NULL,'2023-12-01 18:22:13','2023-12-01 18:22:13'),(229,4,NULL,4,1,'2023-12-01 15:00:00',NULL,NULL,'2023-12-01 18:23:14','2023-12-01 18:23:14'),(231,4,NULL,4,1,'2023-12-01 15:00:00',NULL,NULL,'2023-12-01 18:23:59','2023-12-01 18:23:59'),(233,4,NULL,4,1,'2023-12-01 15:00:00',NULL,NULL,'2023-12-01 18:24:28','2023-12-01 18:24:28'),(235,4,NULL,4,1,'2023-12-01 15:19:00',NULL,NULL,'2023-12-01 20:15:08','2023-12-01 20:15:08');
/*!40000 ALTER TABLE `entries` ENABLE KEYS */;
UNLOCK TABLES;
commit;

--
-- Dumping data for table `entrytypes`
--

LOCK TABLES `entrytypes` WRITE;
/*!40000 ALTER TABLE `entrytypes` DISABLE KEYS */;
set autocommit=0;
INSERT INTO `entrytypes` VALUES (1,1,1,'Home','home',0,'site',NULL,'{section.name|raw}','site',NULL,1,1,'2023-11-30 16:35:34','2023-11-30 16:35:34',NULL,'c083ea54-186e-450f-b8df-71ef7151bfc8'),(2,2,4,'Default','default',1,'site',NULL,NULL,'site',NULL,1,1,'2023-11-30 23:29:58','2023-11-30 23:29:58',NULL,'2af77a0e-c311-453f-804c-3bfe50334e43'),(3,3,5,'Gites Listing','gitesListing',1,'site',NULL,'{section.name|raw}','site',NULL,1,1,'2023-12-01 01:17:11','2023-12-01 01:17:38',NULL,'71c70725-e612-4a3b-87f5-50b7981e541e'),(4,4,6,'Default','default',1,'site',NULL,NULL,'site',NULL,1,1,'2023-12-01 13:32:05','2023-12-01 13:32:05',NULL,'bb9472f9-df47-42c5-9780-a6c1c9eadfe5'),(5,5,7,'About','aboutUs',1,'site',NULL,NULL,'site',NULL,1,1,'2023-12-01 13:54:47','2023-12-01 15:01:13',NULL,'b206cbb9-bb04-4392-8e2c-fee9d6957888');
/*!40000 ALTER TABLE `entrytypes` ENABLE KEYS */;
UNLOCK TABLES;
commit;

--
-- Dumping data for table `fieldgroups`
--

LOCK TABLES `fieldgroups` WRITE;
/*!40000 ALTER TABLE `fieldgroups` DISABLE KEYS */;
set autocommit=0;
INSERT INTO `fieldgroups` VALUES (1,'Common','2023-11-30 14:07:21','2023-11-30 14:07:21',NULL,'2bc428e8-7344-4bb3-bdd0-60e34d2e6110'),(2,'Home Page','2023-11-30 16:40:29','2023-11-30 16:40:29',NULL,'b8685538-b0d5-4bc2-aa61-a3aa1366f5b6');
/*!40000 ALTER TABLE `fieldgroups` ENABLE KEYS */;
UNLOCK TABLES;
commit;

--
-- Dumping data for table `fieldlayoutfields`
--

LOCK TABLES `fieldlayoutfields` WRITE;
/*!40000 ALTER TABLE `fieldlayoutfields` DISABLE KEYS */;
set autocommit=0;
INSERT INTO `fieldlayoutfields` VALUES (9,3,7,5,0,0,'2023-11-30 18:25:57','2023-11-30 18:25:57','6fddc710-9b4c-4191-8b13-fdc50f85bd2b'),(10,3,7,6,0,1,'2023-11-30 18:25:57','2023-11-30 18:25:57','70abb0e8-d8b5-49a6-978b-03e848705087'),(11,3,7,7,0,2,'2023-11-30 18:25:57','2023-11-30 18:25:57','4862665d-d88f-4ce0-9f8f-82c97f2b5dd8'),(24,4,17,10,0,1,'2023-12-01 02:59:02','2023-12-01 02:59:02','8be4448a-2495-44ca-a2a7-ee85ce63633b'),(25,4,17,8,0,2,'2023-12-01 02:59:02','2023-12-01 02:59:02','e80ce90a-ed99-4ba8-9479-dba5dc6c0906'),(26,4,17,9,0,3,'2023-12-01 02:59:02','2023-12-01 02:59:02','8ef1b1c7-6a5f-419b-8b84-abe3dbecd544'),(32,6,23,10,0,1,'2023-12-01 13:34:20','2023-12-01 13:34:20','0f110347-6d14-4e40-a1a6-119814d327d4'),(33,6,23,9,0,2,'2023-12-01 13:34:20','2023-12-01 13:34:20','6f4fe925-1324-4364-a6dc-1e5d6fa094b8'),(34,6,23,8,0,3,'2023-12-01 13:34:20','2023-12-01 13:34:20','f78b738b-b215-4642-a072-26babb2b118c'),(35,1,24,1,0,1,'2023-12-01 13:43:37','2023-12-01 13:43:37','21b60bb9-0871-4ee7-84c7-686e7baa13a3'),(36,1,24,2,0,2,'2023-12-01 13:43:37','2023-12-01 13:43:37','c0ca0ab1-a9a1-4372-bb40-3e7d2db3cf31'),(37,1,25,12,0,0,'2023-12-01 13:43:37','2023-12-01 13:43:37','785af555-1a14-4f65-8cea-df3996044432'),(38,1,26,3,0,0,'2023-12-01 13:43:37','2023-12-01 13:43:37','26357751-6395-4c6d-9c1c-9333843138b4'),(39,1,26,4,0,1,'2023-12-01 13:43:37','2023-12-01 13:43:37','ddbf9673-ddfe-496f-bf1e-a16223a00dca'),(42,9,31,13,0,0,'2023-12-02 23:00:14','2023-12-02 23:00:14','366a2585-3b2a-487e-a8ff-acb3dddbaab2'),(43,8,32,15,1,0,'2023-12-02 23:13:59','2023-12-02 23:13:59','e7e52748-a7ab-4e3f-9e12-6b02836a9882'),(44,8,32,14,1,1,'2023-12-02 23:13:59','2023-12-02 23:13:59','ed741a32-c524-4cdd-82d2-f718e28a4327'),(45,10,34,9,0,0,'2023-12-02 23:31:59','2023-12-02 23:31:59','91353e5b-a394-4ee0-934d-b989b44595bf');
/*!40000 ALTER TABLE `fieldlayoutfields` ENABLE KEYS */;
UNLOCK TABLES;
commit;

--
-- Dumping data for table `fieldlayouts`
--

LOCK TABLES `fieldlayouts` WRITE;
/*!40000 ALTER TABLE `fieldlayouts` DISABLE KEYS */;
set autocommit=0;
INSERT INTO `fieldlayouts` VALUES (1,'craft\\elements\\Entry','2023-11-30 16:35:34','2023-11-30 16:35:34',NULL,'5e3061b3-d7ef-4af7-85b1-a09fd416579c'),(2,'craft\\elements\\Asset','2023-11-30 16:40:14','2023-11-30 16:40:14',NULL,'8e321f5a-1faf-4b66-a164-8118504188fa'),(3,'craft\\elements\\MatrixBlock','2023-11-30 18:24:27','2023-11-30 18:24:27',NULL,'f4721e49-e40e-49bc-b8e1-6ff21cc90044'),(4,'craft\\elements\\Entry','2023-11-30 23:29:58','2023-11-30 23:29:58',NULL,'d98551bd-6b72-48f6-adaf-9e06b29ad5f9'),(5,'craft\\elements\\Entry','2023-12-01 01:17:11','2023-12-01 01:17:11',NULL,'a2a71cd9-d62f-42bd-8616-6dedef337d2d'),(6,'craft\\elements\\Entry','2023-12-01 13:32:05','2023-12-01 13:32:05',NULL,'f969c895-e156-4ac9-a4c5-5bbb3b153f1c'),(7,'craft\\elements\\Entry','2023-12-01 13:54:47','2023-12-01 13:54:47',NULL,'5b75e0b3-18a1-4b95-9c76-86645b2bdfbf'),(8,'craft\\elements\\MatrixBlock','2023-12-02 22:58:59','2023-12-02 22:58:59',NULL,'a2e4474e-a318-4747-8707-fb234eb4f868'),(9,'craft\\elements\\GlobalSet','2023-12-02 23:00:14','2023-12-02 23:00:14',NULL,'528f0ca5-c4e1-4461-bb97-92f42b6c0b0d'),(10,'craft\\elements\\GlobalSet','2023-12-02 23:31:49','2023-12-02 23:31:49',NULL,'526b41a6-817f-4819-8daf-27cbd1c8e552');
/*!40000 ALTER TABLE `fieldlayouts` ENABLE KEYS */;
UNLOCK TABLES;
commit;

--
-- Dumping data for table `fieldlayouttabs`
--

LOCK TABLES `fieldlayouttabs` WRITE;
/*!40000 ALTER TABLE `fieldlayouttabs` DISABLE KEYS */;
set autocommit=0;
INSERT INTO `fieldlayouttabs` VALUES (2,2,'Content','{\"userCondition\":null,\"elementCondition\":null}','[{\"type\":\"craft\\\\fieldlayoutelements\\\\assets\\\\AssetTitleField\",\"autocomplete\":false,\"class\":null,\"size\":null,\"name\":null,\"autocorrect\":true,\"autocapitalize\":true,\"disabled\":false,\"readonly\":false,\"title\":null,\"placeholder\":null,\"step\":null,\"min\":null,\"max\":null,\"requirable\":false,\"id\":null,\"containerAttributes\":[],\"inputContainerAttributes\":[],\"labelAttributes\":[],\"orientation\":null,\"label\":null,\"instructions\":null,\"tip\":null,\"warning\":null,\"width\":100,\"uid\":\"c66236e5-a668-467c-9c72-a10d07725b72\",\"userCondition\":null,\"elementCondition\":null}]',1,'2023-11-30 16:40:14','2023-11-30 16:40:14','03a9628f-a404-4b86-9483-1992dba7dbfc'),(7,3,'Content','{\"userCondition\":null,\"elementCondition\":null}','[{\"type\":\"craft\\\\fieldlayoutelements\\\\CustomField\",\"label\":null,\"instructions\":null,\"tip\":null,\"warning\":null,\"required\":false,\"width\":100,\"uid\":\"d28742b9-ce76-42c5-929a-ed3a85e08589\",\"userCondition\":null,\"elementCondition\":null,\"fieldUid\":\"0bc68818-feb9-4a74-847c-bbd10558ec6b\"},{\"type\":\"craft\\\\fieldlayoutelements\\\\CustomField\",\"label\":null,\"instructions\":null,\"tip\":null,\"warning\":null,\"required\":false,\"width\":100,\"uid\":\"0cc5c33e-882e-46ff-8852-365e1cb3d14a\",\"userCondition\":null,\"elementCondition\":null,\"fieldUid\":\"e2227714-9d82-435d-9254-7f0e6074a9fb\"},{\"type\":\"craft\\\\fieldlayoutelements\\\\CustomField\",\"label\":null,\"instructions\":null,\"tip\":null,\"warning\":null,\"required\":false,\"width\":100,\"uid\":\"611a42b1-580b-4cb2-8547-6b7b8a583b8e\",\"userCondition\":null,\"elementCondition\":null,\"fieldUid\":\"0e70c34e-df5f-4073-8daa-9341bf93dc4b\"}]',1,'2023-11-30 18:25:57','2023-11-30 18:25:57','422ecee8-9bab-4571-b577-c7681f4e518d'),(13,5,'Content','{\"userCondition\":null,\"elementCondition\":null}','[{\"type\":\"craft\\\\fieldlayoutelements\\\\entries\\\\EntryTitleField\",\"autocomplete\":false,\"class\":null,\"size\":null,\"name\":null,\"autocorrect\":true,\"autocapitalize\":true,\"disabled\":false,\"readonly\":false,\"title\":null,\"placeholder\":null,\"step\":null,\"min\":null,\"max\":null,\"requirable\":false,\"id\":null,\"containerAttributes\":[],\"inputContainerAttributes\":[],\"labelAttributes\":[],\"orientation\":null,\"label\":null,\"instructions\":null,\"tip\":null,\"warning\":null,\"width\":100,\"uid\":\"f5bc6734-2f19-4a7f-9e78-a715eb6e79bd\",\"userCondition\":null,\"elementCondition\":null}]',1,'2023-12-01 01:17:38','2023-12-01 01:17:38','6c0322b8-7746-448a-8649-523174dafd51'),(17,4,'Content','{\"userCondition\":null,\"elementCondition\":null}','[{\"type\":\"craft\\\\fieldlayoutelements\\\\entries\\\\EntryTitleField\",\"autocomplete\":false,\"class\":null,\"size\":null,\"name\":null,\"autocorrect\":true,\"autocapitalize\":true,\"disabled\":false,\"readonly\":false,\"title\":null,\"placeholder\":null,\"step\":null,\"min\":null,\"max\":null,\"requirable\":false,\"id\":null,\"containerAttributes\":[],\"inputContainerAttributes\":[],\"labelAttributes\":[],\"orientation\":null,\"label\":null,\"instructions\":null,\"tip\":null,\"warning\":null,\"width\":100,\"uid\":\"9b3e6e6a-7fa3-4279-9276-51655f7a28ff\",\"userCondition\":null,\"elementCondition\":null},{\"type\":\"craft\\\\fieldlayoutelements\\\\CustomField\",\"label\":null,\"instructions\":null,\"tip\":null,\"warning\":null,\"required\":false,\"width\":100,\"uid\":\"3db44314-d7d6-405e-9424-4d28e5d57d56\",\"userCondition\":null,\"elementCondition\":null,\"fieldUid\":\"167d0a47-343f-44ab-ad52-c7f203db8566\"},{\"type\":\"craft\\\\fieldlayoutelements\\\\CustomField\",\"label\":null,\"instructions\":null,\"tip\":null,\"warning\":null,\"required\":false,\"width\":100,\"uid\":\"3691c930-fb2d-4576-9d82-3f44a2d98885\",\"userCondition\":null,\"elementCondition\":null,\"fieldUid\":\"cf75817a-23a3-4bc1-adc2-0bf788fe83b0\"},{\"type\":\"craft\\\\fieldlayoutelements\\\\CustomField\",\"label\":null,\"instructions\":null,\"tip\":null,\"warning\":null,\"required\":false,\"width\":100,\"uid\":\"ef595e83-02a3-4a47-b5c9-376683878627\",\"userCondition\":null,\"elementCondition\":null,\"fieldUid\":\"324c937c-d901-4d2f-8ff3-8018da277bf2\"}]',1,'2023-12-01 02:59:02','2023-12-01 02:59:02','d9cb8c33-2de1-43bb-a265-b66f8b6863c6'),(23,6,'Content','{\"userCondition\":null,\"elementCondition\":null}','[{\"type\":\"craft\\\\fieldlayoutelements\\\\entries\\\\EntryTitleField\",\"autocomplete\":false,\"class\":null,\"size\":null,\"name\":null,\"autocorrect\":true,\"autocapitalize\":true,\"disabled\":false,\"readonly\":false,\"title\":null,\"placeholder\":null,\"step\":null,\"min\":null,\"max\":null,\"requirable\":false,\"id\":null,\"containerAttributes\":[],\"inputContainerAttributes\":[],\"labelAttributes\":[],\"orientation\":null,\"label\":null,\"instructions\":null,\"tip\":null,\"warning\":null,\"width\":100,\"uid\":\"f554b9f2-bb60-4ff2-bc7b-269038924cbc\",\"userCondition\":null,\"elementCondition\":null},{\"type\":\"craft\\\\fieldlayoutelements\\\\CustomField\",\"label\":null,\"instructions\":null,\"tip\":null,\"warning\":null,\"required\":false,\"width\":100,\"uid\":\"daa38478-037b-4f35-b50f-70fb4cdba53b\",\"userCondition\":null,\"elementCondition\":null,\"fieldUid\":\"167d0a47-343f-44ab-ad52-c7f203db8566\"},{\"type\":\"craft\\\\fieldlayoutelements\\\\CustomField\",\"label\":null,\"instructions\":null,\"tip\":null,\"warning\":null,\"required\":false,\"width\":100,\"uid\":\"75f5fdcf-4486-4026-b7ca-0d498255a497\",\"userCondition\":null,\"elementCondition\":null,\"fieldUid\":\"324c937c-d901-4d2f-8ff3-8018da277bf2\"},{\"type\":\"craft\\\\fieldlayoutelements\\\\CustomField\",\"label\":null,\"instructions\":null,\"tip\":null,\"warning\":null,\"required\":false,\"width\":100,\"uid\":\"3bff1fc9-dd42-4391-bc00-58db43b93598\",\"userCondition\":null,\"elementCondition\":null,\"fieldUid\":\"cf75817a-23a3-4bc1-adc2-0bf788fe83b0\"}]',1,'2023-12-01 13:34:20','2023-12-01 13:34:20','f6d619b7-b9ae-444c-a792-113471ccb78f'),(24,1,'Front Page','{\"userCondition\":null,\"elementCondition\":null}','[{\"type\":\"craft\\\\fieldlayoutelements\\\\entries\\\\EntryTitleField\",\"autocomplete\":false,\"class\":null,\"size\":null,\"name\":null,\"autocorrect\":true,\"autocapitalize\":true,\"disabled\":false,\"readonly\":false,\"title\":null,\"placeholder\":null,\"step\":null,\"min\":null,\"max\":null,\"requirable\":false,\"id\":null,\"containerAttributes\":[],\"inputContainerAttributes\":[],\"labelAttributes\":[],\"orientation\":null,\"label\":null,\"instructions\":null,\"tip\":null,\"warning\":null,\"width\":100,\"uid\":\"f9d88e0c-15b1-4fab-91b0-4bba8ffcd4a5\",\"userCondition\":null,\"elementCondition\":null},{\"type\":\"craft\\\\fieldlayoutelements\\\\CustomField\",\"label\":null,\"instructions\":null,\"tip\":null,\"warning\":null,\"required\":false,\"width\":100,\"uid\":\"20e52328-2569-48fa-aa0f-f4c73e8e3945\",\"userCondition\":null,\"elementCondition\":null,\"fieldUid\":\"63f18369-4d51-4417-9fa2-11e0b810b8c7\"},{\"type\":\"craft\\\\fieldlayoutelements\\\\CustomField\",\"label\":null,\"instructions\":null,\"tip\":null,\"warning\":null,\"required\":false,\"width\":100,\"uid\":\"e879f19a-0281-4bc4-b465-d590ed8e2519\",\"userCondition\":null,\"elementCondition\":null,\"fieldUid\":\"8edb13a2-4a4c-417c-ba9a-7ffbcc94195c\"}]',1,'2023-12-01 13:43:37','2023-12-01 13:43:37','af403fff-fa2c-4a0a-8a3e-e83190de5703'),(25,1,'Featured Story','{\"userCondition\":null,\"elementCondition\":null}','[{\"type\":\"craft\\\\fieldlayoutelements\\\\CustomField\",\"label\":null,\"instructions\":null,\"tip\":null,\"warning\":null,\"required\":false,\"width\":100,\"uid\":\"673ae16a-0a3f-48f9-b1f1-8b943431549d\",\"userCondition\":null,\"elementCondition\":null,\"fieldUid\":\"dac413e9-280c-4d5a-b8c9-6b002a7911d0\"}]',2,'2023-12-01 13:43:37','2023-12-01 13:43:37','43c73cf7-29d3-4654-b3b1-6dd9d71178e6'),(26,1,'Hosts','{\"userCondition\":null,\"elementCondition\":null}','[{\"type\":\"craft\\\\fieldlayoutelements\\\\CustomField\",\"label\":null,\"instructions\":null,\"tip\":null,\"warning\":null,\"required\":false,\"width\":100,\"uid\":\"c7ead546-a29e-4b26-b0c1-fe9a8dbc9e24\",\"userCondition\":null,\"elementCondition\":null,\"fieldUid\":\"7dad4d3a-8dd9-482a-acd2-59093cf10f5a\"},{\"type\":\"craft\\\\fieldlayoutelements\\\\CustomField\",\"label\":null,\"instructions\":null,\"tip\":null,\"warning\":null,\"required\":false,\"width\":100,\"uid\":\"24748659-a039-4411-a006-a61bcf27ca7c\",\"userCondition\":null,\"elementCondition\":null,\"fieldUid\":\"02d4fede-34e7-489f-a068-098fff61d3f4\"}]',3,'2023-12-01 13:43:37','2023-12-01 13:43:37','c83ba8ad-21d1-4494-905f-462f32981eee'),(29,7,'Content','{\"userCondition\":null,\"elementCondition\":null}','[{\"type\":\"craft\\\\fieldlayoutelements\\\\entries\\\\EntryTitleField\",\"autocomplete\":false,\"class\":null,\"size\":null,\"name\":null,\"autocorrect\":true,\"autocapitalize\":true,\"disabled\":false,\"readonly\":false,\"title\":null,\"placeholder\":null,\"step\":null,\"min\":null,\"max\":null,\"requirable\":false,\"id\":null,\"containerAttributes\":[],\"inputContainerAttributes\":[],\"labelAttributes\":[],\"orientation\":null,\"label\":null,\"instructions\":null,\"tip\":null,\"warning\":null,\"width\":100,\"uid\":\"74c9ff13-6b1f-4a3a-948c-1a9d2a0f4518\",\"userCondition\":null,\"elementCondition\":null}]',1,'2023-12-01 15:01:13','2023-12-01 15:01:13','0532caff-2273-408f-b92d-bd6284d6c308'),(31,9,'Content','{\"userCondition\":null,\"elementCondition\":null}','[{\"type\":\"craft\\\\fieldlayoutelements\\\\CustomField\",\"label\":null,\"instructions\":null,\"tip\":null,\"warning\":null,\"required\":false,\"width\":100,\"uid\":\"543c5747-01e7-4665-b7cb-bfb1e3c1cfde\",\"userCondition\":null,\"elementCondition\":null,\"fieldUid\":\"0e0c71de-66aa-4d95-a0b1-8fb983deb359\"}]',1,'2023-12-02 23:00:14','2023-12-02 23:00:14','c5b72340-6f64-4c60-b1b6-4b02e9f64593'),(32,8,'Content','{\"userCondition\":null,\"elementCondition\":null}','[{\"type\":\"craft\\\\fieldlayoutelements\\\\CustomField\",\"label\":null,\"instructions\":null,\"tip\":null,\"warning\":null,\"required\":true,\"width\":100,\"uid\":\"2034478d-8b90-484f-a005-3a51e40daea0\",\"userCondition\":null,\"elementCondition\":null,\"fieldUid\":\"31695d03-c374-4f0b-9f87-e4759f29c916\"},{\"type\":\"craft\\\\fieldlayoutelements\\\\CustomField\",\"label\":null,\"instructions\":null,\"tip\":null,\"warning\":null,\"required\":true,\"width\":100,\"uid\":\"ae7d9346-30e8-4d54-9d4a-a89d938d3972\",\"userCondition\":null,\"elementCondition\":null,\"fieldUid\":\"22dd3771-0c49-430a-b1b3-e07cf957c266\"}]',1,'2023-12-02 23:13:59','2023-12-02 23:13:59','8564b3fe-edc5-417e-aa7c-6dfc6ea7ea02'),(34,10,'Content','{\"userCondition\":null,\"elementCondition\":null}','[{\"type\":\"craft\\\\fieldlayoutelements\\\\CustomField\",\"label\":null,\"instructions\":null,\"tip\":null,\"warning\":null,\"required\":false,\"width\":100,\"uid\":\"65c69c08-f130-46e6-99c6-6de74498bc2c\",\"userCondition\":null,\"elementCondition\":null,\"fieldUid\":\"324c937c-d901-4d2f-8ff3-8018da277bf2\"}]',1,'2023-12-02 23:31:59','2023-12-02 23:31:59','a9827772-5299-4a9b-921c-a7c332d040d2');
/*!40000 ALTER TABLE `fieldlayouttabs` ENABLE KEYS */;
UNLOCK TABLES;
commit;

--
-- Dumping data for table `fields`
--

LOCK TABLES `fields` WRITE;
/*!40000 ALTER TABLE `fields` DISABLE KEYS */;
set autocommit=0;
INSERT INTO `fields` VALUES (1,2,'Hero Title','heroTitle','global','mvwiunrg',NULL,0,'none',NULL,'craft\\fields\\PlainText','{\"byteLimit\":null,\"charLimit\":null,\"code\":false,\"columnType\":null,\"initialRows\":4,\"multiline\":false,\"placeholder\":null,\"uiMode\":\"normal\"}','2023-11-30 16:41:07','2023-11-30 16:41:07','63f18369-4d51-4417-9fa2-11e0b810b8c7'),(2,2,'Hero Image','heroImage','global',NULL,NULL,0,'site',NULL,'craft\\fields\\Assets','{\"allowSelfRelations\":false,\"allowSubfolders\":false,\"allowUploads\":true,\"allowedKinds\":[\"image\"],\"branchLimit\":null,\"defaultUploadLocationSource\":\"volume:57f8ecd8-41c8-4f45-847d-034641181daf\",\"defaultUploadLocationSubpath\":null,\"localizeRelations\":false,\"maintainHierarchy\":false,\"maxRelations\":1,\"minRelations\":null,\"previewMode\":\"full\",\"restrictFiles\":true,\"restrictLocation\":false,\"restrictedDefaultUploadSubpath\":null,\"restrictedLocationSource\":\"volume:57f8ecd8-41c8-4f45-847d-034641181daf\",\"restrictedLocationSubpath\":null,\"selectionCondition\":{\"elementType\":\"craft\\\\elements\\\\Asset\",\"fieldContext\":\"global\",\"class\":\"craft\\\\elements\\\\conditions\\\\assets\\\\AssetCondition\"},\"selectionLabel\":\"Add a Background Image\",\"showSiteMenu\":false,\"showUnpermittedFiles\":false,\"showUnpermittedVolumes\":false,\"sources\":[\"volume:57f8ecd8-41c8-4f45-847d-034641181daf\"],\"targetSiteId\":null,\"validateRelatedElements\":false,\"viewMode\":\"large\"}','2023-11-30 16:42:10','2023-11-30 16:42:10','8edb13a2-4a4c-417c-ba9a-7ffbcc94195c'),(3,2,'Hosts Intro Content','hostsIntroContent','global','tmwevnyy',NULL,0,'none',NULL,'craft\\redactor\\Field','{\"availableTransforms\":\"\",\"availableVolumes\":\"*\",\"columnType\":\"text\",\"configSelectionMode\":\"choose\",\"defaultTransform\":\"\",\"manualConfig\":\"\",\"purifierConfig\":null,\"purifyHtml\":true,\"redactorConfig\":null,\"removeEmptyTags\":false,\"removeInlineStyles\":false,\"removeNbsp\":false,\"showHtmlButtonForNonAdmins\":true,\"showUnpermittedFiles\":false,\"showUnpermittedVolumes\":false,\"uiMode\":\"enlarged\"}','2023-11-30 18:13:08','2023-11-30 18:13:08','7dad4d3a-8dd9-482a-acd2-59093cf10f5a'),(4,2,'Hosts','hosts','global',NULL,NULL,0,'site',NULL,'craft\\fields\\Matrix','{\"minBlocks\":null,\"maxBlocks\":null,\"contentTable\":\"{{%matrixcontent_hosts}}\",\"propagationMethod\":\"all\",\"propagationKeyFormat\":null}','2023-11-30 18:24:27','2023-11-30 18:25:04','02d4fede-34e7-489f-a068-098fff61d3f4'),(5,NULL,'Photo','photo','matrixBlockType:93346635-bc62-4b56-9331-38c29a93a7a7',NULL,NULL,0,'site',NULL,'craft\\fields\\Assets','{\"allowSelfRelations\":false,\"allowSubfolders\":false,\"allowUploads\":true,\"allowedKinds\":[\"image\"],\"branchLimit\":null,\"defaultUploadLocationSource\":\"volume:57f8ecd8-41c8-4f45-847d-034641181daf\",\"defaultUploadLocationSubpath\":null,\"localizeRelations\":false,\"maintainHierarchy\":false,\"maxRelations\":1,\"minRelations\":null,\"previewMode\":\"full\",\"restrictFiles\":true,\"restrictLocation\":false,\"restrictedDefaultUploadSubpath\":null,\"restrictedLocationSource\":\"volume:57f8ecd8-41c8-4f45-847d-034641181daf\",\"restrictedLocationSubpath\":null,\"selectionCondition\":{\"elementType\":\"craft\\\\elements\\\\Asset\",\"fieldContext\":\"global\",\"class\":\"craft\\\\elements\\\\conditions\\\\assets\\\\AssetCondition\"},\"selectionLabel\":\"Add a photo\",\"showSiteMenu\":true,\"showUnpermittedFiles\":false,\"showUnpermittedVolumes\":false,\"sources\":[\"volume:57f8ecd8-41c8-4f45-847d-034641181daf\"],\"targetSiteId\":null,\"validateRelatedElements\":false,\"viewMode\":\"large\"}','2023-11-30 18:24:27','2023-11-30 18:25:04','0bc68818-feb9-4a74-847c-bbd10558ec6b'),(6,NULL,'Full Name','fullName','matrixBlockType:93346635-bc62-4b56-9331-38c29a93a7a7','gnpxxebm',NULL,0,'none',NULL,'craft\\fields\\PlainText','{\"byteLimit\":null,\"charLimit\":null,\"code\":false,\"columnType\":null,\"initialRows\":1,\"multiline\":false,\"placeholder\":null,\"uiMode\":\"normal\"}','2023-11-30 18:25:04','2023-11-30 18:25:57','e2227714-9d82-435d-9254-7f0e6074a9fb'),(7,NULL,'Description','description','matrixBlockType:93346635-bc62-4b56-9331-38c29a93a7a7','mcwztqav',NULL,0,'none',NULL,'craft\\fields\\PlainText','{\"byteLimit\":null,\"charLimit\":null,\"code\":false,\"columnType\":null,\"initialRows\":4,\"multiline\":true,\"placeholder\":null,\"uiMode\":\"normal\"}','2023-11-30 18:25:38','2023-11-30 18:25:38','0e70c34e-df5f-4073-8daa-9341bf93dc4b'),(8,1,'Photos','photos','global',NULL,NULL,0,'site',NULL,'craft\\fields\\Assets','{\"allowSelfRelations\":false,\"allowSubfolders\":false,\"allowUploads\":true,\"allowedKinds\":[\"image\"],\"branchLimit\":null,\"defaultUploadLocationSource\":\"volume:57f8ecd8-41c8-4f45-847d-034641181daf\",\"defaultUploadLocationSubpath\":null,\"localizeRelations\":false,\"maintainHierarchy\":false,\"maxRelations\":null,\"minRelations\":null,\"previewMode\":\"full\",\"restrictFiles\":true,\"restrictLocation\":false,\"restrictedDefaultUploadSubpath\":null,\"restrictedLocationSource\":\"volume:57f8ecd8-41c8-4f45-847d-034641181daf\",\"restrictedLocationSubpath\":null,\"selectionCondition\":{\"elementType\":\"craft\\\\elements\\\\Asset\",\"fieldContext\":\"global\",\"class\":\"craft\\\\elements\\\\conditions\\\\assets\\\\AssetCondition\"},\"selectionLabel\":\"Add a photo\",\"showSiteMenu\":true,\"showUnpermittedFiles\":false,\"showUnpermittedVolumes\":false,\"sources\":[\"volume:57f8ecd8-41c8-4f45-847d-034641181daf\"],\"targetSiteId\":null,\"validateRelatedElements\":false,\"viewMode\":\"list\"}','2023-11-30 23:25:33','2023-11-30 23:31:46','cf75817a-23a3-4bc1-adc2-0bf788fe83b0'),(9,1,'Rich Text','richText','global','jfzdlfhz',NULL,0,'none',NULL,'craft\\redactor\\Field','{\"availableTransforms\":\"\",\"availableVolumes\":\"*\",\"columnType\":\"text\",\"configSelectionMode\":\"choose\",\"defaultTransform\":\"\",\"manualConfig\":\"\",\"purifierConfig\":null,\"purifyHtml\":true,\"redactorConfig\":null,\"removeEmptyTags\":false,\"removeInlineStyles\":false,\"removeNbsp\":false,\"showHtmlButtonForNonAdmins\":true,\"showUnpermittedFiles\":false,\"showUnpermittedVolumes\":false,\"uiMode\":\"enlarged\"}','2023-11-30 23:26:07','2023-11-30 23:26:07','324c937c-d901-4d2f-8ff3-8018da277bf2'),(10,1,'Short Description','shortDescription','global','spzjgmrs',NULL,0,'none',NULL,'craft\\fields\\PlainText','{\"byteLimit\":null,\"charLimit\":null,\"code\":false,\"columnType\":null,\"initialRows\":3,\"multiline\":true,\"placeholder\":null,\"uiMode\":\"normal\"}','2023-11-30 23:26:50','2023-11-30 23:26:50','167d0a47-343f-44ab-ad52-c7f203db8566'),(11,2,'Featured Gites','featuredGites','global',NULL,NULL,0,'site',NULL,'craft\\fields\\Entries','{\"allowSelfRelations\":false,\"branchLimit\":null,\"localizeRelations\":false,\"maintainHierarchy\":false,\"maxRelations\":null,\"minRelations\":null,\"selectionCondition\":{\"elementType\":\"craft\\\\elements\\\\Entry\",\"fieldContext\":\"global\",\"class\":\"craft\\\\elements\\\\conditions\\\\entries\\\\EntryCondition\"},\"selectionLabel\":\"Select a gite\",\"showSiteMenu\":true,\"sources\":[\"section:de21a329-31b8-4c1b-99ea-f22ef7fef176\"],\"targetSiteId\":null,\"validateRelatedElements\":false,\"viewMode\":null}','2023-12-01 01:22:22','2023-12-01 09:07:10','9174bbc0-ef2f-4c1f-9502-4c2a81d5b195'),(12,2,'Featured Stories','featuredStories','global',NULL,NULL,0,'site',NULL,'craft\\fields\\Entries','{\"allowSelfRelations\":false,\"branchLimit\":null,\"localizeRelations\":false,\"maintainHierarchy\":false,\"maxRelations\":1,\"minRelations\":1,\"selectionCondition\":{\"elementType\":\"craft\\\\elements\\\\Entry\",\"fieldContext\":\"global\",\"class\":\"craft\\\\elements\\\\conditions\\\\entries\\\\EntryCondition\"},\"selectionLabel\":null,\"showSiteMenu\":true,\"sources\":[\"section:a5a5c10a-f88b-4bca-80e4-679840f3f4f0\"],\"targetSiteId\":null,\"validateRelatedElements\":false,\"viewMode\":null}','2023-12-01 13:43:01','2023-12-01 13:48:16','dac413e9-280c-4d5a-b8c9-6b002a7911d0'),(13,1,'Nav Links','navLinks','global',NULL,NULL,0,'site',NULL,'craft\\fields\\Matrix','{\"minBlocks\":null,\"maxBlocks\":null,\"contentTable\":\"{{%matrixcontent_navlinks}}\",\"propagationMethod\":\"all\",\"propagationKeyFormat\":null}','2023-12-02 22:58:59','2023-12-02 23:13:59','0e0c71de-66aa-4d95-a0b1-8fb983deb359'),(14,NULL,'Link Description','linkDescription','matrixBlockType:7da82158-e7df-45aa-aab3-8fe93dc60227',NULL,NULL,0,'site',NULL,'craft\\fields\\Entries','{\"allowSelfRelations\":false,\"branchLimit\":null,\"localizeRelations\":false,\"maintainHierarchy\":false,\"maxRelations\":null,\"minRelations\":null,\"selectionCondition\":{\"elementType\":\"craft\\\\elements\\\\Entry\",\"fieldContext\":\"global\",\"class\":\"craft\\\\elements\\\\conditions\\\\entries\\\\EntryCondition\"},\"selectionLabel\":\"Select an entry\",\"showSiteMenu\":true,\"sources\":\"*\",\"targetSiteId\":null,\"validateRelatedElements\":false,\"viewMode\":null}','2023-12-02 22:58:59','2023-12-02 23:13:59','22dd3771-0c49-430a-b1b3-e07cf957c266'),(15,NULL,'Link Text','linkText','matrixBlockType:7da82158-e7df-45aa-aab3-8fe93dc60227','jgjvjnad',NULL,0,'none',NULL,'craft\\fields\\PlainText','{\"byteLimit\":null,\"charLimit\":null,\"code\":false,\"columnType\":null,\"initialRows\":4,\"multiline\":false,\"placeholder\":null,\"uiMode\":\"normal\"}','2023-12-02 22:58:59','2023-12-02 22:58:59','31695d03-c374-4f0b-9f87-e4759f29c916');
/*!40000 ALTER TABLE `fields` ENABLE KEYS */;
UNLOCK TABLES;
commit;

--
-- Dumping data for table `globalsets`
--

LOCK TABLES `globalsets` WRITE;
/*!40000 ALTER TABLE `globalsets` DISABLE KEYS */;
set autocommit=0;
INSERT INTO `globalsets` VALUES (2,'TestGlobal','testglobal',NULL,1,'2023-11-30 14:08:30','2023-11-30 14:08:30','c99a87f6-94fa-4bc3-a183-67ed88b6b817'),(236,'Header','header',9,2,'2023-12-02 23:00:14','2023-12-02 23:00:14','a8481ab0-d892-4c82-b8d4-4454049553dd'),(239,'Footer','footer',10,3,'2023-12-02 23:31:49','2023-12-02 23:31:49','645f60bf-53cd-40e5-ad2e-ab297a286885');
/*!40000 ALTER TABLE `globalsets` ENABLE KEYS */;
UNLOCK TABLES;
commit;

--
-- Dumping data for table `gqlschemas`
--

LOCK TABLES `gqlschemas` WRITE;
/*!40000 ALTER TABLE `gqlschemas` DISABLE KEYS */;
set autocommit=0;
/*!40000 ALTER TABLE `gqlschemas` ENABLE KEYS */;
UNLOCK TABLES;
commit;

--
-- Dumping data for table `gqltokens`
--

LOCK TABLES `gqltokens` WRITE;
/*!40000 ALTER TABLE `gqltokens` DISABLE KEYS */;
set autocommit=0;
/*!40000 ALTER TABLE `gqltokens` ENABLE KEYS */;
UNLOCK TABLES;
commit;

--
-- Dumping data for table `imagetransforms`
--

LOCK TABLES `imagetransforms` WRITE;
/*!40000 ALTER TABLE `imagetransforms` DISABLE KEYS */;
set autocommit=0;
/*!40000 ALTER TABLE `imagetransforms` ENABLE KEYS */;
UNLOCK TABLES;
commit;

--
-- Dumping data for table `info`
--

LOCK TABLES `info` WRITE;
/*!40000 ALTER TABLE `info` DISABLE KEYS */;
set autocommit=0;
INSERT INTO `info` VALUES (1,'4.5.11.1','4.5.3.0',0,'sexptguzsnex','3@wjrwsrsxai','2023-11-30 14:07:21','2023-12-02 23:31:59','4c5832c6-624f-482f-9a3b-fb57e10286ba');
/*!40000 ALTER TABLE `info` ENABLE KEYS */;
UNLOCK TABLES;
commit;

--
-- Dumping data for table `matrixblocks`
--

LOCK TABLES `matrixblocks` WRITE;
/*!40000 ALTER TABLE `matrixblocks` DISABLE KEYS */;
set autocommit=0;
INSERT INTO `matrixblocks` VALUES (17,3,4,1,NULL,'2023-11-30 18:31:07','2023-11-30 18:31:07'),(19,18,4,1,NULL,'2023-11-30 18:31:07','2023-11-30 18:31:07'),(23,22,4,1,NULL,'2023-11-30 18:33:59','2023-11-30 18:33:59'),(26,25,4,1,NULL,'2023-11-30 18:42:33','2023-11-30 18:42:33'),(28,27,4,1,NULL,'2023-11-30 18:46:31','2023-11-30 18:46:31'),(33,32,4,1,NULL,'2023-11-30 18:54:07','2023-11-30 18:54:07'),(38,37,4,1,NULL,'2023-11-30 19:05:45','2023-11-30 19:05:45'),(41,40,4,1,NULL,'2023-11-30 19:07:33','2023-11-30 19:07:33'),(92,91,4,1,NULL,'2023-12-01 01:23:02','2023-12-01 01:23:02'),(96,95,4,1,NULL,'2023-12-01 01:23:44','2023-12-01 01:23:44'),(137,136,4,1,NULL,'2023-12-01 09:22:29','2023-12-01 09:22:29'),(139,138,4,1,NULL,'2023-12-01 10:41:30','2023-12-01 10:41:30'),(143,142,4,1,NULL,'2023-12-01 13:43:37','2023-12-01 13:43:37'),(146,145,4,1,NULL,'2023-12-01 13:46:13','2023-12-01 13:46:13'),(216,215,4,1,NULL,'2023-12-01 15:22:35','2023-12-01 15:22:35'),(237,236,13,2,NULL,'2023-12-02 23:03:03','2023-12-02 23:03:03'),(238,236,13,2,NULL,'2023-12-02 23:03:03','2023-12-02 23:03:03');
/*!40000 ALTER TABLE `matrixblocks` ENABLE KEYS */;
UNLOCK TABLES;
commit;

--
-- Dumping data for table `matrixblocks_owners`
--

LOCK TABLES `matrixblocks_owners` WRITE;
/*!40000 ALTER TABLE `matrixblocks_owners` DISABLE KEYS */;
set autocommit=0;
INSERT INTO `matrixblocks_owners` VALUES (17,3,1),(19,18,1),(23,22,1),(26,25,1),(28,27,1),(33,32,1),(38,37,1),(41,40,1),(92,91,1),(96,95,1),(137,136,1),(139,138,1),(143,142,1),(146,145,1),(216,215,1),(237,236,1),(238,236,2);
/*!40000 ALTER TABLE `matrixblocks_owners` ENABLE KEYS */;
UNLOCK TABLES;
commit;

--
-- Dumping data for table `matrixblocktypes`
--

LOCK TABLES `matrixblocktypes` WRITE;
/*!40000 ALTER TABLE `matrixblocktypes` DISABLE KEYS */;
set autocommit=0;
INSERT INTO `matrixblocktypes` VALUES (1,4,3,'Host','host',1,'2023-11-30 18:24:28','2023-11-30 18:24:28','93346635-bc62-4b56-9331-38c29a93a7a7'),(2,13,8,'Link','link',1,'2023-12-02 22:58:59','2023-12-02 22:58:59','7da82158-e7df-45aa-aab3-8fe93dc60227');
/*!40000 ALTER TABLE `matrixblocktypes` ENABLE KEYS */;
UNLOCK TABLES;
commit;

--
-- Dumping data for table `matrixcontent_hosts`
--

LOCK TABLES `matrixcontent_hosts` WRITE;
/*!40000 ALTER TABLE `matrixcontent_hosts` DISABLE KEYS */;
set autocommit=0;
INSERT INTO `matrixcontent_hosts` VALUES (1,15,1,'2023-11-30 18:30:40','2023-11-30 18:30:40','014bf80f-2baa-437f-bd08-44242aca677d',NULL,NULL),(3,17,1,'2023-11-30 18:31:07','2023-11-30 19:05:45','5b068780-10c4-452c-9281-11ab43357f3e','John and Dot','We welcome to you to Les Ribaudieres'),(4,19,1,'2023-11-30 18:31:07','2023-11-30 18:31:07','b4cd6cac-06c1-49b3-af2e-0d6afab1f918',NULL,NULL),(6,23,1,'2023-11-30 18:33:59','2023-11-30 18:33:59','c91a9c10-b681-4cf3-b7ec-b269c1335a76','John and Dot','We welcome to you to Les Ribaudieres'),(7,26,1,'2023-11-30 18:42:33','2023-11-30 18:42:33','6192187e-cde1-4d94-94de-b0787b65fab3','John and Dot','We welcome to you to Les Ribaudieres'),(8,28,1,'2023-11-30 18:46:31','2023-11-30 18:46:31','4029ba1e-9929-4eee-ac8e-f0fce306dfad','John and Dot','We welcome to you to Les Ribaudieres'),(10,33,1,'2023-11-30 18:54:07','2023-11-30 18:54:07','0b9bf23b-d319-4105-b9c5-817235e9338d','John and Dot','We welcome to you to Les Ribaudieres'),(12,38,1,'2023-11-30 19:05:45','2023-11-30 19:05:45','013591b6-9fd5-4bb8-a98d-dbedc680b286','John and Dot','We welcome to you to Les Ribaudieres'),(13,41,1,'2023-11-30 19:07:33','2023-11-30 19:07:33','cbc4869d-4d98-4153-9a8f-65fef3e6451f','John and Dot','We welcome to you to Les Ribaudieres'),(14,92,1,'2023-12-01 01:23:02','2023-12-01 01:23:02','34fc4c25-85ee-47b3-9660-8a49949aa1dc','John and Dot','We welcome to you to Les Ribaudieres'),(15,96,1,'2023-12-01 01:23:44','2023-12-01 01:23:44','175c564e-1716-4dd6-80a8-c015981488b2','John and Dot','We welcome to you to Les Ribaudieres'),(16,137,1,'2023-12-01 09:22:29','2023-12-01 09:22:29','06c3e746-762f-4789-9b4b-3e7601ea4e1c','John and Dot','We welcome to you to Les Ribaudieres'),(17,139,1,'2023-12-01 10:41:30','2023-12-01 10:41:30','bd65d5ec-8b0f-46d5-b448-b92de25457da','John and Dot','We welcome to you to Les Ribaudieres'),(18,143,1,'2023-12-01 13:43:37','2023-12-01 13:43:37','c494cd70-8207-4693-abd0-d5ba5b4c2997','John and Dot','We welcome to you to Les Ribaudieres'),(19,146,1,'2023-12-01 13:46:13','2023-12-01 13:46:13','b35b3492-20a3-4d3c-917a-3c51e84286e0','John and Dot','We welcome to you to Les Ribaudieres'),(20,216,1,'2023-12-01 15:22:35','2023-12-01 15:22:35','070f6712-22b3-41a4-8d4b-3b02c93522bf','John and Dot','We welcome to you to Les Ribaudieres');
/*!40000 ALTER TABLE `matrixcontent_hosts` ENABLE KEYS */;
UNLOCK TABLES;
commit;

--
-- Dumping data for table `matrixcontent_navlinks`
--

LOCK TABLES `matrixcontent_navlinks` WRITE;
/*!40000 ALTER TABLE `matrixcontent_navlinks` DISABLE KEYS */;
set autocommit=0;
INSERT INTO `matrixcontent_navlinks` VALUES (1,237,1,'2023-12-02 23:03:03','2023-12-02 23:14:26','65b80815-0abe-4abf-9e69-e5f7034d3f02','Our Gites'),(2,238,1,'2023-12-02 23:03:03','2023-12-02 23:14:26','4ec864c0-f78e-4e91-a00f-f2fab83ec565','About us');
/*!40000 ALTER TABLE `matrixcontent_navlinks` ENABLE KEYS */;
UNLOCK TABLES;
commit;

--
-- Dumping data for table `migrations`
--

LOCK TABLES `migrations` WRITE;
/*!40000 ALTER TABLE `migrations` DISABLE KEYS */;
set autocommit=0;
INSERT INTO `migrations` VALUES (1,'craft','Install','2023-11-30 14:07:22','2023-11-30 14:07:22','2023-11-30 14:07:22','2878226d-943b-428c-a71e-c0e1a46cf642'),(2,'craft','m210121_145800_asset_indexing_changes','2023-11-30 14:07:22','2023-11-30 14:07:22','2023-11-30 14:07:22','22565d62-8aa1-4859-a95d-32ad0781f944'),(3,'craft','m210624_222934_drop_deprecated_tables','2023-11-30 14:07:22','2023-11-30 14:07:22','2023-11-30 14:07:22','79af00bf-a01e-4176-af6d-61d84cddd6ec'),(4,'craft','m210724_180756_rename_source_cols','2023-11-30 14:07:22','2023-11-30 14:07:22','2023-11-30 14:07:22','75fb22e6-18c0-44e8-b0d9-ae97aa9808fa'),(5,'craft','m210809_124211_remove_superfluous_uids','2023-11-30 14:07:22','2023-11-30 14:07:22','2023-11-30 14:07:22','d1a28480-007b-4131-8d0e-693f21635013'),(6,'craft','m210817_014201_universal_users','2023-11-30 14:07:22','2023-11-30 14:07:22','2023-11-30 14:07:22','7c4b53d2-87e9-480a-952a-c9aab82f0e04'),(7,'craft','m210904_132612_store_element_source_settings_in_project_config','2023-11-30 14:07:22','2023-11-30 14:07:22','2023-11-30 14:07:22','a00776b0-4db7-4f6f-921f-e54fae0532f2'),(8,'craft','m211115_135500_image_transformers','2023-11-30 14:07:22','2023-11-30 14:07:22','2023-11-30 14:07:22','83f0fba7-5ab3-46e8-9ad5-8b0bc5cd1e01'),(9,'craft','m211201_131000_filesystems','2023-11-30 14:07:22','2023-11-30 14:07:22','2023-11-30 14:07:22','9b4ba62d-f7e1-4357-9005-14c6c8573326'),(10,'craft','m220103_043103_tab_conditions','2023-11-30 14:07:22','2023-11-30 14:07:22','2023-11-30 14:07:22','7d3bd5d1-6d90-4a58-af28-15753321ec40'),(11,'craft','m220104_003433_asset_alt_text','2023-11-30 14:07:22','2023-11-30 14:07:22','2023-11-30 14:07:22','4a221429-014e-4253-bda1-acd415bccf68'),(12,'craft','m220123_213619_update_permissions','2023-11-30 14:07:22','2023-11-30 14:07:22','2023-11-30 14:07:22','5b7baef5-aae1-42b0-893c-f5ba45fa6a55'),(13,'craft','m220126_003432_addresses','2023-11-30 14:07:22','2023-11-30 14:07:22','2023-11-30 14:07:22','adda7e36-5fd2-4f91-adf6-bc10cf0af145'),(14,'craft','m220209_095604_add_indexes','2023-11-30 14:07:22','2023-11-30 14:07:22','2023-11-30 14:07:22','8fb8865c-488f-4fa9-9f25-1a3b09e2f94d'),(15,'craft','m220213_015220_matrixblocks_owners_table','2023-11-30 14:07:22','2023-11-30 14:07:22','2023-11-30 14:07:22','2419d1bd-50f6-4f08-812c-c6cc5bb79cfa'),(16,'craft','m220214_000000_truncate_sessions','2023-11-30 14:07:22','2023-11-30 14:07:22','2023-11-30 14:07:22','603896ea-9001-443c-9e90-0cfa247f66f2'),(17,'craft','m220222_122159_full_names','2023-11-30 14:07:22','2023-11-30 14:07:22','2023-11-30 14:07:22','a0a28556-8bf6-4fe9-ba19-201991aebf2d'),(18,'craft','m220223_180559_nullable_address_owner','2023-11-30 14:07:22','2023-11-30 14:07:22','2023-11-30 14:07:22','265676c3-3492-4f82-a67b-3bd54f6e04ed'),(19,'craft','m220225_165000_transform_filesystems','2023-11-30 14:07:22','2023-11-30 14:07:22','2023-11-30 14:07:22','70b4a152-d88a-47ee-9f2a-39d65d1be15e'),(20,'craft','m220309_152006_rename_field_layout_elements','2023-11-30 14:07:22','2023-11-30 14:07:22','2023-11-30 14:07:22','794e2f03-42ed-4329-b9a7-5044c660b9a5'),(21,'craft','m220314_211928_field_layout_element_uids','2023-11-30 14:07:22','2023-11-30 14:07:22','2023-11-30 14:07:22','9ffec750-b709-4656-8376-9b01152c82eb'),(22,'craft','m220316_123800_transform_fs_subpath','2023-11-30 14:07:22','2023-11-30 14:07:22','2023-11-30 14:07:22','c128298c-9c06-432e-9e97-eb180b89babf'),(23,'craft','m220317_174250_release_all_jobs','2023-11-30 14:07:22','2023-11-30 14:07:22','2023-11-30 14:07:22','bc8f820d-adda-45da-8b76-bb35602961cb'),(24,'craft','m220330_150000_add_site_gql_schema_components','2023-11-30 14:07:22','2023-11-30 14:07:22','2023-11-30 14:07:22','83acc251-45aa-47f2-b685-2bb085e27ba4'),(25,'craft','m220413_024536_site_enabled_string','2023-11-30 14:07:22','2023-11-30 14:07:22','2023-11-30 14:07:22','f3a97b80-f8cb-4f65-8c25-3c68e45d585d'),(26,'craft','m221027_160703_add_image_transform_fill','2023-11-30 14:07:22','2023-11-30 14:07:22','2023-11-30 14:07:22','13c78358-f7b7-4e5a-961d-fa7716f43aa3'),(27,'craft','m221028_130548_add_canonical_id_index','2023-11-30 14:07:22','2023-11-30 14:07:22','2023-11-30 14:07:22','773b34b2-b5ea-4969-859d-1fde2547aa4f'),(28,'craft','m221118_003031_drop_element_fks','2023-11-30 14:07:22','2023-11-30 14:07:22','2023-11-30 14:07:22','c1b8cfb1-4fb6-44e8-8589-701ebbe27fdb'),(29,'craft','m230131_120713_asset_indexing_session_new_options','2023-11-30 14:07:22','2023-11-30 14:07:22','2023-11-30 14:07:22','8d571fa6-d4d9-4e2d-8fb5-06a131849935'),(30,'craft','m230226_013114_drop_plugin_license_columns','2023-11-30 14:07:22','2023-11-30 14:07:22','2023-11-30 14:07:22','c6c3ee05-73c1-4608-baaf-cbaf1f769894'),(31,'craft','m230531_123004_add_entry_type_show_status_field','2023-11-30 14:07:22','2023-11-30 14:07:22','2023-11-30 14:07:22','b692a6f5-b194-4939-b720-e99e48b7b6be'),(32,'craft','m230607_102049_add_entrytype_slug_translation_columns','2023-11-30 14:07:22','2023-11-30 14:07:22','2023-11-30 14:07:22','50cbe8cc-16a6-4e63-b5ab-1aa9a2077290'),(33,'craft','m230710_162700_element_activity','2023-11-30 14:07:22','2023-11-30 14:07:22','2023-11-30 14:07:22','c9d9314e-efb5-46c6-8e0a-0968240617ef'),(34,'craft','m230820_162023_fix_cache_id_type','2023-11-30 14:07:22','2023-11-30 14:07:22','2023-11-30 14:07:22','79a13862-cf82-4736-90f5-392da6c696a2'),(35,'craft','m230826_094050_fix_session_id_type','2023-11-30 14:07:22','2023-11-30 14:07:22','2023-11-30 14:07:22','68e5041b-9970-476b-94c3-5266ce1128dd'),(36,'plugin:redactor','m180430_204710_remove_old_plugins','2023-11-30 18:11:23','2023-11-30 18:11:23','2023-11-30 18:11:23','14ebed08-f13a-49a7-8dd0-407e5f0e2a9c'),(37,'plugin:redactor','Install','2023-11-30 18:11:23','2023-11-30 18:11:23','2023-11-30 18:11:23','f88c1b69-141c-4eb1-a459-26c0725b542c'),(38,'plugin:redactor','m190225_003922_split_cleanup_html_settings','2023-11-30 18:11:23','2023-11-30 18:11:23','2023-11-30 18:11:23','00a48291-a4f0-4ec3-b471-f90da29ca058');
/*!40000 ALTER TABLE `migrations` ENABLE KEYS */;
UNLOCK TABLES;
commit;

--
-- Dumping data for table `plugins`
--

LOCK TABLES `plugins` WRITE;
/*!40000 ALTER TABLE `plugins` DISABLE KEYS */;
set autocommit=0;
INSERT INTO `plugins` VALUES (1,'redactor','3.0.4','2.3.0','2023-11-30 18:11:23','2023-11-30 18:11:23','2023-11-30 18:11:23','4431630b-44cc-4ea1-aecf-e4dd8d923330');
/*!40000 ALTER TABLE `plugins` ENABLE KEYS */;
UNLOCK TABLES;
commit;

--
-- Dumping data for table `projectconfig`
--

LOCK TABLES `projectconfig` WRITE;
/*!40000 ALTER TABLE `projectconfig` DISABLE KEYS */;
set autocommit=0;
INSERT INTO `projectconfig` VALUES ('dateModified','1701559919'),('email.fromEmail','\"evansrobbie@hotmail.com\"'),('email.fromName','\"Les Ribaudieres\"'),('email.transportType','\"craft\\\\mail\\\\transportadapters\\\\Sendmail\"'),('entryTypes.2af77a0e-c311-453f-804c-3bfe50334e43.fieldLayouts.d98551bd-6b72-48f6-adaf-9e06b29ad5f9.tabs.0.elementCondition','null'),('entryTypes.2af77a0e-c311-453f-804c-3bfe50334e43.fieldLayouts.d98551bd-6b72-48f6-adaf-9e06b29ad5f9.tabs.0.elements.0.autocapitalize','true'),('entryTypes.2af77a0e-c311-453f-804c-3bfe50334e43.fieldLayouts.d98551bd-6b72-48f6-adaf-9e06b29ad5f9.tabs.0.elements.0.autocomplete','false'),('entryTypes.2af77a0e-c311-453f-804c-3bfe50334e43.fieldLayouts.d98551bd-6b72-48f6-adaf-9e06b29ad5f9.tabs.0.elements.0.autocorrect','true'),('entryTypes.2af77a0e-c311-453f-804c-3bfe50334e43.fieldLayouts.d98551bd-6b72-48f6-adaf-9e06b29ad5f9.tabs.0.elements.0.class','null'),('entryTypes.2af77a0e-c311-453f-804c-3bfe50334e43.fieldLayouts.d98551bd-6b72-48f6-adaf-9e06b29ad5f9.tabs.0.elements.0.disabled','false'),('entryTypes.2af77a0e-c311-453f-804c-3bfe50334e43.fieldLayouts.d98551bd-6b72-48f6-adaf-9e06b29ad5f9.tabs.0.elements.0.elementCondition','null'),('entryTypes.2af77a0e-c311-453f-804c-3bfe50334e43.fieldLayouts.d98551bd-6b72-48f6-adaf-9e06b29ad5f9.tabs.0.elements.0.id','null'),('entryTypes.2af77a0e-c311-453f-804c-3bfe50334e43.fieldLayouts.d98551bd-6b72-48f6-adaf-9e06b29ad5f9.tabs.0.elements.0.instructions','null'),('entryTypes.2af77a0e-c311-453f-804c-3bfe50334e43.fieldLayouts.d98551bd-6b72-48f6-adaf-9e06b29ad5f9.tabs.0.elements.0.label','null'),('entryTypes.2af77a0e-c311-453f-804c-3bfe50334e43.fieldLayouts.d98551bd-6b72-48f6-adaf-9e06b29ad5f9.tabs.0.elements.0.max','null'),('entryTypes.2af77a0e-c311-453f-804c-3bfe50334e43.fieldLayouts.d98551bd-6b72-48f6-adaf-9e06b29ad5f9.tabs.0.elements.0.min','null'),('entryTypes.2af77a0e-c311-453f-804c-3bfe50334e43.fieldLayouts.d98551bd-6b72-48f6-adaf-9e06b29ad5f9.tabs.0.elements.0.name','null'),('entryTypes.2af77a0e-c311-453f-804c-3bfe50334e43.fieldLayouts.d98551bd-6b72-48f6-adaf-9e06b29ad5f9.tabs.0.elements.0.orientation','null'),('entryTypes.2af77a0e-c311-453f-804c-3bfe50334e43.fieldLayouts.d98551bd-6b72-48f6-adaf-9e06b29ad5f9.tabs.0.elements.0.placeholder','null'),('entryTypes.2af77a0e-c311-453f-804c-3bfe50334e43.fieldLayouts.d98551bd-6b72-48f6-adaf-9e06b29ad5f9.tabs.0.elements.0.readonly','false'),('entryTypes.2af77a0e-c311-453f-804c-3bfe50334e43.fieldLayouts.d98551bd-6b72-48f6-adaf-9e06b29ad5f9.tabs.0.elements.0.requirable','false'),('entryTypes.2af77a0e-c311-453f-804c-3bfe50334e43.fieldLayouts.d98551bd-6b72-48f6-adaf-9e06b29ad5f9.tabs.0.elements.0.size','null'),('entryTypes.2af77a0e-c311-453f-804c-3bfe50334e43.fieldLayouts.d98551bd-6b72-48f6-adaf-9e06b29ad5f9.tabs.0.elements.0.step','null'),('entryTypes.2af77a0e-c311-453f-804c-3bfe50334e43.fieldLayouts.d98551bd-6b72-48f6-adaf-9e06b29ad5f9.tabs.0.elements.0.tip','null'),('entryTypes.2af77a0e-c311-453f-804c-3bfe50334e43.fieldLayouts.d98551bd-6b72-48f6-adaf-9e06b29ad5f9.tabs.0.elements.0.title','null'),('entryTypes.2af77a0e-c311-453f-804c-3bfe50334e43.fieldLayouts.d98551bd-6b72-48f6-adaf-9e06b29ad5f9.tabs.0.elements.0.type','\"craft\\\\fieldlayoutelements\\\\entries\\\\EntryTitleField\"'),('entryTypes.2af77a0e-c311-453f-804c-3bfe50334e43.fieldLayouts.d98551bd-6b72-48f6-adaf-9e06b29ad5f9.tabs.0.elements.0.uid','\"9b3e6e6a-7fa3-4279-9276-51655f7a28ff\"'),('entryTypes.2af77a0e-c311-453f-804c-3bfe50334e43.fieldLayouts.d98551bd-6b72-48f6-adaf-9e06b29ad5f9.tabs.0.elements.0.userCondition','null'),('entryTypes.2af77a0e-c311-453f-804c-3bfe50334e43.fieldLayouts.d98551bd-6b72-48f6-adaf-9e06b29ad5f9.tabs.0.elements.0.warning','null'),('entryTypes.2af77a0e-c311-453f-804c-3bfe50334e43.fieldLayouts.d98551bd-6b72-48f6-adaf-9e06b29ad5f9.tabs.0.elements.0.width','100'),('entryTypes.2af77a0e-c311-453f-804c-3bfe50334e43.fieldLayouts.d98551bd-6b72-48f6-adaf-9e06b29ad5f9.tabs.0.elements.1.elementCondition','null'),('entryTypes.2af77a0e-c311-453f-804c-3bfe50334e43.fieldLayouts.d98551bd-6b72-48f6-adaf-9e06b29ad5f9.tabs.0.elements.1.fieldUid','\"167d0a47-343f-44ab-ad52-c7f203db8566\"'),('entryTypes.2af77a0e-c311-453f-804c-3bfe50334e43.fieldLayouts.d98551bd-6b72-48f6-adaf-9e06b29ad5f9.tabs.0.elements.1.instructions','null'),('entryTypes.2af77a0e-c311-453f-804c-3bfe50334e43.fieldLayouts.d98551bd-6b72-48f6-adaf-9e06b29ad5f9.tabs.0.elements.1.label','null'),('entryTypes.2af77a0e-c311-453f-804c-3bfe50334e43.fieldLayouts.d98551bd-6b72-48f6-adaf-9e06b29ad5f9.tabs.0.elements.1.required','false'),('entryTypes.2af77a0e-c311-453f-804c-3bfe50334e43.fieldLayouts.d98551bd-6b72-48f6-adaf-9e06b29ad5f9.tabs.0.elements.1.tip','null'),('entryTypes.2af77a0e-c311-453f-804c-3bfe50334e43.fieldLayouts.d98551bd-6b72-48f6-adaf-9e06b29ad5f9.tabs.0.elements.1.type','\"craft\\\\fieldlayoutelements\\\\CustomField\"'),('entryTypes.2af77a0e-c311-453f-804c-3bfe50334e43.fieldLayouts.d98551bd-6b72-48f6-adaf-9e06b29ad5f9.tabs.0.elements.1.uid','\"3db44314-d7d6-405e-9424-4d28e5d57d56\"'),('entryTypes.2af77a0e-c311-453f-804c-3bfe50334e43.fieldLayouts.d98551bd-6b72-48f6-adaf-9e06b29ad5f9.tabs.0.elements.1.userCondition','null'),('entryTypes.2af77a0e-c311-453f-804c-3bfe50334e43.fieldLayouts.d98551bd-6b72-48f6-adaf-9e06b29ad5f9.tabs.0.elements.1.warning','null'),('entryTypes.2af77a0e-c311-453f-804c-3bfe50334e43.fieldLayouts.d98551bd-6b72-48f6-adaf-9e06b29ad5f9.tabs.0.elements.1.width','100'),('entryTypes.2af77a0e-c311-453f-804c-3bfe50334e43.fieldLayouts.d98551bd-6b72-48f6-adaf-9e06b29ad5f9.tabs.0.elements.2.elementCondition','null'),('entryTypes.2af77a0e-c311-453f-804c-3bfe50334e43.fieldLayouts.d98551bd-6b72-48f6-adaf-9e06b29ad5f9.tabs.0.elements.2.fieldUid','\"cf75817a-23a3-4bc1-adc2-0bf788fe83b0\"'),('entryTypes.2af77a0e-c311-453f-804c-3bfe50334e43.fieldLayouts.d98551bd-6b72-48f6-adaf-9e06b29ad5f9.tabs.0.elements.2.instructions','null'),('entryTypes.2af77a0e-c311-453f-804c-3bfe50334e43.fieldLayouts.d98551bd-6b72-48f6-adaf-9e06b29ad5f9.tabs.0.elements.2.label','null'),('entryTypes.2af77a0e-c311-453f-804c-3bfe50334e43.fieldLayouts.d98551bd-6b72-48f6-adaf-9e06b29ad5f9.tabs.0.elements.2.required','false'),('entryTypes.2af77a0e-c311-453f-804c-3bfe50334e43.fieldLayouts.d98551bd-6b72-48f6-adaf-9e06b29ad5f9.tabs.0.elements.2.tip','null'),('entryTypes.2af77a0e-c311-453f-804c-3bfe50334e43.fieldLayouts.d98551bd-6b72-48f6-adaf-9e06b29ad5f9.tabs.0.elements.2.type','\"craft\\\\fieldlayoutelements\\\\CustomField\"'),('entryTypes.2af77a0e-c311-453f-804c-3bfe50334e43.fieldLayouts.d98551bd-6b72-48f6-adaf-9e06b29ad5f9.tabs.0.elements.2.uid','\"3691c930-fb2d-4576-9d82-3f44a2d98885\"'),('entryTypes.2af77a0e-c311-453f-804c-3bfe50334e43.fieldLayouts.d98551bd-6b72-48f6-adaf-9e06b29ad5f9.tabs.0.elements.2.userCondition','null'),('entryTypes.2af77a0e-c311-453f-804c-3bfe50334e43.fieldLayouts.d98551bd-6b72-48f6-adaf-9e06b29ad5f9.tabs.0.elements.2.warning','null'),('entryTypes.2af77a0e-c311-453f-804c-3bfe50334e43.fieldLayouts.d98551bd-6b72-48f6-adaf-9e06b29ad5f9.tabs.0.elements.2.width','100'),('entryTypes.2af77a0e-c311-453f-804c-3bfe50334e43.fieldLayouts.d98551bd-6b72-48f6-adaf-9e06b29ad5f9.tabs.0.elements.3.elementCondition','null'),('entryTypes.2af77a0e-c311-453f-804c-3bfe50334e43.fieldLayouts.d98551bd-6b72-48f6-adaf-9e06b29ad5f9.tabs.0.elements.3.fieldUid','\"324c937c-d901-4d2f-8ff3-8018da277bf2\"'),('entryTypes.2af77a0e-c311-453f-804c-3bfe50334e43.fieldLayouts.d98551bd-6b72-48f6-adaf-9e06b29ad5f9.tabs.0.elements.3.instructions','null'),('entryTypes.2af77a0e-c311-453f-804c-3bfe50334e43.fieldLayouts.d98551bd-6b72-48f6-adaf-9e06b29ad5f9.tabs.0.elements.3.label','null'),('entryTypes.2af77a0e-c311-453f-804c-3bfe50334e43.fieldLayouts.d98551bd-6b72-48f6-adaf-9e06b29ad5f9.tabs.0.elements.3.required','false'),('entryTypes.2af77a0e-c311-453f-804c-3bfe50334e43.fieldLayouts.d98551bd-6b72-48f6-adaf-9e06b29ad5f9.tabs.0.elements.3.tip','null'),('entryTypes.2af77a0e-c311-453f-804c-3bfe50334e43.fieldLayouts.d98551bd-6b72-48f6-adaf-9e06b29ad5f9.tabs.0.elements.3.type','\"craft\\\\fieldlayoutelements\\\\CustomField\"'),('entryTypes.2af77a0e-c311-453f-804c-3bfe50334e43.fieldLayouts.d98551bd-6b72-48f6-adaf-9e06b29ad5f9.tabs.0.elements.3.uid','\"ef595e83-02a3-4a47-b5c9-376683878627\"'),('entryTypes.2af77a0e-c311-453f-804c-3bfe50334e43.fieldLayouts.d98551bd-6b72-48f6-adaf-9e06b29ad5f9.tabs.0.elements.3.userCondition','null'),('entryTypes.2af77a0e-c311-453f-804c-3bfe50334e43.fieldLayouts.d98551bd-6b72-48f6-adaf-9e06b29ad5f9.tabs.0.elements.3.warning','null'),('entryTypes.2af77a0e-c311-453f-804c-3bfe50334e43.fieldLayouts.d98551bd-6b72-48f6-adaf-9e06b29ad5f9.tabs.0.elements.3.width','100'),('entryTypes.2af77a0e-c311-453f-804c-3bfe50334e43.fieldLayouts.d98551bd-6b72-48f6-adaf-9e06b29ad5f9.tabs.0.name','\"Content\"'),('entryTypes.2af77a0e-c311-453f-804c-3bfe50334e43.fieldLayouts.d98551bd-6b72-48f6-adaf-9e06b29ad5f9.tabs.0.uid','\"d9cb8c33-2de1-43bb-a265-b66f8b6863c6\"'),('entryTypes.2af77a0e-c311-453f-804c-3bfe50334e43.fieldLayouts.d98551bd-6b72-48f6-adaf-9e06b29ad5f9.tabs.0.userCondition','null'),('entryTypes.2af77a0e-c311-453f-804c-3bfe50334e43.handle','\"default\"'),('entryTypes.2af77a0e-c311-453f-804c-3bfe50334e43.hasTitleField','true'),('entryTypes.2af77a0e-c311-453f-804c-3bfe50334e43.name','\"Default\"'),('entryTypes.2af77a0e-c311-453f-804c-3bfe50334e43.section','\"de21a329-31b8-4c1b-99ea-f22ef7fef176\"'),('entryTypes.2af77a0e-c311-453f-804c-3bfe50334e43.showStatusField','true'),('entryTypes.2af77a0e-c311-453f-804c-3bfe50334e43.slugTranslationKeyFormat','null'),('entryTypes.2af77a0e-c311-453f-804c-3bfe50334e43.slugTranslationMethod','\"site\"'),('entryTypes.2af77a0e-c311-453f-804c-3bfe50334e43.sortOrder','1'),('entryTypes.2af77a0e-c311-453f-804c-3bfe50334e43.titleFormat','null'),('entryTypes.2af77a0e-c311-453f-804c-3bfe50334e43.titleTranslationKeyFormat','null'),('entryTypes.2af77a0e-c311-453f-804c-3bfe50334e43.titleTranslationMethod','\"site\"'),('entryTypes.71c70725-e612-4a3b-87f5-50b7981e541e.fieldLayouts.a2a71cd9-d62f-42bd-8616-6dedef337d2d.tabs.0.elementCondition','null'),('entryTypes.71c70725-e612-4a3b-87f5-50b7981e541e.fieldLayouts.a2a71cd9-d62f-42bd-8616-6dedef337d2d.tabs.0.elements.0.autocapitalize','true'),('entryTypes.71c70725-e612-4a3b-87f5-50b7981e541e.fieldLayouts.a2a71cd9-d62f-42bd-8616-6dedef337d2d.tabs.0.elements.0.autocomplete','false'),('entryTypes.71c70725-e612-4a3b-87f5-50b7981e541e.fieldLayouts.a2a71cd9-d62f-42bd-8616-6dedef337d2d.tabs.0.elements.0.autocorrect','true'),('entryTypes.71c70725-e612-4a3b-87f5-50b7981e541e.fieldLayouts.a2a71cd9-d62f-42bd-8616-6dedef337d2d.tabs.0.elements.0.class','null'),('entryTypes.71c70725-e612-4a3b-87f5-50b7981e541e.fieldLayouts.a2a71cd9-d62f-42bd-8616-6dedef337d2d.tabs.0.elements.0.disabled','false'),('entryTypes.71c70725-e612-4a3b-87f5-50b7981e541e.fieldLayouts.a2a71cd9-d62f-42bd-8616-6dedef337d2d.tabs.0.elements.0.elementCondition','null'),('entryTypes.71c70725-e612-4a3b-87f5-50b7981e541e.fieldLayouts.a2a71cd9-d62f-42bd-8616-6dedef337d2d.tabs.0.elements.0.id','null'),('entryTypes.71c70725-e612-4a3b-87f5-50b7981e541e.fieldLayouts.a2a71cd9-d62f-42bd-8616-6dedef337d2d.tabs.0.elements.0.instructions','null'),('entryTypes.71c70725-e612-4a3b-87f5-50b7981e541e.fieldLayouts.a2a71cd9-d62f-42bd-8616-6dedef337d2d.tabs.0.elements.0.label','null'),('entryTypes.71c70725-e612-4a3b-87f5-50b7981e541e.fieldLayouts.a2a71cd9-d62f-42bd-8616-6dedef337d2d.tabs.0.elements.0.max','null'),('entryTypes.71c70725-e612-4a3b-87f5-50b7981e541e.fieldLayouts.a2a71cd9-d62f-42bd-8616-6dedef337d2d.tabs.0.elements.0.min','null'),('entryTypes.71c70725-e612-4a3b-87f5-50b7981e541e.fieldLayouts.a2a71cd9-d62f-42bd-8616-6dedef337d2d.tabs.0.elements.0.name','null'),('entryTypes.71c70725-e612-4a3b-87f5-50b7981e541e.fieldLayouts.a2a71cd9-d62f-42bd-8616-6dedef337d2d.tabs.0.elements.0.orientation','null'),('entryTypes.71c70725-e612-4a3b-87f5-50b7981e541e.fieldLayouts.a2a71cd9-d62f-42bd-8616-6dedef337d2d.tabs.0.elements.0.placeholder','null'),('entryTypes.71c70725-e612-4a3b-87f5-50b7981e541e.fieldLayouts.a2a71cd9-d62f-42bd-8616-6dedef337d2d.tabs.0.elements.0.readonly','false'),('entryTypes.71c70725-e612-4a3b-87f5-50b7981e541e.fieldLayouts.a2a71cd9-d62f-42bd-8616-6dedef337d2d.tabs.0.elements.0.requirable','false'),('entryTypes.71c70725-e612-4a3b-87f5-50b7981e541e.fieldLayouts.a2a71cd9-d62f-42bd-8616-6dedef337d2d.tabs.0.elements.0.size','null'),('entryTypes.71c70725-e612-4a3b-87f5-50b7981e541e.fieldLayouts.a2a71cd9-d62f-42bd-8616-6dedef337d2d.tabs.0.elements.0.step','null'),('entryTypes.71c70725-e612-4a3b-87f5-50b7981e541e.fieldLayouts.a2a71cd9-d62f-42bd-8616-6dedef337d2d.tabs.0.elements.0.tip','null'),('entryTypes.71c70725-e612-4a3b-87f5-50b7981e541e.fieldLayouts.a2a71cd9-d62f-42bd-8616-6dedef337d2d.tabs.0.elements.0.title','null'),('entryTypes.71c70725-e612-4a3b-87f5-50b7981e541e.fieldLayouts.a2a71cd9-d62f-42bd-8616-6dedef337d2d.tabs.0.elements.0.type','\"craft\\\\fieldlayoutelements\\\\entries\\\\EntryTitleField\"'),('entryTypes.71c70725-e612-4a3b-87f5-50b7981e541e.fieldLayouts.a2a71cd9-d62f-42bd-8616-6dedef337d2d.tabs.0.elements.0.uid','\"f5bc6734-2f19-4a7f-9e78-a715eb6e79bd\"'),('entryTypes.71c70725-e612-4a3b-87f5-50b7981e541e.fieldLayouts.a2a71cd9-d62f-42bd-8616-6dedef337d2d.tabs.0.elements.0.userCondition','null'),('entryTypes.71c70725-e612-4a3b-87f5-50b7981e541e.fieldLayouts.a2a71cd9-d62f-42bd-8616-6dedef337d2d.tabs.0.elements.0.warning','null'),('entryTypes.71c70725-e612-4a3b-87f5-50b7981e541e.fieldLayouts.a2a71cd9-d62f-42bd-8616-6dedef337d2d.tabs.0.elements.0.width','100'),('entryTypes.71c70725-e612-4a3b-87f5-50b7981e541e.fieldLayouts.a2a71cd9-d62f-42bd-8616-6dedef337d2d.tabs.0.name','\"Content\"'),('entryTypes.71c70725-e612-4a3b-87f5-50b7981e541e.fieldLayouts.a2a71cd9-d62f-42bd-8616-6dedef337d2d.tabs.0.uid','\"6c0322b8-7746-448a-8649-523174dafd51\"'),('entryTypes.71c70725-e612-4a3b-87f5-50b7981e541e.fieldLayouts.a2a71cd9-d62f-42bd-8616-6dedef337d2d.tabs.0.userCondition','null'),('entryTypes.71c70725-e612-4a3b-87f5-50b7981e541e.handle','\"gitesListing\"'),('entryTypes.71c70725-e612-4a3b-87f5-50b7981e541e.hasTitleField','true'),('entryTypes.71c70725-e612-4a3b-87f5-50b7981e541e.name','\"Gites Listing\"'),('entryTypes.71c70725-e612-4a3b-87f5-50b7981e541e.section','\"6f21c0d5-64da-4039-b930-1e4257ef92c7\"'),('entryTypes.71c70725-e612-4a3b-87f5-50b7981e541e.showStatusField','true'),('entryTypes.71c70725-e612-4a3b-87f5-50b7981e541e.slugTranslationKeyFormat','null'),('entryTypes.71c70725-e612-4a3b-87f5-50b7981e541e.slugTranslationMethod','\"site\"'),('entryTypes.71c70725-e612-4a3b-87f5-50b7981e541e.sortOrder','1'),('entryTypes.71c70725-e612-4a3b-87f5-50b7981e541e.titleFormat','\"{section.name|raw}\"'),('entryTypes.71c70725-e612-4a3b-87f5-50b7981e541e.titleTranslationKeyFormat','null'),('entryTypes.71c70725-e612-4a3b-87f5-50b7981e541e.titleTranslationMethod','\"site\"'),('entryTypes.b206cbb9-bb04-4392-8e2c-fee9d6957888.fieldLayouts.5b75e0b3-18a1-4b95-9c76-86645b2bdfbf.tabs.0.elementCondition','null'),('entryTypes.b206cbb9-bb04-4392-8e2c-fee9d6957888.fieldLayouts.5b75e0b3-18a1-4b95-9c76-86645b2bdfbf.tabs.0.elements.0.autocapitalize','true'),('entryTypes.b206cbb9-bb04-4392-8e2c-fee9d6957888.fieldLayouts.5b75e0b3-18a1-4b95-9c76-86645b2bdfbf.tabs.0.elements.0.autocomplete','false'),('entryTypes.b206cbb9-bb04-4392-8e2c-fee9d6957888.fieldLayouts.5b75e0b3-18a1-4b95-9c76-86645b2bdfbf.tabs.0.elements.0.autocorrect','true'),('entryTypes.b206cbb9-bb04-4392-8e2c-fee9d6957888.fieldLayouts.5b75e0b3-18a1-4b95-9c76-86645b2bdfbf.tabs.0.elements.0.class','null'),('entryTypes.b206cbb9-bb04-4392-8e2c-fee9d6957888.fieldLayouts.5b75e0b3-18a1-4b95-9c76-86645b2bdfbf.tabs.0.elements.0.disabled','false'),('entryTypes.b206cbb9-bb04-4392-8e2c-fee9d6957888.fieldLayouts.5b75e0b3-18a1-4b95-9c76-86645b2bdfbf.tabs.0.elements.0.elementCondition','null'),('entryTypes.b206cbb9-bb04-4392-8e2c-fee9d6957888.fieldLayouts.5b75e0b3-18a1-4b95-9c76-86645b2bdfbf.tabs.0.elements.0.id','null'),('entryTypes.b206cbb9-bb04-4392-8e2c-fee9d6957888.fieldLayouts.5b75e0b3-18a1-4b95-9c76-86645b2bdfbf.tabs.0.elements.0.instructions','null'),('entryTypes.b206cbb9-bb04-4392-8e2c-fee9d6957888.fieldLayouts.5b75e0b3-18a1-4b95-9c76-86645b2bdfbf.tabs.0.elements.0.label','null'),('entryTypes.b206cbb9-bb04-4392-8e2c-fee9d6957888.fieldLayouts.5b75e0b3-18a1-4b95-9c76-86645b2bdfbf.tabs.0.elements.0.max','null'),('entryTypes.b206cbb9-bb04-4392-8e2c-fee9d6957888.fieldLayouts.5b75e0b3-18a1-4b95-9c76-86645b2bdfbf.tabs.0.elements.0.min','null'),('entryTypes.b206cbb9-bb04-4392-8e2c-fee9d6957888.fieldLayouts.5b75e0b3-18a1-4b95-9c76-86645b2bdfbf.tabs.0.elements.0.name','null'),('entryTypes.b206cbb9-bb04-4392-8e2c-fee9d6957888.fieldLayouts.5b75e0b3-18a1-4b95-9c76-86645b2bdfbf.tabs.0.elements.0.orientation','null'),('entryTypes.b206cbb9-bb04-4392-8e2c-fee9d6957888.fieldLayouts.5b75e0b3-18a1-4b95-9c76-86645b2bdfbf.tabs.0.elements.0.placeholder','null'),('entryTypes.b206cbb9-bb04-4392-8e2c-fee9d6957888.fieldLayouts.5b75e0b3-18a1-4b95-9c76-86645b2bdfbf.tabs.0.elements.0.readonly','false'),('entryTypes.b206cbb9-bb04-4392-8e2c-fee9d6957888.fieldLayouts.5b75e0b3-18a1-4b95-9c76-86645b2bdfbf.tabs.0.elements.0.requirable','false'),('entryTypes.b206cbb9-bb04-4392-8e2c-fee9d6957888.fieldLayouts.5b75e0b3-18a1-4b95-9c76-86645b2bdfbf.tabs.0.elements.0.size','null'),('entryTypes.b206cbb9-bb04-4392-8e2c-fee9d6957888.fieldLayouts.5b75e0b3-18a1-4b95-9c76-86645b2bdfbf.tabs.0.elements.0.step','null'),('entryTypes.b206cbb9-bb04-4392-8e2c-fee9d6957888.fieldLayouts.5b75e0b3-18a1-4b95-9c76-86645b2bdfbf.tabs.0.elements.0.tip','null'),('entryTypes.b206cbb9-bb04-4392-8e2c-fee9d6957888.fieldLayouts.5b75e0b3-18a1-4b95-9c76-86645b2bdfbf.tabs.0.elements.0.title','null'),('entryTypes.b206cbb9-bb04-4392-8e2c-fee9d6957888.fieldLayouts.5b75e0b3-18a1-4b95-9c76-86645b2bdfbf.tabs.0.elements.0.type','\"craft\\\\fieldlayoutelements\\\\entries\\\\EntryTitleField\"'),('entryTypes.b206cbb9-bb04-4392-8e2c-fee9d6957888.fieldLayouts.5b75e0b3-18a1-4b95-9c76-86645b2bdfbf.tabs.0.elements.0.uid','\"74c9ff13-6b1f-4a3a-948c-1a9d2a0f4518\"'),('entryTypes.b206cbb9-bb04-4392-8e2c-fee9d6957888.fieldLayouts.5b75e0b3-18a1-4b95-9c76-86645b2bdfbf.tabs.0.elements.0.userCondition','null'),('entryTypes.b206cbb9-bb04-4392-8e2c-fee9d6957888.fieldLayouts.5b75e0b3-18a1-4b95-9c76-86645b2bdfbf.tabs.0.elements.0.warning','null'),('entryTypes.b206cbb9-bb04-4392-8e2c-fee9d6957888.fieldLayouts.5b75e0b3-18a1-4b95-9c76-86645b2bdfbf.tabs.0.elements.0.width','100'),('entryTypes.b206cbb9-bb04-4392-8e2c-fee9d6957888.fieldLayouts.5b75e0b3-18a1-4b95-9c76-86645b2bdfbf.tabs.0.name','\"Content\"'),('entryTypes.b206cbb9-bb04-4392-8e2c-fee9d6957888.fieldLayouts.5b75e0b3-18a1-4b95-9c76-86645b2bdfbf.tabs.0.uid','\"0532caff-2273-408f-b92d-bd6284d6c308\"'),('entryTypes.b206cbb9-bb04-4392-8e2c-fee9d6957888.fieldLayouts.5b75e0b3-18a1-4b95-9c76-86645b2bdfbf.tabs.0.userCondition','null'),('entryTypes.b206cbb9-bb04-4392-8e2c-fee9d6957888.handle','\"aboutUs\"'),('entryTypes.b206cbb9-bb04-4392-8e2c-fee9d6957888.hasTitleField','true'),('entryTypes.b206cbb9-bb04-4392-8e2c-fee9d6957888.name','\"About\"'),('entryTypes.b206cbb9-bb04-4392-8e2c-fee9d6957888.section','\"4be743ac-7093-4d42-9614-856eaf7f590c\"'),('entryTypes.b206cbb9-bb04-4392-8e2c-fee9d6957888.showStatusField','true'),('entryTypes.b206cbb9-bb04-4392-8e2c-fee9d6957888.slugTranslationKeyFormat','null'),('entryTypes.b206cbb9-bb04-4392-8e2c-fee9d6957888.slugTranslationMethod','\"site\"'),('entryTypes.b206cbb9-bb04-4392-8e2c-fee9d6957888.sortOrder','1'),('entryTypes.b206cbb9-bb04-4392-8e2c-fee9d6957888.titleFormat','null'),('entryTypes.b206cbb9-bb04-4392-8e2c-fee9d6957888.titleTranslationKeyFormat','null'),('entryTypes.b206cbb9-bb04-4392-8e2c-fee9d6957888.titleTranslationMethod','\"site\"'),('entryTypes.bb9472f9-df47-42c5-9780-a6c1c9eadfe5.fieldLayouts.f969c895-e156-4ac9-a4c5-5bbb3b153f1c.tabs.0.elementCondition','null'),('entryTypes.bb9472f9-df47-42c5-9780-a6c1c9eadfe5.fieldLayouts.f969c895-e156-4ac9-a4c5-5bbb3b153f1c.tabs.0.elements.0.autocapitalize','true'),('entryTypes.bb9472f9-df47-42c5-9780-a6c1c9eadfe5.fieldLayouts.f969c895-e156-4ac9-a4c5-5bbb3b153f1c.tabs.0.elements.0.autocomplete','false'),('entryTypes.bb9472f9-df47-42c5-9780-a6c1c9eadfe5.fieldLayouts.f969c895-e156-4ac9-a4c5-5bbb3b153f1c.tabs.0.elements.0.autocorrect','true'),('entryTypes.bb9472f9-df47-42c5-9780-a6c1c9eadfe5.fieldLayouts.f969c895-e156-4ac9-a4c5-5bbb3b153f1c.tabs.0.elements.0.class','null'),('entryTypes.bb9472f9-df47-42c5-9780-a6c1c9eadfe5.fieldLayouts.f969c895-e156-4ac9-a4c5-5bbb3b153f1c.tabs.0.elements.0.disabled','false'),('entryTypes.bb9472f9-df47-42c5-9780-a6c1c9eadfe5.fieldLayouts.f969c895-e156-4ac9-a4c5-5bbb3b153f1c.tabs.0.elements.0.elementCondition','null'),('entryTypes.bb9472f9-df47-42c5-9780-a6c1c9eadfe5.fieldLayouts.f969c895-e156-4ac9-a4c5-5bbb3b153f1c.tabs.0.elements.0.id','null'),('entryTypes.bb9472f9-df47-42c5-9780-a6c1c9eadfe5.fieldLayouts.f969c895-e156-4ac9-a4c5-5bbb3b153f1c.tabs.0.elements.0.instructions','null'),('entryTypes.bb9472f9-df47-42c5-9780-a6c1c9eadfe5.fieldLayouts.f969c895-e156-4ac9-a4c5-5bbb3b153f1c.tabs.0.elements.0.label','null'),('entryTypes.bb9472f9-df47-42c5-9780-a6c1c9eadfe5.fieldLayouts.f969c895-e156-4ac9-a4c5-5bbb3b153f1c.tabs.0.elements.0.max','null'),('entryTypes.bb9472f9-df47-42c5-9780-a6c1c9eadfe5.fieldLayouts.f969c895-e156-4ac9-a4c5-5bbb3b153f1c.tabs.0.elements.0.min','null'),('entryTypes.bb9472f9-df47-42c5-9780-a6c1c9eadfe5.fieldLayouts.f969c895-e156-4ac9-a4c5-5bbb3b153f1c.tabs.0.elements.0.name','null'),('entryTypes.bb9472f9-df47-42c5-9780-a6c1c9eadfe5.fieldLayouts.f969c895-e156-4ac9-a4c5-5bbb3b153f1c.tabs.0.elements.0.orientation','null'),('entryTypes.bb9472f9-df47-42c5-9780-a6c1c9eadfe5.fieldLayouts.f969c895-e156-4ac9-a4c5-5bbb3b153f1c.tabs.0.elements.0.placeholder','null'),('entryTypes.bb9472f9-df47-42c5-9780-a6c1c9eadfe5.fieldLayouts.f969c895-e156-4ac9-a4c5-5bbb3b153f1c.tabs.0.elements.0.readonly','false'),('entryTypes.bb9472f9-df47-42c5-9780-a6c1c9eadfe5.fieldLayouts.f969c895-e156-4ac9-a4c5-5bbb3b153f1c.tabs.0.elements.0.requirable','false'),('entryTypes.bb9472f9-df47-42c5-9780-a6c1c9eadfe5.fieldLayouts.f969c895-e156-4ac9-a4c5-5bbb3b153f1c.tabs.0.elements.0.size','null'),('entryTypes.bb9472f9-df47-42c5-9780-a6c1c9eadfe5.fieldLayouts.f969c895-e156-4ac9-a4c5-5bbb3b153f1c.tabs.0.elements.0.step','null'),('entryTypes.bb9472f9-df47-42c5-9780-a6c1c9eadfe5.fieldLayouts.f969c895-e156-4ac9-a4c5-5bbb3b153f1c.tabs.0.elements.0.tip','null'),('entryTypes.bb9472f9-df47-42c5-9780-a6c1c9eadfe5.fieldLayouts.f969c895-e156-4ac9-a4c5-5bbb3b153f1c.tabs.0.elements.0.title','null'),('entryTypes.bb9472f9-df47-42c5-9780-a6c1c9eadfe5.fieldLayouts.f969c895-e156-4ac9-a4c5-5bbb3b153f1c.tabs.0.elements.0.type','\"craft\\\\fieldlayoutelements\\\\entries\\\\EntryTitleField\"'),('entryTypes.bb9472f9-df47-42c5-9780-a6c1c9eadfe5.fieldLayouts.f969c895-e156-4ac9-a4c5-5bbb3b153f1c.tabs.0.elements.0.uid','\"f554b9f2-bb60-4ff2-bc7b-269038924cbc\"'),('entryTypes.bb9472f9-df47-42c5-9780-a6c1c9eadfe5.fieldLayouts.f969c895-e156-4ac9-a4c5-5bbb3b153f1c.tabs.0.elements.0.userCondition','null'),('entryTypes.bb9472f9-df47-42c5-9780-a6c1c9eadfe5.fieldLayouts.f969c895-e156-4ac9-a4c5-5bbb3b153f1c.tabs.0.elements.0.warning','null'),('entryTypes.bb9472f9-df47-42c5-9780-a6c1c9eadfe5.fieldLayouts.f969c895-e156-4ac9-a4c5-5bbb3b153f1c.tabs.0.elements.0.width','100'),('entryTypes.bb9472f9-df47-42c5-9780-a6c1c9eadfe5.fieldLayouts.f969c895-e156-4ac9-a4c5-5bbb3b153f1c.tabs.0.elements.1.elementCondition','null'),('entryTypes.bb9472f9-df47-42c5-9780-a6c1c9eadfe5.fieldLayouts.f969c895-e156-4ac9-a4c5-5bbb3b153f1c.tabs.0.elements.1.fieldUid','\"167d0a47-343f-44ab-ad52-c7f203db8566\"'),('entryTypes.bb9472f9-df47-42c5-9780-a6c1c9eadfe5.fieldLayouts.f969c895-e156-4ac9-a4c5-5bbb3b153f1c.tabs.0.elements.1.instructions','null'),('entryTypes.bb9472f9-df47-42c5-9780-a6c1c9eadfe5.fieldLayouts.f969c895-e156-4ac9-a4c5-5bbb3b153f1c.tabs.0.elements.1.label','null'),('entryTypes.bb9472f9-df47-42c5-9780-a6c1c9eadfe5.fieldLayouts.f969c895-e156-4ac9-a4c5-5bbb3b153f1c.tabs.0.elements.1.required','false'),('entryTypes.bb9472f9-df47-42c5-9780-a6c1c9eadfe5.fieldLayouts.f969c895-e156-4ac9-a4c5-5bbb3b153f1c.tabs.0.elements.1.tip','null'),('entryTypes.bb9472f9-df47-42c5-9780-a6c1c9eadfe5.fieldLayouts.f969c895-e156-4ac9-a4c5-5bbb3b153f1c.tabs.0.elements.1.type','\"craft\\\\fieldlayoutelements\\\\CustomField\"'),('entryTypes.bb9472f9-df47-42c5-9780-a6c1c9eadfe5.fieldLayouts.f969c895-e156-4ac9-a4c5-5bbb3b153f1c.tabs.0.elements.1.uid','\"daa38478-037b-4f35-b50f-70fb4cdba53b\"'),('entryTypes.bb9472f9-df47-42c5-9780-a6c1c9eadfe5.fieldLayouts.f969c895-e156-4ac9-a4c5-5bbb3b153f1c.tabs.0.elements.1.userCondition','null'),('entryTypes.bb9472f9-df47-42c5-9780-a6c1c9eadfe5.fieldLayouts.f969c895-e156-4ac9-a4c5-5bbb3b153f1c.tabs.0.elements.1.warning','null'),('entryTypes.bb9472f9-df47-42c5-9780-a6c1c9eadfe5.fieldLayouts.f969c895-e156-4ac9-a4c5-5bbb3b153f1c.tabs.0.elements.1.width','100'),('entryTypes.bb9472f9-df47-42c5-9780-a6c1c9eadfe5.fieldLayouts.f969c895-e156-4ac9-a4c5-5bbb3b153f1c.tabs.0.elements.2.elementCondition','null'),('entryTypes.bb9472f9-df47-42c5-9780-a6c1c9eadfe5.fieldLayouts.f969c895-e156-4ac9-a4c5-5bbb3b153f1c.tabs.0.elements.2.fieldUid','\"324c937c-d901-4d2f-8ff3-8018da277bf2\"'),('entryTypes.bb9472f9-df47-42c5-9780-a6c1c9eadfe5.fieldLayouts.f969c895-e156-4ac9-a4c5-5bbb3b153f1c.tabs.0.elements.2.instructions','null'),('entryTypes.bb9472f9-df47-42c5-9780-a6c1c9eadfe5.fieldLayouts.f969c895-e156-4ac9-a4c5-5bbb3b153f1c.tabs.0.elements.2.label','null'),('entryTypes.bb9472f9-df47-42c5-9780-a6c1c9eadfe5.fieldLayouts.f969c895-e156-4ac9-a4c5-5bbb3b153f1c.tabs.0.elements.2.required','false'),('entryTypes.bb9472f9-df47-42c5-9780-a6c1c9eadfe5.fieldLayouts.f969c895-e156-4ac9-a4c5-5bbb3b153f1c.tabs.0.elements.2.tip','null'),('entryTypes.bb9472f9-df47-42c5-9780-a6c1c9eadfe5.fieldLayouts.f969c895-e156-4ac9-a4c5-5bbb3b153f1c.tabs.0.elements.2.type','\"craft\\\\fieldlayoutelements\\\\CustomField\"'),('entryTypes.bb9472f9-df47-42c5-9780-a6c1c9eadfe5.fieldLayouts.f969c895-e156-4ac9-a4c5-5bbb3b153f1c.tabs.0.elements.2.uid','\"75f5fdcf-4486-4026-b7ca-0d498255a497\"'),('entryTypes.bb9472f9-df47-42c5-9780-a6c1c9eadfe5.fieldLayouts.f969c895-e156-4ac9-a4c5-5bbb3b153f1c.tabs.0.elements.2.userCondition','null'),('entryTypes.bb9472f9-df47-42c5-9780-a6c1c9eadfe5.fieldLayouts.f969c895-e156-4ac9-a4c5-5bbb3b153f1c.tabs.0.elements.2.warning','null'),('entryTypes.bb9472f9-df47-42c5-9780-a6c1c9eadfe5.fieldLayouts.f969c895-e156-4ac9-a4c5-5bbb3b153f1c.tabs.0.elements.2.width','100'),('entryTypes.bb9472f9-df47-42c5-9780-a6c1c9eadfe5.fieldLayouts.f969c895-e156-4ac9-a4c5-5bbb3b153f1c.tabs.0.elements.3.elementCondition','null'),('entryTypes.bb9472f9-df47-42c5-9780-a6c1c9eadfe5.fieldLayouts.f969c895-e156-4ac9-a4c5-5bbb3b153f1c.tabs.0.elements.3.fieldUid','\"cf75817a-23a3-4bc1-adc2-0bf788fe83b0\"'),('entryTypes.bb9472f9-df47-42c5-9780-a6c1c9eadfe5.fieldLayouts.f969c895-e156-4ac9-a4c5-5bbb3b153f1c.tabs.0.elements.3.instructions','null'),('entryTypes.bb9472f9-df47-42c5-9780-a6c1c9eadfe5.fieldLayouts.f969c895-e156-4ac9-a4c5-5bbb3b153f1c.tabs.0.elements.3.label','null'),('entryTypes.bb9472f9-df47-42c5-9780-a6c1c9eadfe5.fieldLayouts.f969c895-e156-4ac9-a4c5-5bbb3b153f1c.tabs.0.elements.3.required','false'),('entryTypes.bb9472f9-df47-42c5-9780-a6c1c9eadfe5.fieldLayouts.f969c895-e156-4ac9-a4c5-5bbb3b153f1c.tabs.0.elements.3.tip','null'),('entryTypes.bb9472f9-df47-42c5-9780-a6c1c9eadfe5.fieldLayouts.f969c895-e156-4ac9-a4c5-5bbb3b153f1c.tabs.0.elements.3.type','\"craft\\\\fieldlayoutelements\\\\CustomField\"'),('entryTypes.bb9472f9-df47-42c5-9780-a6c1c9eadfe5.fieldLayouts.f969c895-e156-4ac9-a4c5-5bbb3b153f1c.tabs.0.elements.3.uid','\"3bff1fc9-dd42-4391-bc00-58db43b93598\"'),('entryTypes.bb9472f9-df47-42c5-9780-a6c1c9eadfe5.fieldLayouts.f969c895-e156-4ac9-a4c5-5bbb3b153f1c.tabs.0.elements.3.userCondition','null'),('entryTypes.bb9472f9-df47-42c5-9780-a6c1c9eadfe5.fieldLayouts.f969c895-e156-4ac9-a4c5-5bbb3b153f1c.tabs.0.elements.3.warning','null'),('entryTypes.bb9472f9-df47-42c5-9780-a6c1c9eadfe5.fieldLayouts.f969c895-e156-4ac9-a4c5-5bbb3b153f1c.tabs.0.elements.3.width','100'),('entryTypes.bb9472f9-df47-42c5-9780-a6c1c9eadfe5.fieldLayouts.f969c895-e156-4ac9-a4c5-5bbb3b153f1c.tabs.0.name','\"Content\"'),('entryTypes.bb9472f9-df47-42c5-9780-a6c1c9eadfe5.fieldLayouts.f969c895-e156-4ac9-a4c5-5bbb3b153f1c.tabs.0.uid','\"f6d619b7-b9ae-444c-a792-113471ccb78f\"'),('entryTypes.bb9472f9-df47-42c5-9780-a6c1c9eadfe5.fieldLayouts.f969c895-e156-4ac9-a4c5-5bbb3b153f1c.tabs.0.userCondition','null'),('entryTypes.bb9472f9-df47-42c5-9780-a6c1c9eadfe5.handle','\"default\"'),('entryTypes.bb9472f9-df47-42c5-9780-a6c1c9eadfe5.hasTitleField','true'),('entryTypes.bb9472f9-df47-42c5-9780-a6c1c9eadfe5.name','\"Default\"'),('entryTypes.bb9472f9-df47-42c5-9780-a6c1c9eadfe5.section','\"a5a5c10a-f88b-4bca-80e4-679840f3f4f0\"'),('entryTypes.bb9472f9-df47-42c5-9780-a6c1c9eadfe5.showStatusField','true'),('entryTypes.bb9472f9-df47-42c5-9780-a6c1c9eadfe5.slugTranslationKeyFormat','null'),('entryTypes.bb9472f9-df47-42c5-9780-a6c1c9eadfe5.slugTranslationMethod','\"site\"'),('entryTypes.bb9472f9-df47-42c5-9780-a6c1c9eadfe5.sortOrder','1'),('entryTypes.bb9472f9-df47-42c5-9780-a6c1c9eadfe5.titleFormat','null'),('entryTypes.bb9472f9-df47-42c5-9780-a6c1c9eadfe5.titleTranslationKeyFormat','null'),('entryTypes.bb9472f9-df47-42c5-9780-a6c1c9eadfe5.titleTranslationMethod','\"site\"'),('entryTypes.c083ea54-186e-450f-b8df-71ef7151bfc8.fieldLayouts.5e3061b3-d7ef-4af7-85b1-a09fd416579c.tabs.0.elementCondition','null'),('entryTypes.c083ea54-186e-450f-b8df-71ef7151bfc8.fieldLayouts.5e3061b3-d7ef-4af7-85b1-a09fd416579c.tabs.0.elements.0.autocapitalize','true'),('entryTypes.c083ea54-186e-450f-b8df-71ef7151bfc8.fieldLayouts.5e3061b3-d7ef-4af7-85b1-a09fd416579c.tabs.0.elements.0.autocomplete','false'),('entryTypes.c083ea54-186e-450f-b8df-71ef7151bfc8.fieldLayouts.5e3061b3-d7ef-4af7-85b1-a09fd416579c.tabs.0.elements.0.autocorrect','true'),('entryTypes.c083ea54-186e-450f-b8df-71ef7151bfc8.fieldLayouts.5e3061b3-d7ef-4af7-85b1-a09fd416579c.tabs.0.elements.0.class','null'),('entryTypes.c083ea54-186e-450f-b8df-71ef7151bfc8.fieldLayouts.5e3061b3-d7ef-4af7-85b1-a09fd416579c.tabs.0.elements.0.disabled','false'),('entryTypes.c083ea54-186e-450f-b8df-71ef7151bfc8.fieldLayouts.5e3061b3-d7ef-4af7-85b1-a09fd416579c.tabs.0.elements.0.elementCondition','null'),('entryTypes.c083ea54-186e-450f-b8df-71ef7151bfc8.fieldLayouts.5e3061b3-d7ef-4af7-85b1-a09fd416579c.tabs.0.elements.0.id','null'),('entryTypes.c083ea54-186e-450f-b8df-71ef7151bfc8.fieldLayouts.5e3061b3-d7ef-4af7-85b1-a09fd416579c.tabs.0.elements.0.instructions','null'),('entryTypes.c083ea54-186e-450f-b8df-71ef7151bfc8.fieldLayouts.5e3061b3-d7ef-4af7-85b1-a09fd416579c.tabs.0.elements.0.label','null'),('entryTypes.c083ea54-186e-450f-b8df-71ef7151bfc8.fieldLayouts.5e3061b3-d7ef-4af7-85b1-a09fd416579c.tabs.0.elements.0.max','null'),('entryTypes.c083ea54-186e-450f-b8df-71ef7151bfc8.fieldLayouts.5e3061b3-d7ef-4af7-85b1-a09fd416579c.tabs.0.elements.0.min','null'),('entryTypes.c083ea54-186e-450f-b8df-71ef7151bfc8.fieldLayouts.5e3061b3-d7ef-4af7-85b1-a09fd416579c.tabs.0.elements.0.name','null'),('entryTypes.c083ea54-186e-450f-b8df-71ef7151bfc8.fieldLayouts.5e3061b3-d7ef-4af7-85b1-a09fd416579c.tabs.0.elements.0.orientation','null'),('entryTypes.c083ea54-186e-450f-b8df-71ef7151bfc8.fieldLayouts.5e3061b3-d7ef-4af7-85b1-a09fd416579c.tabs.0.elements.0.placeholder','null'),('entryTypes.c083ea54-186e-450f-b8df-71ef7151bfc8.fieldLayouts.5e3061b3-d7ef-4af7-85b1-a09fd416579c.tabs.0.elements.0.readonly','false'),('entryTypes.c083ea54-186e-450f-b8df-71ef7151bfc8.fieldLayouts.5e3061b3-d7ef-4af7-85b1-a09fd416579c.tabs.0.elements.0.requirable','false'),('entryTypes.c083ea54-186e-450f-b8df-71ef7151bfc8.fieldLayouts.5e3061b3-d7ef-4af7-85b1-a09fd416579c.tabs.0.elements.0.size','null'),('entryTypes.c083ea54-186e-450f-b8df-71ef7151bfc8.fieldLayouts.5e3061b3-d7ef-4af7-85b1-a09fd416579c.tabs.0.elements.0.step','null'),('entryTypes.c083ea54-186e-450f-b8df-71ef7151bfc8.fieldLayouts.5e3061b3-d7ef-4af7-85b1-a09fd416579c.tabs.0.elements.0.tip','null'),('entryTypes.c083ea54-186e-450f-b8df-71ef7151bfc8.fieldLayouts.5e3061b3-d7ef-4af7-85b1-a09fd416579c.tabs.0.elements.0.title','null'),('entryTypes.c083ea54-186e-450f-b8df-71ef7151bfc8.fieldLayouts.5e3061b3-d7ef-4af7-85b1-a09fd416579c.tabs.0.elements.0.type','\"craft\\\\fieldlayoutelements\\\\entries\\\\EntryTitleField\"'),('entryTypes.c083ea54-186e-450f-b8df-71ef7151bfc8.fieldLayouts.5e3061b3-d7ef-4af7-85b1-a09fd416579c.tabs.0.elements.0.uid','\"f9d88e0c-15b1-4fab-91b0-4bba8ffcd4a5\"'),('entryTypes.c083ea54-186e-450f-b8df-71ef7151bfc8.fieldLayouts.5e3061b3-d7ef-4af7-85b1-a09fd416579c.tabs.0.elements.0.userCondition','null'),('entryTypes.c083ea54-186e-450f-b8df-71ef7151bfc8.fieldLayouts.5e3061b3-d7ef-4af7-85b1-a09fd416579c.tabs.0.elements.0.warning','null'),('entryTypes.c083ea54-186e-450f-b8df-71ef7151bfc8.fieldLayouts.5e3061b3-d7ef-4af7-85b1-a09fd416579c.tabs.0.elements.0.width','100'),('entryTypes.c083ea54-186e-450f-b8df-71ef7151bfc8.fieldLayouts.5e3061b3-d7ef-4af7-85b1-a09fd416579c.tabs.0.elements.1.elementCondition','null'),('entryTypes.c083ea54-186e-450f-b8df-71ef7151bfc8.fieldLayouts.5e3061b3-d7ef-4af7-85b1-a09fd416579c.tabs.0.elements.1.fieldUid','\"63f18369-4d51-4417-9fa2-11e0b810b8c7\"'),('entryTypes.c083ea54-186e-450f-b8df-71ef7151bfc8.fieldLayouts.5e3061b3-d7ef-4af7-85b1-a09fd416579c.tabs.0.elements.1.instructions','null'),('entryTypes.c083ea54-186e-450f-b8df-71ef7151bfc8.fieldLayouts.5e3061b3-d7ef-4af7-85b1-a09fd416579c.tabs.0.elements.1.label','null'),('entryTypes.c083ea54-186e-450f-b8df-71ef7151bfc8.fieldLayouts.5e3061b3-d7ef-4af7-85b1-a09fd416579c.tabs.0.elements.1.required','false'),('entryTypes.c083ea54-186e-450f-b8df-71ef7151bfc8.fieldLayouts.5e3061b3-d7ef-4af7-85b1-a09fd416579c.tabs.0.elements.1.tip','null'),('entryTypes.c083ea54-186e-450f-b8df-71ef7151bfc8.fieldLayouts.5e3061b3-d7ef-4af7-85b1-a09fd416579c.tabs.0.elements.1.type','\"craft\\\\fieldlayoutelements\\\\CustomField\"'),('entryTypes.c083ea54-186e-450f-b8df-71ef7151bfc8.fieldLayouts.5e3061b3-d7ef-4af7-85b1-a09fd416579c.tabs.0.elements.1.uid','\"20e52328-2569-48fa-aa0f-f4c73e8e3945\"'),('entryTypes.c083ea54-186e-450f-b8df-71ef7151bfc8.fieldLayouts.5e3061b3-d7ef-4af7-85b1-a09fd416579c.tabs.0.elements.1.userCondition','null'),('entryTypes.c083ea54-186e-450f-b8df-71ef7151bfc8.fieldLayouts.5e3061b3-d7ef-4af7-85b1-a09fd416579c.tabs.0.elements.1.warning','null'),('entryTypes.c083ea54-186e-450f-b8df-71ef7151bfc8.fieldLayouts.5e3061b3-d7ef-4af7-85b1-a09fd416579c.tabs.0.elements.1.width','100'),('entryTypes.c083ea54-186e-450f-b8df-71ef7151bfc8.fieldLayouts.5e3061b3-d7ef-4af7-85b1-a09fd416579c.tabs.0.elements.2.elementCondition','null'),('entryTypes.c083ea54-186e-450f-b8df-71ef7151bfc8.fieldLayouts.5e3061b3-d7ef-4af7-85b1-a09fd416579c.tabs.0.elements.2.fieldUid','\"8edb13a2-4a4c-417c-ba9a-7ffbcc94195c\"'),('entryTypes.c083ea54-186e-450f-b8df-71ef7151bfc8.fieldLayouts.5e3061b3-d7ef-4af7-85b1-a09fd416579c.tabs.0.elements.2.instructions','null'),('entryTypes.c083ea54-186e-450f-b8df-71ef7151bfc8.fieldLayouts.5e3061b3-d7ef-4af7-85b1-a09fd416579c.tabs.0.elements.2.label','null'),('entryTypes.c083ea54-186e-450f-b8df-71ef7151bfc8.fieldLayouts.5e3061b3-d7ef-4af7-85b1-a09fd416579c.tabs.0.elements.2.required','false'),('entryTypes.c083ea54-186e-450f-b8df-71ef7151bfc8.fieldLayouts.5e3061b3-d7ef-4af7-85b1-a09fd416579c.tabs.0.elements.2.tip','null'),('entryTypes.c083ea54-186e-450f-b8df-71ef7151bfc8.fieldLayouts.5e3061b3-d7ef-4af7-85b1-a09fd416579c.tabs.0.elements.2.type','\"craft\\\\fieldlayoutelements\\\\CustomField\"'),('entryTypes.c083ea54-186e-450f-b8df-71ef7151bfc8.fieldLayouts.5e3061b3-d7ef-4af7-85b1-a09fd416579c.tabs.0.elements.2.uid','\"e879f19a-0281-4bc4-b465-d590ed8e2519\"'),('entryTypes.c083ea54-186e-450f-b8df-71ef7151bfc8.fieldLayouts.5e3061b3-d7ef-4af7-85b1-a09fd416579c.tabs.0.elements.2.userCondition','null'),('entryTypes.c083ea54-186e-450f-b8df-71ef7151bfc8.fieldLayouts.5e3061b3-d7ef-4af7-85b1-a09fd416579c.tabs.0.elements.2.warning','null'),('entryTypes.c083ea54-186e-450f-b8df-71ef7151bfc8.fieldLayouts.5e3061b3-d7ef-4af7-85b1-a09fd416579c.tabs.0.elements.2.width','100'),('entryTypes.c083ea54-186e-450f-b8df-71ef7151bfc8.fieldLayouts.5e3061b3-d7ef-4af7-85b1-a09fd416579c.tabs.0.name','\"Front Page\"'),('entryTypes.c083ea54-186e-450f-b8df-71ef7151bfc8.fieldLayouts.5e3061b3-d7ef-4af7-85b1-a09fd416579c.tabs.0.uid','\"af403fff-fa2c-4a0a-8a3e-e83190de5703\"'),('entryTypes.c083ea54-186e-450f-b8df-71ef7151bfc8.fieldLayouts.5e3061b3-d7ef-4af7-85b1-a09fd416579c.tabs.0.userCondition','null'),('entryTypes.c083ea54-186e-450f-b8df-71ef7151bfc8.fieldLayouts.5e3061b3-d7ef-4af7-85b1-a09fd416579c.tabs.1.elementCondition','null'),('entryTypes.c083ea54-186e-450f-b8df-71ef7151bfc8.fieldLayouts.5e3061b3-d7ef-4af7-85b1-a09fd416579c.tabs.1.elements.0.elementCondition','null'),('entryTypes.c083ea54-186e-450f-b8df-71ef7151bfc8.fieldLayouts.5e3061b3-d7ef-4af7-85b1-a09fd416579c.tabs.1.elements.0.fieldUid','\"dac413e9-280c-4d5a-b8c9-6b002a7911d0\"'),('entryTypes.c083ea54-186e-450f-b8df-71ef7151bfc8.fieldLayouts.5e3061b3-d7ef-4af7-85b1-a09fd416579c.tabs.1.elements.0.instructions','null'),('entryTypes.c083ea54-186e-450f-b8df-71ef7151bfc8.fieldLayouts.5e3061b3-d7ef-4af7-85b1-a09fd416579c.tabs.1.elements.0.label','null'),('entryTypes.c083ea54-186e-450f-b8df-71ef7151bfc8.fieldLayouts.5e3061b3-d7ef-4af7-85b1-a09fd416579c.tabs.1.elements.0.required','false'),('entryTypes.c083ea54-186e-450f-b8df-71ef7151bfc8.fieldLayouts.5e3061b3-d7ef-4af7-85b1-a09fd416579c.tabs.1.elements.0.tip','null'),('entryTypes.c083ea54-186e-450f-b8df-71ef7151bfc8.fieldLayouts.5e3061b3-d7ef-4af7-85b1-a09fd416579c.tabs.1.elements.0.type','\"craft\\\\fieldlayoutelements\\\\CustomField\"'),('entryTypes.c083ea54-186e-450f-b8df-71ef7151bfc8.fieldLayouts.5e3061b3-d7ef-4af7-85b1-a09fd416579c.tabs.1.elements.0.uid','\"673ae16a-0a3f-48f9-b1f1-8b943431549d\"'),('entryTypes.c083ea54-186e-450f-b8df-71ef7151bfc8.fieldLayouts.5e3061b3-d7ef-4af7-85b1-a09fd416579c.tabs.1.elements.0.userCondition','null'),('entryTypes.c083ea54-186e-450f-b8df-71ef7151bfc8.fieldLayouts.5e3061b3-d7ef-4af7-85b1-a09fd416579c.tabs.1.elements.0.warning','null'),('entryTypes.c083ea54-186e-450f-b8df-71ef7151bfc8.fieldLayouts.5e3061b3-d7ef-4af7-85b1-a09fd416579c.tabs.1.elements.0.width','100'),('entryTypes.c083ea54-186e-450f-b8df-71ef7151bfc8.fieldLayouts.5e3061b3-d7ef-4af7-85b1-a09fd416579c.tabs.1.name','\"Featured Story\"'),('entryTypes.c083ea54-186e-450f-b8df-71ef7151bfc8.fieldLayouts.5e3061b3-d7ef-4af7-85b1-a09fd416579c.tabs.1.uid','\"43c73cf7-29d3-4654-b3b1-6dd9d71178e6\"'),('entryTypes.c083ea54-186e-450f-b8df-71ef7151bfc8.fieldLayouts.5e3061b3-d7ef-4af7-85b1-a09fd416579c.tabs.1.userCondition','null'),('entryTypes.c083ea54-186e-450f-b8df-71ef7151bfc8.fieldLayouts.5e3061b3-d7ef-4af7-85b1-a09fd416579c.tabs.2.elementCondition','null'),('entryTypes.c083ea54-186e-450f-b8df-71ef7151bfc8.fieldLayouts.5e3061b3-d7ef-4af7-85b1-a09fd416579c.tabs.2.elements.0.elementCondition','null'),('entryTypes.c083ea54-186e-450f-b8df-71ef7151bfc8.fieldLayouts.5e3061b3-d7ef-4af7-85b1-a09fd416579c.tabs.2.elements.0.fieldUid','\"7dad4d3a-8dd9-482a-acd2-59093cf10f5a\"'),('entryTypes.c083ea54-186e-450f-b8df-71ef7151bfc8.fieldLayouts.5e3061b3-d7ef-4af7-85b1-a09fd416579c.tabs.2.elements.0.instructions','null'),('entryTypes.c083ea54-186e-450f-b8df-71ef7151bfc8.fieldLayouts.5e3061b3-d7ef-4af7-85b1-a09fd416579c.tabs.2.elements.0.label','null'),('entryTypes.c083ea54-186e-450f-b8df-71ef7151bfc8.fieldLayouts.5e3061b3-d7ef-4af7-85b1-a09fd416579c.tabs.2.elements.0.required','false'),('entryTypes.c083ea54-186e-450f-b8df-71ef7151bfc8.fieldLayouts.5e3061b3-d7ef-4af7-85b1-a09fd416579c.tabs.2.elements.0.tip','null'),('entryTypes.c083ea54-186e-450f-b8df-71ef7151bfc8.fieldLayouts.5e3061b3-d7ef-4af7-85b1-a09fd416579c.tabs.2.elements.0.type','\"craft\\\\fieldlayoutelements\\\\CustomField\"'),('entryTypes.c083ea54-186e-450f-b8df-71ef7151bfc8.fieldLayouts.5e3061b3-d7ef-4af7-85b1-a09fd416579c.tabs.2.elements.0.uid','\"c7ead546-a29e-4b26-b0c1-fe9a8dbc9e24\"'),('entryTypes.c083ea54-186e-450f-b8df-71ef7151bfc8.fieldLayouts.5e3061b3-d7ef-4af7-85b1-a09fd416579c.tabs.2.elements.0.userCondition','null'),('entryTypes.c083ea54-186e-450f-b8df-71ef7151bfc8.fieldLayouts.5e3061b3-d7ef-4af7-85b1-a09fd416579c.tabs.2.elements.0.warning','null'),('entryTypes.c083ea54-186e-450f-b8df-71ef7151bfc8.fieldLayouts.5e3061b3-d7ef-4af7-85b1-a09fd416579c.tabs.2.elements.0.width','100'),('entryTypes.c083ea54-186e-450f-b8df-71ef7151bfc8.fieldLayouts.5e3061b3-d7ef-4af7-85b1-a09fd416579c.tabs.2.elements.1.elementCondition','null'),('entryTypes.c083ea54-186e-450f-b8df-71ef7151bfc8.fieldLayouts.5e3061b3-d7ef-4af7-85b1-a09fd416579c.tabs.2.elements.1.fieldUid','\"02d4fede-34e7-489f-a068-098fff61d3f4\"'),('entryTypes.c083ea54-186e-450f-b8df-71ef7151bfc8.fieldLayouts.5e3061b3-d7ef-4af7-85b1-a09fd416579c.tabs.2.elements.1.instructions','null'),('entryTypes.c083ea54-186e-450f-b8df-71ef7151bfc8.fieldLayouts.5e3061b3-d7ef-4af7-85b1-a09fd416579c.tabs.2.elements.1.label','null'),('entryTypes.c083ea54-186e-450f-b8df-71ef7151bfc8.fieldLayouts.5e3061b3-d7ef-4af7-85b1-a09fd416579c.tabs.2.elements.1.required','false'),('entryTypes.c083ea54-186e-450f-b8df-71ef7151bfc8.fieldLayouts.5e3061b3-d7ef-4af7-85b1-a09fd416579c.tabs.2.elements.1.tip','null'),('entryTypes.c083ea54-186e-450f-b8df-71ef7151bfc8.fieldLayouts.5e3061b3-d7ef-4af7-85b1-a09fd416579c.tabs.2.elements.1.type','\"craft\\\\fieldlayoutelements\\\\CustomField\"'),('entryTypes.c083ea54-186e-450f-b8df-71ef7151bfc8.fieldLayouts.5e3061b3-d7ef-4af7-85b1-a09fd416579c.tabs.2.elements.1.uid','\"24748659-a039-4411-a006-a61bcf27ca7c\"'),('entryTypes.c083ea54-186e-450f-b8df-71ef7151bfc8.fieldLayouts.5e3061b3-d7ef-4af7-85b1-a09fd416579c.tabs.2.elements.1.userCondition','null'),('entryTypes.c083ea54-186e-450f-b8df-71ef7151bfc8.fieldLayouts.5e3061b3-d7ef-4af7-85b1-a09fd416579c.tabs.2.elements.1.warning','null'),('entryTypes.c083ea54-186e-450f-b8df-71ef7151bfc8.fieldLayouts.5e3061b3-d7ef-4af7-85b1-a09fd416579c.tabs.2.elements.1.width','100'),('entryTypes.c083ea54-186e-450f-b8df-71ef7151bfc8.fieldLayouts.5e3061b3-d7ef-4af7-85b1-a09fd416579c.tabs.2.name','\"Hosts\"'),('entryTypes.c083ea54-186e-450f-b8df-71ef7151bfc8.fieldLayouts.5e3061b3-d7ef-4af7-85b1-a09fd416579c.tabs.2.uid','\"c83ba8ad-21d1-4494-905f-462f32981eee\"'),('entryTypes.c083ea54-186e-450f-b8df-71ef7151bfc8.fieldLayouts.5e3061b3-d7ef-4af7-85b1-a09fd416579c.tabs.2.userCondition','null'),('entryTypes.c083ea54-186e-450f-b8df-71ef7151bfc8.handle','\"home\"'),('entryTypes.c083ea54-186e-450f-b8df-71ef7151bfc8.hasTitleField','false'),('entryTypes.c083ea54-186e-450f-b8df-71ef7151bfc8.name','\"Home\"'),('entryTypes.c083ea54-186e-450f-b8df-71ef7151bfc8.section','\"7d7efc4d-b657-47dc-bb2f-49ec951b8cf0\"'),('entryTypes.c083ea54-186e-450f-b8df-71ef7151bfc8.showStatusField','true'),('entryTypes.c083ea54-186e-450f-b8df-71ef7151bfc8.slugTranslationKeyFormat','null'),('entryTypes.c083ea54-186e-450f-b8df-71ef7151bfc8.slugTranslationMethod','\"site\"'),('entryTypes.c083ea54-186e-450f-b8df-71ef7151bfc8.sortOrder','1'),('entryTypes.c083ea54-186e-450f-b8df-71ef7151bfc8.titleFormat','\"{section.name|raw}\"'),('entryTypes.c083ea54-186e-450f-b8df-71ef7151bfc8.titleTranslationKeyFormat','null'),('entryTypes.c083ea54-186e-450f-b8df-71ef7151bfc8.titleTranslationMethod','\"site\"'),('fieldGroups.2bc428e8-7344-4bb3-bdd0-60e34d2e6110.name','\"Common\"'),('fieldGroups.b8685538-b0d5-4bc2-aa61-a3aa1366f5b6.name','\"Home Page\"'),('fields.02d4fede-34e7-489f-a068-098fff61d3f4.columnSuffix','null'),('fields.02d4fede-34e7-489f-a068-098fff61d3f4.contentColumnType','\"string\"'),('fields.02d4fede-34e7-489f-a068-098fff61d3f4.fieldGroup','\"b8685538-b0d5-4bc2-aa61-a3aa1366f5b6\"'),('fields.02d4fede-34e7-489f-a068-098fff61d3f4.handle','\"hosts\"'),('fields.02d4fede-34e7-489f-a068-098fff61d3f4.instructions','null'),('fields.02d4fede-34e7-489f-a068-098fff61d3f4.name','\"Hosts\"'),('fields.02d4fede-34e7-489f-a068-098fff61d3f4.searchable','false'),('fields.02d4fede-34e7-489f-a068-098fff61d3f4.settings.contentTable','\"{{%matrixcontent_hosts}}\"'),('fields.02d4fede-34e7-489f-a068-098fff61d3f4.settings.maxBlocks','null'),('fields.02d4fede-34e7-489f-a068-098fff61d3f4.settings.minBlocks','null'),('fields.02d4fede-34e7-489f-a068-098fff61d3f4.settings.propagationKeyFormat','null'),('fields.02d4fede-34e7-489f-a068-098fff61d3f4.settings.propagationMethod','\"all\"'),('fields.02d4fede-34e7-489f-a068-098fff61d3f4.translationKeyFormat','null'),('fields.02d4fede-34e7-489f-a068-098fff61d3f4.translationMethod','\"site\"'),('fields.02d4fede-34e7-489f-a068-098fff61d3f4.type','\"craft\\\\fields\\\\Matrix\"'),('fields.0e0c71de-66aa-4d95-a0b1-8fb983deb359.columnSuffix','null'),('fields.0e0c71de-66aa-4d95-a0b1-8fb983deb359.contentColumnType','\"string\"'),('fields.0e0c71de-66aa-4d95-a0b1-8fb983deb359.fieldGroup','\"2bc428e8-7344-4bb3-bdd0-60e34d2e6110\"'),('fields.0e0c71de-66aa-4d95-a0b1-8fb983deb359.handle','\"navLinks\"'),('fields.0e0c71de-66aa-4d95-a0b1-8fb983deb359.instructions','null'),('fields.0e0c71de-66aa-4d95-a0b1-8fb983deb359.name','\"Nav Links\"'),('fields.0e0c71de-66aa-4d95-a0b1-8fb983deb359.searchable','false'),('fields.0e0c71de-66aa-4d95-a0b1-8fb983deb359.settings.contentTable','\"{{%matrixcontent_navlinks}}\"'),('fields.0e0c71de-66aa-4d95-a0b1-8fb983deb359.settings.maxBlocks','null'),('fields.0e0c71de-66aa-4d95-a0b1-8fb983deb359.settings.minBlocks','null'),('fields.0e0c71de-66aa-4d95-a0b1-8fb983deb359.settings.propagationKeyFormat','null'),('fields.0e0c71de-66aa-4d95-a0b1-8fb983deb359.settings.propagationMethod','\"all\"'),('fields.0e0c71de-66aa-4d95-a0b1-8fb983deb359.translationKeyFormat','null'),('fields.0e0c71de-66aa-4d95-a0b1-8fb983deb359.translationMethod','\"site\"'),('fields.0e0c71de-66aa-4d95-a0b1-8fb983deb359.type','\"craft\\\\fields\\\\Matrix\"'),('fields.167d0a47-343f-44ab-ad52-c7f203db8566.columnSuffix','\"spzjgmrs\"'),('fields.167d0a47-343f-44ab-ad52-c7f203db8566.contentColumnType','\"text\"'),('fields.167d0a47-343f-44ab-ad52-c7f203db8566.fieldGroup','\"2bc428e8-7344-4bb3-bdd0-60e34d2e6110\"'),('fields.167d0a47-343f-44ab-ad52-c7f203db8566.handle','\"shortDescription\"'),('fields.167d0a47-343f-44ab-ad52-c7f203db8566.instructions','null'),('fields.167d0a47-343f-44ab-ad52-c7f203db8566.name','\"Short Description\"'),('fields.167d0a47-343f-44ab-ad52-c7f203db8566.searchable','false'),('fields.167d0a47-343f-44ab-ad52-c7f203db8566.settings.byteLimit','null'),('fields.167d0a47-343f-44ab-ad52-c7f203db8566.settings.charLimit','null'),('fields.167d0a47-343f-44ab-ad52-c7f203db8566.settings.code','false'),('fields.167d0a47-343f-44ab-ad52-c7f203db8566.settings.columnType','null'),('fields.167d0a47-343f-44ab-ad52-c7f203db8566.settings.initialRows','3'),('fields.167d0a47-343f-44ab-ad52-c7f203db8566.settings.multiline','true'),('fields.167d0a47-343f-44ab-ad52-c7f203db8566.settings.placeholder','null'),('fields.167d0a47-343f-44ab-ad52-c7f203db8566.settings.uiMode','\"normal\"'),('fields.167d0a47-343f-44ab-ad52-c7f203db8566.translationKeyFormat','null'),('fields.167d0a47-343f-44ab-ad52-c7f203db8566.translationMethod','\"none\"'),('fields.167d0a47-343f-44ab-ad52-c7f203db8566.type','\"craft\\\\fields\\\\PlainText\"'),('fields.324c937c-d901-4d2f-8ff3-8018da277bf2.columnSuffix','\"jfzdlfhz\"'),('fields.324c937c-d901-4d2f-8ff3-8018da277bf2.contentColumnType','\"text\"'),('fields.324c937c-d901-4d2f-8ff3-8018da277bf2.fieldGroup','\"2bc428e8-7344-4bb3-bdd0-60e34d2e6110\"'),('fields.324c937c-d901-4d2f-8ff3-8018da277bf2.handle','\"richText\"'),('fields.324c937c-d901-4d2f-8ff3-8018da277bf2.instructions','null'),('fields.324c937c-d901-4d2f-8ff3-8018da277bf2.name','\"Rich Text\"'),('fields.324c937c-d901-4d2f-8ff3-8018da277bf2.searchable','false'),('fields.324c937c-d901-4d2f-8ff3-8018da277bf2.settings.availableTransforms','\"\"'),('fields.324c937c-d901-4d2f-8ff3-8018da277bf2.settings.availableVolumes','\"*\"'),('fields.324c937c-d901-4d2f-8ff3-8018da277bf2.settings.columnType','\"text\"'),('fields.324c937c-d901-4d2f-8ff3-8018da277bf2.settings.configSelectionMode','\"choose\"'),('fields.324c937c-d901-4d2f-8ff3-8018da277bf2.settings.defaultTransform','\"\"'),('fields.324c937c-d901-4d2f-8ff3-8018da277bf2.settings.manualConfig','\"\"'),('fields.324c937c-d901-4d2f-8ff3-8018da277bf2.settings.purifierConfig','null'),('fields.324c937c-d901-4d2f-8ff3-8018da277bf2.settings.purifyHtml','true'),('fields.324c937c-d901-4d2f-8ff3-8018da277bf2.settings.redactorConfig','null'),('fields.324c937c-d901-4d2f-8ff3-8018da277bf2.settings.removeEmptyTags','false'),('fields.324c937c-d901-4d2f-8ff3-8018da277bf2.settings.removeInlineStyles','false'),('fields.324c937c-d901-4d2f-8ff3-8018da277bf2.settings.removeNbsp','false'),('fields.324c937c-d901-4d2f-8ff3-8018da277bf2.settings.showHtmlButtonForNonAdmins','true'),('fields.324c937c-d901-4d2f-8ff3-8018da277bf2.settings.showUnpermittedFiles','false'),('fields.324c937c-d901-4d2f-8ff3-8018da277bf2.settings.showUnpermittedVolumes','false'),('fields.324c937c-d901-4d2f-8ff3-8018da277bf2.settings.uiMode','\"enlarged\"'),('fields.324c937c-d901-4d2f-8ff3-8018da277bf2.translationKeyFormat','null'),('fields.324c937c-d901-4d2f-8ff3-8018da277bf2.translationMethod','\"none\"'),('fields.324c937c-d901-4d2f-8ff3-8018da277bf2.type','\"craft\\\\redactor\\\\Field\"'),('fields.63f18369-4d51-4417-9fa2-11e0b810b8c7.columnSuffix','\"mvwiunrg\"'),('fields.63f18369-4d51-4417-9fa2-11e0b810b8c7.contentColumnType','\"text\"'),('fields.63f18369-4d51-4417-9fa2-11e0b810b8c7.fieldGroup','\"b8685538-b0d5-4bc2-aa61-a3aa1366f5b6\"'),('fields.63f18369-4d51-4417-9fa2-11e0b810b8c7.handle','\"heroTitle\"'),('fields.63f18369-4d51-4417-9fa2-11e0b810b8c7.instructions','null'),('fields.63f18369-4d51-4417-9fa2-11e0b810b8c7.name','\"Hero Title\"'),('fields.63f18369-4d51-4417-9fa2-11e0b810b8c7.searchable','false'),('fields.63f18369-4d51-4417-9fa2-11e0b810b8c7.settings.byteLimit','null'),('fields.63f18369-4d51-4417-9fa2-11e0b810b8c7.settings.charLimit','null'),('fields.63f18369-4d51-4417-9fa2-11e0b810b8c7.settings.code','false'),('fields.63f18369-4d51-4417-9fa2-11e0b810b8c7.settings.columnType','null'),('fields.63f18369-4d51-4417-9fa2-11e0b810b8c7.settings.initialRows','4'),('fields.63f18369-4d51-4417-9fa2-11e0b810b8c7.settings.multiline','false'),('fields.63f18369-4d51-4417-9fa2-11e0b810b8c7.settings.placeholder','null'),('fields.63f18369-4d51-4417-9fa2-11e0b810b8c7.settings.uiMode','\"normal\"'),('fields.63f18369-4d51-4417-9fa2-11e0b810b8c7.translationKeyFormat','null'),('fields.63f18369-4d51-4417-9fa2-11e0b810b8c7.translationMethod','\"none\"'),('fields.63f18369-4d51-4417-9fa2-11e0b810b8c7.type','\"craft\\\\fields\\\\PlainText\"'),('fields.7dad4d3a-8dd9-482a-acd2-59093cf10f5a.columnSuffix','\"tmwevnyy\"'),('fields.7dad4d3a-8dd9-482a-acd2-59093cf10f5a.contentColumnType','\"text\"'),('fields.7dad4d3a-8dd9-482a-acd2-59093cf10f5a.fieldGroup','\"b8685538-b0d5-4bc2-aa61-a3aa1366f5b6\"'),('fields.7dad4d3a-8dd9-482a-acd2-59093cf10f5a.handle','\"hostsIntroContent\"'),('fields.7dad4d3a-8dd9-482a-acd2-59093cf10f5a.instructions','null'),('fields.7dad4d3a-8dd9-482a-acd2-59093cf10f5a.name','\"Hosts Intro Content\"'),('fields.7dad4d3a-8dd9-482a-acd2-59093cf10f5a.searchable','false'),('fields.7dad4d3a-8dd9-482a-acd2-59093cf10f5a.settings.availableTransforms','\"\"'),('fields.7dad4d3a-8dd9-482a-acd2-59093cf10f5a.settings.availableVolumes','\"*\"'),('fields.7dad4d3a-8dd9-482a-acd2-59093cf10f5a.settings.columnType','\"text\"'),('fields.7dad4d3a-8dd9-482a-acd2-59093cf10f5a.settings.configSelectionMode','\"choose\"'),('fields.7dad4d3a-8dd9-482a-acd2-59093cf10f5a.settings.defaultTransform','\"\"'),('fields.7dad4d3a-8dd9-482a-acd2-59093cf10f5a.settings.manualConfig','\"\"'),('fields.7dad4d3a-8dd9-482a-acd2-59093cf10f5a.settings.purifierConfig','null'),('fields.7dad4d3a-8dd9-482a-acd2-59093cf10f5a.settings.purifyHtml','true'),('fields.7dad4d3a-8dd9-482a-acd2-59093cf10f5a.settings.redactorConfig','null'),('fields.7dad4d3a-8dd9-482a-acd2-59093cf10f5a.settings.removeEmptyTags','false'),('fields.7dad4d3a-8dd9-482a-acd2-59093cf10f5a.settings.removeInlineStyles','false'),('fields.7dad4d3a-8dd9-482a-acd2-59093cf10f5a.settings.removeNbsp','false'),('fields.7dad4d3a-8dd9-482a-acd2-59093cf10f5a.settings.showHtmlButtonForNonAdmins','true'),('fields.7dad4d3a-8dd9-482a-acd2-59093cf10f5a.settings.showUnpermittedFiles','false'),('fields.7dad4d3a-8dd9-482a-acd2-59093cf10f5a.settings.showUnpermittedVolumes','false'),('fields.7dad4d3a-8dd9-482a-acd2-59093cf10f5a.settings.uiMode','\"enlarged\"'),('fields.7dad4d3a-8dd9-482a-acd2-59093cf10f5a.translationKeyFormat','null'),('fields.7dad4d3a-8dd9-482a-acd2-59093cf10f5a.translationMethod','\"none\"'),('fields.7dad4d3a-8dd9-482a-acd2-59093cf10f5a.type','\"craft\\\\redactor\\\\Field\"'),('fields.8edb13a2-4a4c-417c-ba9a-7ffbcc94195c.columnSuffix','null'),('fields.8edb13a2-4a4c-417c-ba9a-7ffbcc94195c.contentColumnType','\"string\"'),('fields.8edb13a2-4a4c-417c-ba9a-7ffbcc94195c.fieldGroup','\"b8685538-b0d5-4bc2-aa61-a3aa1366f5b6\"'),('fields.8edb13a2-4a4c-417c-ba9a-7ffbcc94195c.handle','\"heroImage\"'),('fields.8edb13a2-4a4c-417c-ba9a-7ffbcc94195c.instructions','null'),('fields.8edb13a2-4a4c-417c-ba9a-7ffbcc94195c.name','\"Hero Image\"'),('fields.8edb13a2-4a4c-417c-ba9a-7ffbcc94195c.searchable','false'),('fields.8edb13a2-4a4c-417c-ba9a-7ffbcc94195c.settings.allowedKinds.0','\"image\"'),('fields.8edb13a2-4a4c-417c-ba9a-7ffbcc94195c.settings.allowSelfRelations','false'),('fields.8edb13a2-4a4c-417c-ba9a-7ffbcc94195c.settings.allowSubfolders','false'),('fields.8edb13a2-4a4c-417c-ba9a-7ffbcc94195c.settings.allowUploads','true'),('fields.8edb13a2-4a4c-417c-ba9a-7ffbcc94195c.settings.branchLimit','null'),('fields.8edb13a2-4a4c-417c-ba9a-7ffbcc94195c.settings.defaultUploadLocationSource','\"volume:57f8ecd8-41c8-4f45-847d-034641181daf\"'),('fields.8edb13a2-4a4c-417c-ba9a-7ffbcc94195c.settings.defaultUploadLocationSubpath','null'),('fields.8edb13a2-4a4c-417c-ba9a-7ffbcc94195c.settings.localizeRelations','false'),('fields.8edb13a2-4a4c-417c-ba9a-7ffbcc94195c.settings.maintainHierarchy','false'),('fields.8edb13a2-4a4c-417c-ba9a-7ffbcc94195c.settings.maxRelations','1'),('fields.8edb13a2-4a4c-417c-ba9a-7ffbcc94195c.settings.minRelations','null'),('fields.8edb13a2-4a4c-417c-ba9a-7ffbcc94195c.settings.previewMode','\"full\"'),('fields.8edb13a2-4a4c-417c-ba9a-7ffbcc94195c.settings.restrictedDefaultUploadSubpath','null'),('fields.8edb13a2-4a4c-417c-ba9a-7ffbcc94195c.settings.restrictedLocationSource','\"volume:57f8ecd8-41c8-4f45-847d-034641181daf\"'),('fields.8edb13a2-4a4c-417c-ba9a-7ffbcc94195c.settings.restrictedLocationSubpath','null'),('fields.8edb13a2-4a4c-417c-ba9a-7ffbcc94195c.settings.restrictFiles','true'),('fields.8edb13a2-4a4c-417c-ba9a-7ffbcc94195c.settings.restrictLocation','false'),('fields.8edb13a2-4a4c-417c-ba9a-7ffbcc94195c.settings.selectionCondition.__assoc__.0.0','\"elementType\"'),('fields.8edb13a2-4a4c-417c-ba9a-7ffbcc94195c.settings.selectionCondition.__assoc__.0.1','\"craft\\\\elements\\\\Asset\"'),('fields.8edb13a2-4a4c-417c-ba9a-7ffbcc94195c.settings.selectionCondition.__assoc__.1.0','\"fieldContext\"'),('fields.8edb13a2-4a4c-417c-ba9a-7ffbcc94195c.settings.selectionCondition.__assoc__.1.1','\"global\"'),('fields.8edb13a2-4a4c-417c-ba9a-7ffbcc94195c.settings.selectionCondition.__assoc__.2.0','\"class\"'),('fields.8edb13a2-4a4c-417c-ba9a-7ffbcc94195c.settings.selectionCondition.__assoc__.2.1','\"craft\\\\elements\\\\conditions\\\\assets\\\\AssetCondition\"'),('fields.8edb13a2-4a4c-417c-ba9a-7ffbcc94195c.settings.selectionLabel','\"Add a Background Image\"'),('fields.8edb13a2-4a4c-417c-ba9a-7ffbcc94195c.settings.showSiteMenu','false'),('fields.8edb13a2-4a4c-417c-ba9a-7ffbcc94195c.settings.showUnpermittedFiles','false'),('fields.8edb13a2-4a4c-417c-ba9a-7ffbcc94195c.settings.showUnpermittedVolumes','false'),('fields.8edb13a2-4a4c-417c-ba9a-7ffbcc94195c.settings.sources.0','\"volume:57f8ecd8-41c8-4f45-847d-034641181daf\"'),('fields.8edb13a2-4a4c-417c-ba9a-7ffbcc94195c.settings.targetSiteId','null'),('fields.8edb13a2-4a4c-417c-ba9a-7ffbcc94195c.settings.validateRelatedElements','false'),('fields.8edb13a2-4a4c-417c-ba9a-7ffbcc94195c.settings.viewMode','\"large\"'),('fields.8edb13a2-4a4c-417c-ba9a-7ffbcc94195c.translationKeyFormat','null'),('fields.8edb13a2-4a4c-417c-ba9a-7ffbcc94195c.translationMethod','\"site\"'),('fields.8edb13a2-4a4c-417c-ba9a-7ffbcc94195c.type','\"craft\\\\fields\\\\Assets\"'),('fields.9174bbc0-ef2f-4c1f-9502-4c2a81d5b195.columnSuffix','null'),('fields.9174bbc0-ef2f-4c1f-9502-4c2a81d5b195.contentColumnType','\"string\"'),('fields.9174bbc0-ef2f-4c1f-9502-4c2a81d5b195.fieldGroup','\"b8685538-b0d5-4bc2-aa61-a3aa1366f5b6\"'),('fields.9174bbc0-ef2f-4c1f-9502-4c2a81d5b195.handle','\"featuredGites\"'),('fields.9174bbc0-ef2f-4c1f-9502-4c2a81d5b195.instructions','null'),('fields.9174bbc0-ef2f-4c1f-9502-4c2a81d5b195.name','\"Featured Gites\"'),('fields.9174bbc0-ef2f-4c1f-9502-4c2a81d5b195.searchable','false'),('fields.9174bbc0-ef2f-4c1f-9502-4c2a81d5b195.settings.allowSelfRelations','false'),('fields.9174bbc0-ef2f-4c1f-9502-4c2a81d5b195.settings.branchLimit','null'),('fields.9174bbc0-ef2f-4c1f-9502-4c2a81d5b195.settings.localizeRelations','false'),('fields.9174bbc0-ef2f-4c1f-9502-4c2a81d5b195.settings.maintainHierarchy','false'),('fields.9174bbc0-ef2f-4c1f-9502-4c2a81d5b195.settings.maxRelations','null'),('fields.9174bbc0-ef2f-4c1f-9502-4c2a81d5b195.settings.minRelations','null'),('fields.9174bbc0-ef2f-4c1f-9502-4c2a81d5b195.settings.selectionCondition.__assoc__.0.0','\"elementType\"'),('fields.9174bbc0-ef2f-4c1f-9502-4c2a81d5b195.settings.selectionCondition.__assoc__.0.1','\"craft\\\\elements\\\\Entry\"'),('fields.9174bbc0-ef2f-4c1f-9502-4c2a81d5b195.settings.selectionCondition.__assoc__.1.0','\"fieldContext\"'),('fields.9174bbc0-ef2f-4c1f-9502-4c2a81d5b195.settings.selectionCondition.__assoc__.1.1','\"global\"'),('fields.9174bbc0-ef2f-4c1f-9502-4c2a81d5b195.settings.selectionCondition.__assoc__.2.0','\"class\"'),('fields.9174bbc0-ef2f-4c1f-9502-4c2a81d5b195.settings.selectionCondition.__assoc__.2.1','\"craft\\\\elements\\\\conditions\\\\entries\\\\EntryCondition\"'),('fields.9174bbc0-ef2f-4c1f-9502-4c2a81d5b195.settings.selectionLabel','\"Select a gite\"'),('fields.9174bbc0-ef2f-4c1f-9502-4c2a81d5b195.settings.showSiteMenu','true'),('fields.9174bbc0-ef2f-4c1f-9502-4c2a81d5b195.settings.sources.0','\"section:de21a329-31b8-4c1b-99ea-f22ef7fef176\"'),('fields.9174bbc0-ef2f-4c1f-9502-4c2a81d5b195.settings.targetSiteId','null'),('fields.9174bbc0-ef2f-4c1f-9502-4c2a81d5b195.settings.validateRelatedElements','false'),('fields.9174bbc0-ef2f-4c1f-9502-4c2a81d5b195.settings.viewMode','null'),('fields.9174bbc0-ef2f-4c1f-9502-4c2a81d5b195.translationKeyFormat','null'),('fields.9174bbc0-ef2f-4c1f-9502-4c2a81d5b195.translationMethod','\"site\"'),('fields.9174bbc0-ef2f-4c1f-9502-4c2a81d5b195.type','\"craft\\\\fields\\\\Entries\"'),('fields.cf75817a-23a3-4bc1-adc2-0bf788fe83b0.columnSuffix','null'),('fields.cf75817a-23a3-4bc1-adc2-0bf788fe83b0.contentColumnType','\"string\"'),('fields.cf75817a-23a3-4bc1-adc2-0bf788fe83b0.fieldGroup','\"2bc428e8-7344-4bb3-bdd0-60e34d2e6110\"'),('fields.cf75817a-23a3-4bc1-adc2-0bf788fe83b0.handle','\"photos\"'),('fields.cf75817a-23a3-4bc1-adc2-0bf788fe83b0.instructions','null'),('fields.cf75817a-23a3-4bc1-adc2-0bf788fe83b0.name','\"Photos\"'),('fields.cf75817a-23a3-4bc1-adc2-0bf788fe83b0.searchable','false'),('fields.cf75817a-23a3-4bc1-adc2-0bf788fe83b0.settings.allowedKinds.0','\"image\"'),('fields.cf75817a-23a3-4bc1-adc2-0bf788fe83b0.settings.allowSelfRelations','false'),('fields.cf75817a-23a3-4bc1-adc2-0bf788fe83b0.settings.allowSubfolders','false'),('fields.cf75817a-23a3-4bc1-adc2-0bf788fe83b0.settings.allowUploads','true'),('fields.cf75817a-23a3-4bc1-adc2-0bf788fe83b0.settings.branchLimit','null'),('fields.cf75817a-23a3-4bc1-adc2-0bf788fe83b0.settings.defaultUploadLocationSource','\"volume:57f8ecd8-41c8-4f45-847d-034641181daf\"'),('fields.cf75817a-23a3-4bc1-adc2-0bf788fe83b0.settings.defaultUploadLocationSubpath','null'),('fields.cf75817a-23a3-4bc1-adc2-0bf788fe83b0.settings.localizeRelations','false'),('fields.cf75817a-23a3-4bc1-adc2-0bf788fe83b0.settings.maintainHierarchy','false'),('fields.cf75817a-23a3-4bc1-adc2-0bf788fe83b0.settings.maxRelations','null'),('fields.cf75817a-23a3-4bc1-adc2-0bf788fe83b0.settings.minRelations','null'),('fields.cf75817a-23a3-4bc1-adc2-0bf788fe83b0.settings.previewMode','\"full\"'),('fields.cf75817a-23a3-4bc1-adc2-0bf788fe83b0.settings.restrictedDefaultUploadSubpath','null'),('fields.cf75817a-23a3-4bc1-adc2-0bf788fe83b0.settings.restrictedLocationSource','\"volume:57f8ecd8-41c8-4f45-847d-034641181daf\"'),('fields.cf75817a-23a3-4bc1-adc2-0bf788fe83b0.settings.restrictedLocationSubpath','null'),('fields.cf75817a-23a3-4bc1-adc2-0bf788fe83b0.settings.restrictFiles','true'),('fields.cf75817a-23a3-4bc1-adc2-0bf788fe83b0.settings.restrictLocation','false'),('fields.cf75817a-23a3-4bc1-adc2-0bf788fe83b0.settings.selectionCondition.__assoc__.0.0','\"elementType\"'),('fields.cf75817a-23a3-4bc1-adc2-0bf788fe83b0.settings.selectionCondition.__assoc__.0.1','\"craft\\\\elements\\\\Asset\"'),('fields.cf75817a-23a3-4bc1-adc2-0bf788fe83b0.settings.selectionCondition.__assoc__.1.0','\"fieldContext\"'),('fields.cf75817a-23a3-4bc1-adc2-0bf788fe83b0.settings.selectionCondition.__assoc__.1.1','\"global\"'),('fields.cf75817a-23a3-4bc1-adc2-0bf788fe83b0.settings.selectionCondition.__assoc__.2.0','\"class\"'),('fields.cf75817a-23a3-4bc1-adc2-0bf788fe83b0.settings.selectionCondition.__assoc__.2.1','\"craft\\\\elements\\\\conditions\\\\assets\\\\AssetCondition\"'),('fields.cf75817a-23a3-4bc1-adc2-0bf788fe83b0.settings.selectionLabel','\"Add a photo\"'),('fields.cf75817a-23a3-4bc1-adc2-0bf788fe83b0.settings.showSiteMenu','true'),('fields.cf75817a-23a3-4bc1-adc2-0bf788fe83b0.settings.showUnpermittedFiles','false'),('fields.cf75817a-23a3-4bc1-adc2-0bf788fe83b0.settings.showUnpermittedVolumes','false'),('fields.cf75817a-23a3-4bc1-adc2-0bf788fe83b0.settings.sources.0','\"volume:57f8ecd8-41c8-4f45-847d-034641181daf\"'),('fields.cf75817a-23a3-4bc1-adc2-0bf788fe83b0.settings.targetSiteId','null'),('fields.cf75817a-23a3-4bc1-adc2-0bf788fe83b0.settings.validateRelatedElements','false'),('fields.cf75817a-23a3-4bc1-adc2-0bf788fe83b0.settings.viewMode','\"list\"'),('fields.cf75817a-23a3-4bc1-adc2-0bf788fe83b0.translationKeyFormat','null'),('fields.cf75817a-23a3-4bc1-adc2-0bf788fe83b0.translationMethod','\"site\"'),('fields.cf75817a-23a3-4bc1-adc2-0bf788fe83b0.type','\"craft\\\\fields\\\\Assets\"'),('fields.dac413e9-280c-4d5a-b8c9-6b002a7911d0.columnSuffix','null'),('fields.dac413e9-280c-4d5a-b8c9-6b002a7911d0.contentColumnType','\"string\"'),('fields.dac413e9-280c-4d5a-b8c9-6b002a7911d0.fieldGroup','\"b8685538-b0d5-4bc2-aa61-a3aa1366f5b6\"'),('fields.dac413e9-280c-4d5a-b8c9-6b002a7911d0.handle','\"featuredStories\"'),('fields.dac413e9-280c-4d5a-b8c9-6b002a7911d0.instructions','null'),('fields.dac413e9-280c-4d5a-b8c9-6b002a7911d0.name','\"Featured Stories\"'),('fields.dac413e9-280c-4d5a-b8c9-6b002a7911d0.searchable','false'),('fields.dac413e9-280c-4d5a-b8c9-6b002a7911d0.settings.allowSelfRelations','false'),('fields.dac413e9-280c-4d5a-b8c9-6b002a7911d0.settings.branchLimit','null'),('fields.dac413e9-280c-4d5a-b8c9-6b002a7911d0.settings.localizeRelations','false'),('fields.dac413e9-280c-4d5a-b8c9-6b002a7911d0.settings.maintainHierarchy','false'),('fields.dac413e9-280c-4d5a-b8c9-6b002a7911d0.settings.maxRelations','1'),('fields.dac413e9-280c-4d5a-b8c9-6b002a7911d0.settings.minRelations','1'),('fields.dac413e9-280c-4d5a-b8c9-6b002a7911d0.settings.selectionCondition.__assoc__.0.0','\"elementType\"'),('fields.dac413e9-280c-4d5a-b8c9-6b002a7911d0.settings.selectionCondition.__assoc__.0.1','\"craft\\\\elements\\\\Entry\"'),('fields.dac413e9-280c-4d5a-b8c9-6b002a7911d0.settings.selectionCondition.__assoc__.1.0','\"fieldContext\"'),('fields.dac413e9-280c-4d5a-b8c9-6b002a7911d0.settings.selectionCondition.__assoc__.1.1','\"global\"'),('fields.dac413e9-280c-4d5a-b8c9-6b002a7911d0.settings.selectionCondition.__assoc__.2.0','\"class\"'),('fields.dac413e9-280c-4d5a-b8c9-6b002a7911d0.settings.selectionCondition.__assoc__.2.1','\"craft\\\\elements\\\\conditions\\\\entries\\\\EntryCondition\"'),('fields.dac413e9-280c-4d5a-b8c9-6b002a7911d0.settings.selectionLabel','null'),('fields.dac413e9-280c-4d5a-b8c9-6b002a7911d0.settings.showSiteMenu','true'),('fields.dac413e9-280c-4d5a-b8c9-6b002a7911d0.settings.sources.0','\"section:a5a5c10a-f88b-4bca-80e4-679840f3f4f0\"'),('fields.dac413e9-280c-4d5a-b8c9-6b002a7911d0.settings.targetSiteId','null'),('fields.dac413e9-280c-4d5a-b8c9-6b002a7911d0.settings.validateRelatedElements','false'),('fields.dac413e9-280c-4d5a-b8c9-6b002a7911d0.settings.viewMode','null'),('fields.dac413e9-280c-4d5a-b8c9-6b002a7911d0.translationKeyFormat','null'),('fields.dac413e9-280c-4d5a-b8c9-6b002a7911d0.translationMethod','\"site\"'),('fields.dac413e9-280c-4d5a-b8c9-6b002a7911d0.type','\"craft\\\\fields\\\\Entries\"'),('fs.hardDisk.hasUrls','true'),('fs.hardDisk.name','\"Hard Disk\"'),('fs.hardDisk.settings.path','\"@webroot/uploads/images\"'),('fs.hardDisk.type','\"craft\\\\fs\\\\Local\"'),('fs.hardDisk.url','\"@web/uploads/images\"'),('globalSets.645f60bf-53cd-40e5-ad2e-ab297a286885.fieldLayouts.526b41a6-817f-4819-8daf-27cbd1c8e552.tabs.0.elementCondition','null'),('globalSets.645f60bf-53cd-40e5-ad2e-ab297a286885.fieldLayouts.526b41a6-817f-4819-8daf-27cbd1c8e552.tabs.0.elements.0.elementCondition','null'),('globalSets.645f60bf-53cd-40e5-ad2e-ab297a286885.fieldLayouts.526b41a6-817f-4819-8daf-27cbd1c8e552.tabs.0.elements.0.fieldUid','\"324c937c-d901-4d2f-8ff3-8018da277bf2\"'),('globalSets.645f60bf-53cd-40e5-ad2e-ab297a286885.fieldLayouts.526b41a6-817f-4819-8daf-27cbd1c8e552.tabs.0.elements.0.instructions','null'),('globalSets.645f60bf-53cd-40e5-ad2e-ab297a286885.fieldLayouts.526b41a6-817f-4819-8daf-27cbd1c8e552.tabs.0.elements.0.label','null'),('globalSets.645f60bf-53cd-40e5-ad2e-ab297a286885.fieldLayouts.526b41a6-817f-4819-8daf-27cbd1c8e552.tabs.0.elements.0.required','false'),('globalSets.645f60bf-53cd-40e5-ad2e-ab297a286885.fieldLayouts.526b41a6-817f-4819-8daf-27cbd1c8e552.tabs.0.elements.0.tip','null'),('globalSets.645f60bf-53cd-40e5-ad2e-ab297a286885.fieldLayouts.526b41a6-817f-4819-8daf-27cbd1c8e552.tabs.0.elements.0.type','\"craft\\\\fieldlayoutelements\\\\CustomField\"'),('globalSets.645f60bf-53cd-40e5-ad2e-ab297a286885.fieldLayouts.526b41a6-817f-4819-8daf-27cbd1c8e552.tabs.0.elements.0.uid','\"65c69c08-f130-46e6-99c6-6de74498bc2c\"'),('globalSets.645f60bf-53cd-40e5-ad2e-ab297a286885.fieldLayouts.526b41a6-817f-4819-8daf-27cbd1c8e552.tabs.0.elements.0.userCondition','null'),('globalSets.645f60bf-53cd-40e5-ad2e-ab297a286885.fieldLayouts.526b41a6-817f-4819-8daf-27cbd1c8e552.tabs.0.elements.0.warning','null'),('globalSets.645f60bf-53cd-40e5-ad2e-ab297a286885.fieldLayouts.526b41a6-817f-4819-8daf-27cbd1c8e552.tabs.0.elements.0.width','100'),('globalSets.645f60bf-53cd-40e5-ad2e-ab297a286885.fieldLayouts.526b41a6-817f-4819-8daf-27cbd1c8e552.tabs.0.name','\"Content\"'),('globalSets.645f60bf-53cd-40e5-ad2e-ab297a286885.fieldLayouts.526b41a6-817f-4819-8daf-27cbd1c8e552.tabs.0.uid','\"a9827772-5299-4a9b-921c-a7c332d040d2\"'),('globalSets.645f60bf-53cd-40e5-ad2e-ab297a286885.fieldLayouts.526b41a6-817f-4819-8daf-27cbd1c8e552.tabs.0.userCondition','null'),('globalSets.645f60bf-53cd-40e5-ad2e-ab297a286885.handle','\"footer\"'),('globalSets.645f60bf-53cd-40e5-ad2e-ab297a286885.name','\"Footer\"'),('globalSets.645f60bf-53cd-40e5-ad2e-ab297a286885.sortOrder','3'),('globalSets.a8481ab0-d892-4c82-b8d4-4454049553dd.fieldLayouts.528f0ca5-c4e1-4461-bb97-92f42b6c0b0d.tabs.0.elementCondition','null'),('globalSets.a8481ab0-d892-4c82-b8d4-4454049553dd.fieldLayouts.528f0ca5-c4e1-4461-bb97-92f42b6c0b0d.tabs.0.elements.0.elementCondition','null'),('globalSets.a8481ab0-d892-4c82-b8d4-4454049553dd.fieldLayouts.528f0ca5-c4e1-4461-bb97-92f42b6c0b0d.tabs.0.elements.0.fieldUid','\"0e0c71de-66aa-4d95-a0b1-8fb983deb359\"'),('globalSets.a8481ab0-d892-4c82-b8d4-4454049553dd.fieldLayouts.528f0ca5-c4e1-4461-bb97-92f42b6c0b0d.tabs.0.elements.0.instructions','null'),('globalSets.a8481ab0-d892-4c82-b8d4-4454049553dd.fieldLayouts.528f0ca5-c4e1-4461-bb97-92f42b6c0b0d.tabs.0.elements.0.label','null'),('globalSets.a8481ab0-d892-4c82-b8d4-4454049553dd.fieldLayouts.528f0ca5-c4e1-4461-bb97-92f42b6c0b0d.tabs.0.elements.0.required','false'),('globalSets.a8481ab0-d892-4c82-b8d4-4454049553dd.fieldLayouts.528f0ca5-c4e1-4461-bb97-92f42b6c0b0d.tabs.0.elements.0.tip','null'),('globalSets.a8481ab0-d892-4c82-b8d4-4454049553dd.fieldLayouts.528f0ca5-c4e1-4461-bb97-92f42b6c0b0d.tabs.0.elements.0.type','\"craft\\\\fieldlayoutelements\\\\CustomField\"'),('globalSets.a8481ab0-d892-4c82-b8d4-4454049553dd.fieldLayouts.528f0ca5-c4e1-4461-bb97-92f42b6c0b0d.tabs.0.elements.0.uid','\"543c5747-01e7-4665-b7cb-bfb1e3c1cfde\"'),('globalSets.a8481ab0-d892-4c82-b8d4-4454049553dd.fieldLayouts.528f0ca5-c4e1-4461-bb97-92f42b6c0b0d.tabs.0.elements.0.userCondition','null'),('globalSets.a8481ab0-d892-4c82-b8d4-4454049553dd.fieldLayouts.528f0ca5-c4e1-4461-bb97-92f42b6c0b0d.tabs.0.elements.0.warning','null'),('globalSets.a8481ab0-d892-4c82-b8d4-4454049553dd.fieldLayouts.528f0ca5-c4e1-4461-bb97-92f42b6c0b0d.tabs.0.elements.0.width','100'),('globalSets.a8481ab0-d892-4c82-b8d4-4454049553dd.fieldLayouts.528f0ca5-c4e1-4461-bb97-92f42b6c0b0d.tabs.0.name','\"Content\"'),('globalSets.a8481ab0-d892-4c82-b8d4-4454049553dd.fieldLayouts.528f0ca5-c4e1-4461-bb97-92f42b6c0b0d.tabs.0.uid','\"c5b72340-6f64-4c60-b1b6-4b02e9f64593\"'),('globalSets.a8481ab0-d892-4c82-b8d4-4454049553dd.fieldLayouts.528f0ca5-c4e1-4461-bb97-92f42b6c0b0d.tabs.0.userCondition','null'),('globalSets.a8481ab0-d892-4c82-b8d4-4454049553dd.handle','\"header\"'),('globalSets.a8481ab0-d892-4c82-b8d4-4454049553dd.name','\"Header\"'),('globalSets.a8481ab0-d892-4c82-b8d4-4454049553dd.sortOrder','2'),('matrixBlockTypes.7da82158-e7df-45aa-aab3-8fe93dc60227.field','\"0e0c71de-66aa-4d95-a0b1-8fb983deb359\"'),('matrixBlockTypes.7da82158-e7df-45aa-aab3-8fe93dc60227.fieldLayouts.a2e4474e-a318-4747-8707-fb234eb4f868.tabs.0.elementCondition','null'),('matrixBlockTypes.7da82158-e7df-45aa-aab3-8fe93dc60227.fieldLayouts.a2e4474e-a318-4747-8707-fb234eb4f868.tabs.0.elements.0.elementCondition','null'),('matrixBlockTypes.7da82158-e7df-45aa-aab3-8fe93dc60227.fieldLayouts.a2e4474e-a318-4747-8707-fb234eb4f868.tabs.0.elements.0.fieldUid','\"31695d03-c374-4f0b-9f87-e4759f29c916\"'),('matrixBlockTypes.7da82158-e7df-45aa-aab3-8fe93dc60227.fieldLayouts.a2e4474e-a318-4747-8707-fb234eb4f868.tabs.0.elements.0.instructions','null'),('matrixBlockTypes.7da82158-e7df-45aa-aab3-8fe93dc60227.fieldLayouts.a2e4474e-a318-4747-8707-fb234eb4f868.tabs.0.elements.0.label','null'),('matrixBlockTypes.7da82158-e7df-45aa-aab3-8fe93dc60227.fieldLayouts.a2e4474e-a318-4747-8707-fb234eb4f868.tabs.0.elements.0.required','true'),('matrixBlockTypes.7da82158-e7df-45aa-aab3-8fe93dc60227.fieldLayouts.a2e4474e-a318-4747-8707-fb234eb4f868.tabs.0.elements.0.tip','null'),('matrixBlockTypes.7da82158-e7df-45aa-aab3-8fe93dc60227.fieldLayouts.a2e4474e-a318-4747-8707-fb234eb4f868.tabs.0.elements.0.type','\"craft\\\\fieldlayoutelements\\\\CustomField\"'),('matrixBlockTypes.7da82158-e7df-45aa-aab3-8fe93dc60227.fieldLayouts.a2e4474e-a318-4747-8707-fb234eb4f868.tabs.0.elements.0.uid','\"2034478d-8b90-484f-a005-3a51e40daea0\"'),('matrixBlockTypes.7da82158-e7df-45aa-aab3-8fe93dc60227.fieldLayouts.a2e4474e-a318-4747-8707-fb234eb4f868.tabs.0.elements.0.userCondition','null'),('matrixBlockTypes.7da82158-e7df-45aa-aab3-8fe93dc60227.fieldLayouts.a2e4474e-a318-4747-8707-fb234eb4f868.tabs.0.elements.0.warning','null'),('matrixBlockTypes.7da82158-e7df-45aa-aab3-8fe93dc60227.fieldLayouts.a2e4474e-a318-4747-8707-fb234eb4f868.tabs.0.elements.0.width','100'),('matrixBlockTypes.7da82158-e7df-45aa-aab3-8fe93dc60227.fieldLayouts.a2e4474e-a318-4747-8707-fb234eb4f868.tabs.0.elements.1.elementCondition','null'),('matrixBlockTypes.7da82158-e7df-45aa-aab3-8fe93dc60227.fieldLayouts.a2e4474e-a318-4747-8707-fb234eb4f868.tabs.0.elements.1.fieldUid','\"22dd3771-0c49-430a-b1b3-e07cf957c266\"'),('matrixBlockTypes.7da82158-e7df-45aa-aab3-8fe93dc60227.fieldLayouts.a2e4474e-a318-4747-8707-fb234eb4f868.tabs.0.elements.1.instructions','null'),('matrixBlockTypes.7da82158-e7df-45aa-aab3-8fe93dc60227.fieldLayouts.a2e4474e-a318-4747-8707-fb234eb4f868.tabs.0.elements.1.label','null'),('matrixBlockTypes.7da82158-e7df-45aa-aab3-8fe93dc60227.fieldLayouts.a2e4474e-a318-4747-8707-fb234eb4f868.tabs.0.elements.1.required','true'),('matrixBlockTypes.7da82158-e7df-45aa-aab3-8fe93dc60227.fieldLayouts.a2e4474e-a318-4747-8707-fb234eb4f868.tabs.0.elements.1.tip','null'),('matrixBlockTypes.7da82158-e7df-45aa-aab3-8fe93dc60227.fieldLayouts.a2e4474e-a318-4747-8707-fb234eb4f868.tabs.0.elements.1.type','\"craft\\\\fieldlayoutelements\\\\CustomField\"'),('matrixBlockTypes.7da82158-e7df-45aa-aab3-8fe93dc60227.fieldLayouts.a2e4474e-a318-4747-8707-fb234eb4f868.tabs.0.elements.1.uid','\"ae7d9346-30e8-4d54-9d4a-a89d938d3972\"'),('matrixBlockTypes.7da82158-e7df-45aa-aab3-8fe93dc60227.fieldLayouts.a2e4474e-a318-4747-8707-fb234eb4f868.tabs.0.elements.1.userCondition','null'),('matrixBlockTypes.7da82158-e7df-45aa-aab3-8fe93dc60227.fieldLayouts.a2e4474e-a318-4747-8707-fb234eb4f868.tabs.0.elements.1.warning','null'),('matrixBlockTypes.7da82158-e7df-45aa-aab3-8fe93dc60227.fieldLayouts.a2e4474e-a318-4747-8707-fb234eb4f868.tabs.0.elements.1.width','100'),('matrixBlockTypes.7da82158-e7df-45aa-aab3-8fe93dc60227.fieldLayouts.a2e4474e-a318-4747-8707-fb234eb4f868.tabs.0.name','\"Content\"'),('matrixBlockTypes.7da82158-e7df-45aa-aab3-8fe93dc60227.fieldLayouts.a2e4474e-a318-4747-8707-fb234eb4f868.tabs.0.uid','\"8564b3fe-edc5-417e-aa7c-6dfc6ea7ea02\"'),('matrixBlockTypes.7da82158-e7df-45aa-aab3-8fe93dc60227.fieldLayouts.a2e4474e-a318-4747-8707-fb234eb4f868.tabs.0.userCondition','null'),('matrixBlockTypes.7da82158-e7df-45aa-aab3-8fe93dc60227.fields.22dd3771-0c49-430a-b1b3-e07cf957c266.columnSuffix','null'),('matrixBlockTypes.7da82158-e7df-45aa-aab3-8fe93dc60227.fields.22dd3771-0c49-430a-b1b3-e07cf957c266.contentColumnType','\"string\"'),('matrixBlockTypes.7da82158-e7df-45aa-aab3-8fe93dc60227.fields.22dd3771-0c49-430a-b1b3-e07cf957c266.fieldGroup','null'),('matrixBlockTypes.7da82158-e7df-45aa-aab3-8fe93dc60227.fields.22dd3771-0c49-430a-b1b3-e07cf957c266.handle','\"linkDescription\"'),('matrixBlockTypes.7da82158-e7df-45aa-aab3-8fe93dc60227.fields.22dd3771-0c49-430a-b1b3-e07cf957c266.instructions','null'),('matrixBlockTypes.7da82158-e7df-45aa-aab3-8fe93dc60227.fields.22dd3771-0c49-430a-b1b3-e07cf957c266.name','\"Link Description\"'),('matrixBlockTypes.7da82158-e7df-45aa-aab3-8fe93dc60227.fields.22dd3771-0c49-430a-b1b3-e07cf957c266.searchable','false'),('matrixBlockTypes.7da82158-e7df-45aa-aab3-8fe93dc60227.fields.22dd3771-0c49-430a-b1b3-e07cf957c266.settings.allowSelfRelations','false'),('matrixBlockTypes.7da82158-e7df-45aa-aab3-8fe93dc60227.fields.22dd3771-0c49-430a-b1b3-e07cf957c266.settings.branchLimit','null'),('matrixBlockTypes.7da82158-e7df-45aa-aab3-8fe93dc60227.fields.22dd3771-0c49-430a-b1b3-e07cf957c266.settings.localizeRelations','false'),('matrixBlockTypes.7da82158-e7df-45aa-aab3-8fe93dc60227.fields.22dd3771-0c49-430a-b1b3-e07cf957c266.settings.maintainHierarchy','false'),('matrixBlockTypes.7da82158-e7df-45aa-aab3-8fe93dc60227.fields.22dd3771-0c49-430a-b1b3-e07cf957c266.settings.maxRelations','null'),('matrixBlockTypes.7da82158-e7df-45aa-aab3-8fe93dc60227.fields.22dd3771-0c49-430a-b1b3-e07cf957c266.settings.minRelations','null'),('matrixBlockTypes.7da82158-e7df-45aa-aab3-8fe93dc60227.fields.22dd3771-0c49-430a-b1b3-e07cf957c266.settings.selectionCondition.__assoc__.0.0','\"elementType\"'),('matrixBlockTypes.7da82158-e7df-45aa-aab3-8fe93dc60227.fields.22dd3771-0c49-430a-b1b3-e07cf957c266.settings.selectionCondition.__assoc__.0.1','\"craft\\\\elements\\\\Entry\"'),('matrixBlockTypes.7da82158-e7df-45aa-aab3-8fe93dc60227.fields.22dd3771-0c49-430a-b1b3-e07cf957c266.settings.selectionCondition.__assoc__.1.0','\"fieldContext\"'),('matrixBlockTypes.7da82158-e7df-45aa-aab3-8fe93dc60227.fields.22dd3771-0c49-430a-b1b3-e07cf957c266.settings.selectionCondition.__assoc__.1.1','\"global\"'),('matrixBlockTypes.7da82158-e7df-45aa-aab3-8fe93dc60227.fields.22dd3771-0c49-430a-b1b3-e07cf957c266.settings.selectionCondition.__assoc__.2.0','\"class\"'),('matrixBlockTypes.7da82158-e7df-45aa-aab3-8fe93dc60227.fields.22dd3771-0c49-430a-b1b3-e07cf957c266.settings.selectionCondition.__assoc__.2.1','\"craft\\\\elements\\\\conditions\\\\entries\\\\EntryCondition\"'),('matrixBlockTypes.7da82158-e7df-45aa-aab3-8fe93dc60227.fields.22dd3771-0c49-430a-b1b3-e07cf957c266.settings.selectionLabel','\"Select an entry\"'),('matrixBlockTypes.7da82158-e7df-45aa-aab3-8fe93dc60227.fields.22dd3771-0c49-430a-b1b3-e07cf957c266.settings.showSiteMenu','true'),('matrixBlockTypes.7da82158-e7df-45aa-aab3-8fe93dc60227.fields.22dd3771-0c49-430a-b1b3-e07cf957c266.settings.sources','\"*\"'),('matrixBlockTypes.7da82158-e7df-45aa-aab3-8fe93dc60227.fields.22dd3771-0c49-430a-b1b3-e07cf957c266.settings.targetSiteId','null'),('matrixBlockTypes.7da82158-e7df-45aa-aab3-8fe93dc60227.fields.22dd3771-0c49-430a-b1b3-e07cf957c266.settings.validateRelatedElements','false'),('matrixBlockTypes.7da82158-e7df-45aa-aab3-8fe93dc60227.fields.22dd3771-0c49-430a-b1b3-e07cf957c266.settings.viewMode','null'),('matrixBlockTypes.7da82158-e7df-45aa-aab3-8fe93dc60227.fields.22dd3771-0c49-430a-b1b3-e07cf957c266.translationKeyFormat','null'),('matrixBlockTypes.7da82158-e7df-45aa-aab3-8fe93dc60227.fields.22dd3771-0c49-430a-b1b3-e07cf957c266.translationMethod','\"site\"'),('matrixBlockTypes.7da82158-e7df-45aa-aab3-8fe93dc60227.fields.22dd3771-0c49-430a-b1b3-e07cf957c266.type','\"craft\\\\fields\\\\Entries\"'),('matrixBlockTypes.7da82158-e7df-45aa-aab3-8fe93dc60227.fields.31695d03-c374-4f0b-9f87-e4759f29c916.columnSuffix','\"jgjvjnad\"'),('matrixBlockTypes.7da82158-e7df-45aa-aab3-8fe93dc60227.fields.31695d03-c374-4f0b-9f87-e4759f29c916.contentColumnType','\"text\"'),('matrixBlockTypes.7da82158-e7df-45aa-aab3-8fe93dc60227.fields.31695d03-c374-4f0b-9f87-e4759f29c916.fieldGroup','null'),('matrixBlockTypes.7da82158-e7df-45aa-aab3-8fe93dc60227.fields.31695d03-c374-4f0b-9f87-e4759f29c916.handle','\"linkText\"'),('matrixBlockTypes.7da82158-e7df-45aa-aab3-8fe93dc60227.fields.31695d03-c374-4f0b-9f87-e4759f29c916.instructions','null'),('matrixBlockTypes.7da82158-e7df-45aa-aab3-8fe93dc60227.fields.31695d03-c374-4f0b-9f87-e4759f29c916.name','\"Link Text\"'),('matrixBlockTypes.7da82158-e7df-45aa-aab3-8fe93dc60227.fields.31695d03-c374-4f0b-9f87-e4759f29c916.searchable','false'),('matrixBlockTypes.7da82158-e7df-45aa-aab3-8fe93dc60227.fields.31695d03-c374-4f0b-9f87-e4759f29c916.settings.byteLimit','null'),('matrixBlockTypes.7da82158-e7df-45aa-aab3-8fe93dc60227.fields.31695d03-c374-4f0b-9f87-e4759f29c916.settings.charLimit','null'),('matrixBlockTypes.7da82158-e7df-45aa-aab3-8fe93dc60227.fields.31695d03-c374-4f0b-9f87-e4759f29c916.settings.code','false'),('matrixBlockTypes.7da82158-e7df-45aa-aab3-8fe93dc60227.fields.31695d03-c374-4f0b-9f87-e4759f29c916.settings.columnType','null'),('matrixBlockTypes.7da82158-e7df-45aa-aab3-8fe93dc60227.fields.31695d03-c374-4f0b-9f87-e4759f29c916.settings.initialRows','4'),('matrixBlockTypes.7da82158-e7df-45aa-aab3-8fe93dc60227.fields.31695d03-c374-4f0b-9f87-e4759f29c916.settings.multiline','false'),('matrixBlockTypes.7da82158-e7df-45aa-aab3-8fe93dc60227.fields.31695d03-c374-4f0b-9f87-e4759f29c916.settings.placeholder','null'),('matrixBlockTypes.7da82158-e7df-45aa-aab3-8fe93dc60227.fields.31695d03-c374-4f0b-9f87-e4759f29c916.settings.uiMode','\"normal\"'),('matrixBlockTypes.7da82158-e7df-45aa-aab3-8fe93dc60227.fields.31695d03-c374-4f0b-9f87-e4759f29c916.translationKeyFormat','null'),('matrixBlockTypes.7da82158-e7df-45aa-aab3-8fe93dc60227.fields.31695d03-c374-4f0b-9f87-e4759f29c916.translationMethod','\"none\"'),('matrixBlockTypes.7da82158-e7df-45aa-aab3-8fe93dc60227.fields.31695d03-c374-4f0b-9f87-e4759f29c916.type','\"craft\\\\fields\\\\PlainText\"'),('matrixBlockTypes.7da82158-e7df-45aa-aab3-8fe93dc60227.handle','\"link\"'),('matrixBlockTypes.7da82158-e7df-45aa-aab3-8fe93dc60227.name','\"Link\"'),('matrixBlockTypes.7da82158-e7df-45aa-aab3-8fe93dc60227.sortOrder','1'),('matrixBlockTypes.93346635-bc62-4b56-9331-38c29a93a7a7.field','\"02d4fede-34e7-489f-a068-098fff61d3f4\"'),('matrixBlockTypes.93346635-bc62-4b56-9331-38c29a93a7a7.fieldLayouts.f4721e49-e40e-49bc-b8e1-6ff21cc90044.tabs.0.elementCondition','null'),('matrixBlockTypes.93346635-bc62-4b56-9331-38c29a93a7a7.fieldLayouts.f4721e49-e40e-49bc-b8e1-6ff21cc90044.tabs.0.elements.0.elementCondition','null'),('matrixBlockTypes.93346635-bc62-4b56-9331-38c29a93a7a7.fieldLayouts.f4721e49-e40e-49bc-b8e1-6ff21cc90044.tabs.0.elements.0.fieldUid','\"0bc68818-feb9-4a74-847c-bbd10558ec6b\"'),('matrixBlockTypes.93346635-bc62-4b56-9331-38c29a93a7a7.fieldLayouts.f4721e49-e40e-49bc-b8e1-6ff21cc90044.tabs.0.elements.0.instructions','null'),('matrixBlockTypes.93346635-bc62-4b56-9331-38c29a93a7a7.fieldLayouts.f4721e49-e40e-49bc-b8e1-6ff21cc90044.tabs.0.elements.0.label','null'),('matrixBlockTypes.93346635-bc62-4b56-9331-38c29a93a7a7.fieldLayouts.f4721e49-e40e-49bc-b8e1-6ff21cc90044.tabs.0.elements.0.required','false'),('matrixBlockTypes.93346635-bc62-4b56-9331-38c29a93a7a7.fieldLayouts.f4721e49-e40e-49bc-b8e1-6ff21cc90044.tabs.0.elements.0.tip','null'),('matrixBlockTypes.93346635-bc62-4b56-9331-38c29a93a7a7.fieldLayouts.f4721e49-e40e-49bc-b8e1-6ff21cc90044.tabs.0.elements.0.type','\"craft\\\\fieldlayoutelements\\\\CustomField\"'),('matrixBlockTypes.93346635-bc62-4b56-9331-38c29a93a7a7.fieldLayouts.f4721e49-e40e-49bc-b8e1-6ff21cc90044.tabs.0.elements.0.uid','\"d28742b9-ce76-42c5-929a-ed3a85e08589\"'),('matrixBlockTypes.93346635-bc62-4b56-9331-38c29a93a7a7.fieldLayouts.f4721e49-e40e-49bc-b8e1-6ff21cc90044.tabs.0.elements.0.userCondition','null'),('matrixBlockTypes.93346635-bc62-4b56-9331-38c29a93a7a7.fieldLayouts.f4721e49-e40e-49bc-b8e1-6ff21cc90044.tabs.0.elements.0.warning','null'),('matrixBlockTypes.93346635-bc62-4b56-9331-38c29a93a7a7.fieldLayouts.f4721e49-e40e-49bc-b8e1-6ff21cc90044.tabs.0.elements.0.width','100'),('matrixBlockTypes.93346635-bc62-4b56-9331-38c29a93a7a7.fieldLayouts.f4721e49-e40e-49bc-b8e1-6ff21cc90044.tabs.0.elements.1.elementCondition','null'),('matrixBlockTypes.93346635-bc62-4b56-9331-38c29a93a7a7.fieldLayouts.f4721e49-e40e-49bc-b8e1-6ff21cc90044.tabs.0.elements.1.fieldUid','\"e2227714-9d82-435d-9254-7f0e6074a9fb\"'),('matrixBlockTypes.93346635-bc62-4b56-9331-38c29a93a7a7.fieldLayouts.f4721e49-e40e-49bc-b8e1-6ff21cc90044.tabs.0.elements.1.instructions','null'),('matrixBlockTypes.93346635-bc62-4b56-9331-38c29a93a7a7.fieldLayouts.f4721e49-e40e-49bc-b8e1-6ff21cc90044.tabs.0.elements.1.label','null'),('matrixBlockTypes.93346635-bc62-4b56-9331-38c29a93a7a7.fieldLayouts.f4721e49-e40e-49bc-b8e1-6ff21cc90044.tabs.0.elements.1.required','false'),('matrixBlockTypes.93346635-bc62-4b56-9331-38c29a93a7a7.fieldLayouts.f4721e49-e40e-49bc-b8e1-6ff21cc90044.tabs.0.elements.1.tip','null'),('matrixBlockTypes.93346635-bc62-4b56-9331-38c29a93a7a7.fieldLayouts.f4721e49-e40e-49bc-b8e1-6ff21cc90044.tabs.0.elements.1.type','\"craft\\\\fieldlayoutelements\\\\CustomField\"'),('matrixBlockTypes.93346635-bc62-4b56-9331-38c29a93a7a7.fieldLayouts.f4721e49-e40e-49bc-b8e1-6ff21cc90044.tabs.0.elements.1.uid','\"0cc5c33e-882e-46ff-8852-365e1cb3d14a\"'),('matrixBlockTypes.93346635-bc62-4b56-9331-38c29a93a7a7.fieldLayouts.f4721e49-e40e-49bc-b8e1-6ff21cc90044.tabs.0.elements.1.userCondition','null'),('matrixBlockTypes.93346635-bc62-4b56-9331-38c29a93a7a7.fieldLayouts.f4721e49-e40e-49bc-b8e1-6ff21cc90044.tabs.0.elements.1.warning','null'),('matrixBlockTypes.93346635-bc62-4b56-9331-38c29a93a7a7.fieldLayouts.f4721e49-e40e-49bc-b8e1-6ff21cc90044.tabs.0.elements.1.width','100'),('matrixBlockTypes.93346635-bc62-4b56-9331-38c29a93a7a7.fieldLayouts.f4721e49-e40e-49bc-b8e1-6ff21cc90044.tabs.0.elements.2.elementCondition','null'),('matrixBlockTypes.93346635-bc62-4b56-9331-38c29a93a7a7.fieldLayouts.f4721e49-e40e-49bc-b8e1-6ff21cc90044.tabs.0.elements.2.fieldUid','\"0e70c34e-df5f-4073-8daa-9341bf93dc4b\"'),('matrixBlockTypes.93346635-bc62-4b56-9331-38c29a93a7a7.fieldLayouts.f4721e49-e40e-49bc-b8e1-6ff21cc90044.tabs.0.elements.2.instructions','null'),('matrixBlockTypes.93346635-bc62-4b56-9331-38c29a93a7a7.fieldLayouts.f4721e49-e40e-49bc-b8e1-6ff21cc90044.tabs.0.elements.2.label','null'),('matrixBlockTypes.93346635-bc62-4b56-9331-38c29a93a7a7.fieldLayouts.f4721e49-e40e-49bc-b8e1-6ff21cc90044.tabs.0.elements.2.required','false'),('matrixBlockTypes.93346635-bc62-4b56-9331-38c29a93a7a7.fieldLayouts.f4721e49-e40e-49bc-b8e1-6ff21cc90044.tabs.0.elements.2.tip','null'),('matrixBlockTypes.93346635-bc62-4b56-9331-38c29a93a7a7.fieldLayouts.f4721e49-e40e-49bc-b8e1-6ff21cc90044.tabs.0.elements.2.type','\"craft\\\\fieldlayoutelements\\\\CustomField\"'),('matrixBlockTypes.93346635-bc62-4b56-9331-38c29a93a7a7.fieldLayouts.f4721e49-e40e-49bc-b8e1-6ff21cc90044.tabs.0.elements.2.uid','\"611a42b1-580b-4cb2-8547-6b7b8a583b8e\"'),('matrixBlockTypes.93346635-bc62-4b56-9331-38c29a93a7a7.fieldLayouts.f4721e49-e40e-49bc-b8e1-6ff21cc90044.tabs.0.elements.2.userCondition','null'),('matrixBlockTypes.93346635-bc62-4b56-9331-38c29a93a7a7.fieldLayouts.f4721e49-e40e-49bc-b8e1-6ff21cc90044.tabs.0.elements.2.warning','null'),('matrixBlockTypes.93346635-bc62-4b56-9331-38c29a93a7a7.fieldLayouts.f4721e49-e40e-49bc-b8e1-6ff21cc90044.tabs.0.elements.2.width','100'),('matrixBlockTypes.93346635-bc62-4b56-9331-38c29a93a7a7.fieldLayouts.f4721e49-e40e-49bc-b8e1-6ff21cc90044.tabs.0.name','\"Content\"'),('matrixBlockTypes.93346635-bc62-4b56-9331-38c29a93a7a7.fieldLayouts.f4721e49-e40e-49bc-b8e1-6ff21cc90044.tabs.0.uid','\"422ecee8-9bab-4571-b577-c7681f4e518d\"'),('matrixBlockTypes.93346635-bc62-4b56-9331-38c29a93a7a7.fieldLayouts.f4721e49-e40e-49bc-b8e1-6ff21cc90044.tabs.0.userCondition','null'),('matrixBlockTypes.93346635-bc62-4b56-9331-38c29a93a7a7.fields.0bc68818-feb9-4a74-847c-bbd10558ec6b.columnSuffix','null'),('matrixBlockTypes.93346635-bc62-4b56-9331-38c29a93a7a7.fields.0bc68818-feb9-4a74-847c-bbd10558ec6b.contentColumnType','\"string\"'),('matrixBlockTypes.93346635-bc62-4b56-9331-38c29a93a7a7.fields.0bc68818-feb9-4a74-847c-bbd10558ec6b.fieldGroup','null'),('matrixBlockTypes.93346635-bc62-4b56-9331-38c29a93a7a7.fields.0bc68818-feb9-4a74-847c-bbd10558ec6b.handle','\"photo\"'),('matrixBlockTypes.93346635-bc62-4b56-9331-38c29a93a7a7.fields.0bc68818-feb9-4a74-847c-bbd10558ec6b.instructions','null'),('matrixBlockTypes.93346635-bc62-4b56-9331-38c29a93a7a7.fields.0bc68818-feb9-4a74-847c-bbd10558ec6b.name','\"Photo\"'),('matrixBlockTypes.93346635-bc62-4b56-9331-38c29a93a7a7.fields.0bc68818-feb9-4a74-847c-bbd10558ec6b.searchable','false'),('matrixBlockTypes.93346635-bc62-4b56-9331-38c29a93a7a7.fields.0bc68818-feb9-4a74-847c-bbd10558ec6b.settings.allowedKinds.0','\"image\"'),('matrixBlockTypes.93346635-bc62-4b56-9331-38c29a93a7a7.fields.0bc68818-feb9-4a74-847c-bbd10558ec6b.settings.allowSelfRelations','false'),('matrixBlockTypes.93346635-bc62-4b56-9331-38c29a93a7a7.fields.0bc68818-feb9-4a74-847c-bbd10558ec6b.settings.allowSubfolders','false'),('matrixBlockTypes.93346635-bc62-4b56-9331-38c29a93a7a7.fields.0bc68818-feb9-4a74-847c-bbd10558ec6b.settings.allowUploads','true'),('matrixBlockTypes.93346635-bc62-4b56-9331-38c29a93a7a7.fields.0bc68818-feb9-4a74-847c-bbd10558ec6b.settings.branchLimit','null'),('matrixBlockTypes.93346635-bc62-4b56-9331-38c29a93a7a7.fields.0bc68818-feb9-4a74-847c-bbd10558ec6b.settings.defaultUploadLocationSource','\"volume:57f8ecd8-41c8-4f45-847d-034641181daf\"'),('matrixBlockTypes.93346635-bc62-4b56-9331-38c29a93a7a7.fields.0bc68818-feb9-4a74-847c-bbd10558ec6b.settings.defaultUploadLocationSubpath','null'),('matrixBlockTypes.93346635-bc62-4b56-9331-38c29a93a7a7.fields.0bc68818-feb9-4a74-847c-bbd10558ec6b.settings.localizeRelations','false'),('matrixBlockTypes.93346635-bc62-4b56-9331-38c29a93a7a7.fields.0bc68818-feb9-4a74-847c-bbd10558ec6b.settings.maintainHierarchy','false'),('matrixBlockTypes.93346635-bc62-4b56-9331-38c29a93a7a7.fields.0bc68818-feb9-4a74-847c-bbd10558ec6b.settings.maxRelations','1'),('matrixBlockTypes.93346635-bc62-4b56-9331-38c29a93a7a7.fields.0bc68818-feb9-4a74-847c-bbd10558ec6b.settings.minRelations','null'),('matrixBlockTypes.93346635-bc62-4b56-9331-38c29a93a7a7.fields.0bc68818-feb9-4a74-847c-bbd10558ec6b.settings.previewMode','\"full\"'),('matrixBlockTypes.93346635-bc62-4b56-9331-38c29a93a7a7.fields.0bc68818-feb9-4a74-847c-bbd10558ec6b.settings.restrictedDefaultUploadSubpath','null'),('matrixBlockTypes.93346635-bc62-4b56-9331-38c29a93a7a7.fields.0bc68818-feb9-4a74-847c-bbd10558ec6b.settings.restrictedLocationSource','\"volume:57f8ecd8-41c8-4f45-847d-034641181daf\"'),('matrixBlockTypes.93346635-bc62-4b56-9331-38c29a93a7a7.fields.0bc68818-feb9-4a74-847c-bbd10558ec6b.settings.restrictedLocationSubpath','null'),('matrixBlockTypes.93346635-bc62-4b56-9331-38c29a93a7a7.fields.0bc68818-feb9-4a74-847c-bbd10558ec6b.settings.restrictFiles','true'),('matrixBlockTypes.93346635-bc62-4b56-9331-38c29a93a7a7.fields.0bc68818-feb9-4a74-847c-bbd10558ec6b.settings.restrictLocation','false'),('matrixBlockTypes.93346635-bc62-4b56-9331-38c29a93a7a7.fields.0bc68818-feb9-4a74-847c-bbd10558ec6b.settings.selectionCondition.__assoc__.0.0','\"elementType\"'),('matrixBlockTypes.93346635-bc62-4b56-9331-38c29a93a7a7.fields.0bc68818-feb9-4a74-847c-bbd10558ec6b.settings.selectionCondition.__assoc__.0.1','\"craft\\\\elements\\\\Asset\"'),('matrixBlockTypes.93346635-bc62-4b56-9331-38c29a93a7a7.fields.0bc68818-feb9-4a74-847c-bbd10558ec6b.settings.selectionCondition.__assoc__.1.0','\"fieldContext\"'),('matrixBlockTypes.93346635-bc62-4b56-9331-38c29a93a7a7.fields.0bc68818-feb9-4a74-847c-bbd10558ec6b.settings.selectionCondition.__assoc__.1.1','\"global\"'),('matrixBlockTypes.93346635-bc62-4b56-9331-38c29a93a7a7.fields.0bc68818-feb9-4a74-847c-bbd10558ec6b.settings.selectionCondition.__assoc__.2.0','\"class\"'),('matrixBlockTypes.93346635-bc62-4b56-9331-38c29a93a7a7.fields.0bc68818-feb9-4a74-847c-bbd10558ec6b.settings.selectionCondition.__assoc__.2.1','\"craft\\\\elements\\\\conditions\\\\assets\\\\AssetCondition\"'),('matrixBlockTypes.93346635-bc62-4b56-9331-38c29a93a7a7.fields.0bc68818-feb9-4a74-847c-bbd10558ec6b.settings.selectionLabel','\"Add a photo\"'),('matrixBlockTypes.93346635-bc62-4b56-9331-38c29a93a7a7.fields.0bc68818-feb9-4a74-847c-bbd10558ec6b.settings.showSiteMenu','true'),('matrixBlockTypes.93346635-bc62-4b56-9331-38c29a93a7a7.fields.0bc68818-feb9-4a74-847c-bbd10558ec6b.settings.showUnpermittedFiles','false'),('matrixBlockTypes.93346635-bc62-4b56-9331-38c29a93a7a7.fields.0bc68818-feb9-4a74-847c-bbd10558ec6b.settings.showUnpermittedVolumes','false'),('matrixBlockTypes.93346635-bc62-4b56-9331-38c29a93a7a7.fields.0bc68818-feb9-4a74-847c-bbd10558ec6b.settings.sources.0','\"volume:57f8ecd8-41c8-4f45-847d-034641181daf\"'),('matrixBlockTypes.93346635-bc62-4b56-9331-38c29a93a7a7.fields.0bc68818-feb9-4a74-847c-bbd10558ec6b.settings.targetSiteId','null'),('matrixBlockTypes.93346635-bc62-4b56-9331-38c29a93a7a7.fields.0bc68818-feb9-4a74-847c-bbd10558ec6b.settings.validateRelatedElements','false'),('matrixBlockTypes.93346635-bc62-4b56-9331-38c29a93a7a7.fields.0bc68818-feb9-4a74-847c-bbd10558ec6b.settings.viewMode','\"large\"'),('matrixBlockTypes.93346635-bc62-4b56-9331-38c29a93a7a7.fields.0bc68818-feb9-4a74-847c-bbd10558ec6b.translationKeyFormat','null'),('matrixBlockTypes.93346635-bc62-4b56-9331-38c29a93a7a7.fields.0bc68818-feb9-4a74-847c-bbd10558ec6b.translationMethod','\"site\"'),('matrixBlockTypes.93346635-bc62-4b56-9331-38c29a93a7a7.fields.0bc68818-feb9-4a74-847c-bbd10558ec6b.type','\"craft\\\\fields\\\\Assets\"'),('matrixBlockTypes.93346635-bc62-4b56-9331-38c29a93a7a7.fields.0e70c34e-df5f-4073-8daa-9341bf93dc4b.columnSuffix','\"mcwztqav\"'),('matrixBlockTypes.93346635-bc62-4b56-9331-38c29a93a7a7.fields.0e70c34e-df5f-4073-8daa-9341bf93dc4b.contentColumnType','\"text\"'),('matrixBlockTypes.93346635-bc62-4b56-9331-38c29a93a7a7.fields.0e70c34e-df5f-4073-8daa-9341bf93dc4b.fieldGroup','null'),('matrixBlockTypes.93346635-bc62-4b56-9331-38c29a93a7a7.fields.0e70c34e-df5f-4073-8daa-9341bf93dc4b.handle','\"description\"'),('matrixBlockTypes.93346635-bc62-4b56-9331-38c29a93a7a7.fields.0e70c34e-df5f-4073-8daa-9341bf93dc4b.instructions','null'),('matrixBlockTypes.93346635-bc62-4b56-9331-38c29a93a7a7.fields.0e70c34e-df5f-4073-8daa-9341bf93dc4b.name','\"Description\"'),('matrixBlockTypes.93346635-bc62-4b56-9331-38c29a93a7a7.fields.0e70c34e-df5f-4073-8daa-9341bf93dc4b.searchable','false'),('matrixBlockTypes.93346635-bc62-4b56-9331-38c29a93a7a7.fields.0e70c34e-df5f-4073-8daa-9341bf93dc4b.settings.byteLimit','null'),('matrixBlockTypes.93346635-bc62-4b56-9331-38c29a93a7a7.fields.0e70c34e-df5f-4073-8daa-9341bf93dc4b.settings.charLimit','null'),('matrixBlockTypes.93346635-bc62-4b56-9331-38c29a93a7a7.fields.0e70c34e-df5f-4073-8daa-9341bf93dc4b.settings.code','false'),('matrixBlockTypes.93346635-bc62-4b56-9331-38c29a93a7a7.fields.0e70c34e-df5f-4073-8daa-9341bf93dc4b.settings.columnType','null'),('matrixBlockTypes.93346635-bc62-4b56-9331-38c29a93a7a7.fields.0e70c34e-df5f-4073-8daa-9341bf93dc4b.settings.initialRows','4'),('matrixBlockTypes.93346635-bc62-4b56-9331-38c29a93a7a7.fields.0e70c34e-df5f-4073-8daa-9341bf93dc4b.settings.multiline','true'),('matrixBlockTypes.93346635-bc62-4b56-9331-38c29a93a7a7.fields.0e70c34e-df5f-4073-8daa-9341bf93dc4b.settings.placeholder','null'),('matrixBlockTypes.93346635-bc62-4b56-9331-38c29a93a7a7.fields.0e70c34e-df5f-4073-8daa-9341bf93dc4b.settings.uiMode','\"normal\"'),('matrixBlockTypes.93346635-bc62-4b56-9331-38c29a93a7a7.fields.0e70c34e-df5f-4073-8daa-9341bf93dc4b.translationKeyFormat','null'),('matrixBlockTypes.93346635-bc62-4b56-9331-38c29a93a7a7.fields.0e70c34e-df5f-4073-8daa-9341bf93dc4b.translationMethod','\"none\"'),('matrixBlockTypes.93346635-bc62-4b56-9331-38c29a93a7a7.fields.0e70c34e-df5f-4073-8daa-9341bf93dc4b.type','\"craft\\\\fields\\\\PlainText\"'),('matrixBlockTypes.93346635-bc62-4b56-9331-38c29a93a7a7.fields.e2227714-9d82-435d-9254-7f0e6074a9fb.columnSuffix','\"gnpxxebm\"'),('matrixBlockTypes.93346635-bc62-4b56-9331-38c29a93a7a7.fields.e2227714-9d82-435d-9254-7f0e6074a9fb.contentColumnType','\"text\"'),('matrixBlockTypes.93346635-bc62-4b56-9331-38c29a93a7a7.fields.e2227714-9d82-435d-9254-7f0e6074a9fb.fieldGroup','null'),('matrixBlockTypes.93346635-bc62-4b56-9331-38c29a93a7a7.fields.e2227714-9d82-435d-9254-7f0e6074a9fb.handle','\"fullName\"'),('matrixBlockTypes.93346635-bc62-4b56-9331-38c29a93a7a7.fields.e2227714-9d82-435d-9254-7f0e6074a9fb.instructions','null'),('matrixBlockTypes.93346635-bc62-4b56-9331-38c29a93a7a7.fields.e2227714-9d82-435d-9254-7f0e6074a9fb.name','\"Full Name\"'),('matrixBlockTypes.93346635-bc62-4b56-9331-38c29a93a7a7.fields.e2227714-9d82-435d-9254-7f0e6074a9fb.searchable','false'),('matrixBlockTypes.93346635-bc62-4b56-9331-38c29a93a7a7.fields.e2227714-9d82-435d-9254-7f0e6074a9fb.settings.byteLimit','null'),('matrixBlockTypes.93346635-bc62-4b56-9331-38c29a93a7a7.fields.e2227714-9d82-435d-9254-7f0e6074a9fb.settings.charLimit','null'),('matrixBlockTypes.93346635-bc62-4b56-9331-38c29a93a7a7.fields.e2227714-9d82-435d-9254-7f0e6074a9fb.settings.code','false'),('matrixBlockTypes.93346635-bc62-4b56-9331-38c29a93a7a7.fields.e2227714-9d82-435d-9254-7f0e6074a9fb.settings.columnType','null'),('matrixBlockTypes.93346635-bc62-4b56-9331-38c29a93a7a7.fields.e2227714-9d82-435d-9254-7f0e6074a9fb.settings.initialRows','1'),('matrixBlockTypes.93346635-bc62-4b56-9331-38c29a93a7a7.fields.e2227714-9d82-435d-9254-7f0e6074a9fb.settings.multiline','false'),('matrixBlockTypes.93346635-bc62-4b56-9331-38c29a93a7a7.fields.e2227714-9d82-435d-9254-7f0e6074a9fb.settings.placeholder','null'),('matrixBlockTypes.93346635-bc62-4b56-9331-38c29a93a7a7.fields.e2227714-9d82-435d-9254-7f0e6074a9fb.settings.uiMode','\"normal\"'),('matrixBlockTypes.93346635-bc62-4b56-9331-38c29a93a7a7.fields.e2227714-9d82-435d-9254-7f0e6074a9fb.translationKeyFormat','null'),('matrixBlockTypes.93346635-bc62-4b56-9331-38c29a93a7a7.fields.e2227714-9d82-435d-9254-7f0e6074a9fb.translationMethod','\"none\"'),('matrixBlockTypes.93346635-bc62-4b56-9331-38c29a93a7a7.fields.e2227714-9d82-435d-9254-7f0e6074a9fb.type','\"craft\\\\fields\\\\PlainText\"'),('matrixBlockTypes.93346635-bc62-4b56-9331-38c29a93a7a7.handle','\"host\"'),('matrixBlockTypes.93346635-bc62-4b56-9331-38c29a93a7a7.name','\"Host\"'),('matrixBlockTypes.93346635-bc62-4b56-9331-38c29a93a7a7.sortOrder','1'),('meta.__names__.02d4fede-34e7-489f-a068-098fff61d3f4','\"Hosts\"'),('meta.__names__.0bc68818-feb9-4a74-847c-bbd10558ec6b','\"Photo\"'),('meta.__names__.0e0c71de-66aa-4d95-a0b1-8fb983deb359','\"Nav Links\"'),('meta.__names__.0e10cfc2-d5c2-4900-bbdb-75f39e2608b8','\"Les Ribaudieres\"'),('meta.__names__.0e70c34e-df5f-4073-8daa-9341bf93dc4b','\"Description\"'),('meta.__names__.167d0a47-343f-44ab-ad52-c7f203db8566','\"Short Description\"'),('meta.__names__.22dd3771-0c49-430a-b1b3-e07cf957c266','\"Link Description\"'),('meta.__names__.2af77a0e-c311-453f-804c-3bfe50334e43','\"Default\"'),('meta.__names__.2bc428e8-7344-4bb3-bdd0-60e34d2e6110','\"Common\"'),('meta.__names__.31695d03-c374-4f0b-9f87-e4759f29c916','\"Link Text\"'),('meta.__names__.324c937c-d901-4d2f-8ff3-8018da277bf2','\"Rich Text\"'),('meta.__names__.4be743ac-7093-4d42-9614-856eaf7f590c','\"About\"'),('meta.__names__.57f8ecd8-41c8-4f45-847d-034641181daf','\"Uploads\"'),('meta.__names__.63f18369-4d51-4417-9fa2-11e0b810b8c7','\"Hero Title\"'),('meta.__names__.645f60bf-53cd-40e5-ad2e-ab297a286885','\"Footer\"'),('meta.__names__.6f21c0d5-64da-4039-b930-1e4257ef92c7','\"Gites Listing\"'),('meta.__names__.71c70725-e612-4a3b-87f5-50b7981e541e','\"Gites Listing\"'),('meta.__names__.7d7efc4d-b657-47dc-bb2f-49ec951b8cf0','\"Home\"'),('meta.__names__.7da82158-e7df-45aa-aab3-8fe93dc60227','\"Link\"'),('meta.__names__.7dad4d3a-8dd9-482a-acd2-59093cf10f5a','\"Hosts Intro Content\"'),('meta.__names__.8edb13a2-4a4c-417c-ba9a-7ffbcc94195c','\"Hero Image\"'),('meta.__names__.9174bbc0-ef2f-4c1f-9502-4c2a81d5b195','\"Featured Gites\"'),('meta.__names__.93346635-bc62-4b56-9331-38c29a93a7a7','\"Host\"'),('meta.__names__.a5a5c10a-f88b-4bca-80e4-679840f3f4f0','\"Stories\"'),('meta.__names__.a8481ab0-d892-4c82-b8d4-4454049553dd','\"Header\"'),('meta.__names__.b206cbb9-bb04-4392-8e2c-fee9d6957888','\"About\"'),('meta.__names__.b8685538-b0d5-4bc2-aa61-a3aa1366f5b6','\"Home Page\"'),('meta.__names__.bb9472f9-df47-42c5-9780-a6c1c9eadfe5','\"Default\"'),('meta.__names__.c083ea54-186e-450f-b8df-71ef7151bfc8','\"Home\"'),('meta.__names__.cf75817a-23a3-4bc1-adc2-0bf788fe83b0','\"Photos\"'),('meta.__names__.d05cf254-a524-4b2a-b115-e07ee82ae3d2','\"Les Ribaudieres\"'),('meta.__names__.dac413e9-280c-4d5a-b8c9-6b002a7911d0','\"Featured Stories\"'),('meta.__names__.de21a329-31b8-4c1b-99ea-f22ef7fef176','\"Gites\"'),('meta.__names__.e2227714-9d82-435d-9254-7f0e6074a9fb','\"Full Name\"'),('plugins.redactor.edition','\"standard\"'),('plugins.redactor.enabled','true'),('plugins.redactor.schemaVersion','\"2.3.0\"'),('sections.4be743ac-7093-4d42-9614-856eaf7f590c.defaultPlacement','\"end\"'),('sections.4be743ac-7093-4d42-9614-856eaf7f590c.enableVersioning','true'),('sections.4be743ac-7093-4d42-9614-856eaf7f590c.handle','\"aboutUs\"'),('sections.4be743ac-7093-4d42-9614-856eaf7f590c.name','\"About\"'),('sections.4be743ac-7093-4d42-9614-856eaf7f590c.propagationMethod','\"all\"'),('sections.4be743ac-7093-4d42-9614-856eaf7f590c.siteSettings.0e10cfc2-d5c2-4900-bbdb-75f39e2608b8.enabledByDefault','true'),('sections.4be743ac-7093-4d42-9614-856eaf7f590c.siteSettings.0e10cfc2-d5c2-4900-bbdb-75f39e2608b8.hasUrls','true'),('sections.4be743ac-7093-4d42-9614-856eaf7f590c.siteSettings.0e10cfc2-d5c2-4900-bbdb-75f39e2608b8.template','\"stories/index.twig\"'),('sections.4be743ac-7093-4d42-9614-856eaf7f590c.siteSettings.0e10cfc2-d5c2-4900-bbdb-75f39e2608b8.uriFormat','\"stories\"'),('sections.4be743ac-7093-4d42-9614-856eaf7f590c.type','\"single\"'),('sections.6f21c0d5-64da-4039-b930-1e4257ef92c7.defaultPlacement','\"end\"'),('sections.6f21c0d5-64da-4039-b930-1e4257ef92c7.enableVersioning','true'),('sections.6f21c0d5-64da-4039-b930-1e4257ef92c7.handle','\"gitesListing\"'),('sections.6f21c0d5-64da-4039-b930-1e4257ef92c7.name','\"Gites Listing\"'),('sections.6f21c0d5-64da-4039-b930-1e4257ef92c7.propagationMethod','\"all\"'),('sections.6f21c0d5-64da-4039-b930-1e4257ef92c7.siteSettings.0e10cfc2-d5c2-4900-bbdb-75f39e2608b8.enabledByDefault','true'),('sections.6f21c0d5-64da-4039-b930-1e4257ef92c7.siteSettings.0e10cfc2-d5c2-4900-bbdb-75f39e2608b8.hasUrls','true'),('sections.6f21c0d5-64da-4039-b930-1e4257ef92c7.siteSettings.0e10cfc2-d5c2-4900-bbdb-75f39e2608b8.template','\"gites/index.twig\"'),('sections.6f21c0d5-64da-4039-b930-1e4257ef92c7.siteSettings.0e10cfc2-d5c2-4900-bbdb-75f39e2608b8.uriFormat','\"gites\"'),('sections.6f21c0d5-64da-4039-b930-1e4257ef92c7.type','\"single\"'),('sections.7d7efc4d-b657-47dc-bb2f-49ec951b8cf0.defaultPlacement','\"end\"'),('sections.7d7efc4d-b657-47dc-bb2f-49ec951b8cf0.enableVersioning','true'),('sections.7d7efc4d-b657-47dc-bb2f-49ec951b8cf0.handle','\"home\"'),('sections.7d7efc4d-b657-47dc-bb2f-49ec951b8cf0.name','\"Home\"'),('sections.7d7efc4d-b657-47dc-bb2f-49ec951b8cf0.propagationMethod','\"all\"'),('sections.7d7efc4d-b657-47dc-bb2f-49ec951b8cf0.siteSettings.0e10cfc2-d5c2-4900-bbdb-75f39e2608b8.enabledByDefault','true'),('sections.7d7efc4d-b657-47dc-bb2f-49ec951b8cf0.siteSettings.0e10cfc2-d5c2-4900-bbdb-75f39e2608b8.hasUrls','true'),('sections.7d7efc4d-b657-47dc-bb2f-49ec951b8cf0.siteSettings.0e10cfc2-d5c2-4900-bbdb-75f39e2608b8.template','\"home.twig\"'),('sections.7d7efc4d-b657-47dc-bb2f-49ec951b8cf0.siteSettings.0e10cfc2-d5c2-4900-bbdb-75f39e2608b8.uriFormat','\"__home__\"'),('sections.7d7efc4d-b657-47dc-bb2f-49ec951b8cf0.type','\"single\"'),('sections.a5a5c10a-f88b-4bca-80e4-679840f3f4f0.defaultPlacement','\"end\"'),('sections.a5a5c10a-f88b-4bca-80e4-679840f3f4f0.enableVersioning','true'),('sections.a5a5c10a-f88b-4bca-80e4-679840f3f4f0.handle','\"stories\"'),('sections.a5a5c10a-f88b-4bca-80e4-679840f3f4f0.name','\"Stories\"'),('sections.a5a5c10a-f88b-4bca-80e4-679840f3f4f0.propagationMethod','\"all\"'),('sections.a5a5c10a-f88b-4bca-80e4-679840f3f4f0.siteSettings.0e10cfc2-d5c2-4900-bbdb-75f39e2608b8.enabledByDefault','true'),('sections.a5a5c10a-f88b-4bca-80e4-679840f3f4f0.siteSettings.0e10cfc2-d5c2-4900-bbdb-75f39e2608b8.hasUrls','true'),('sections.a5a5c10a-f88b-4bca-80e4-679840f3f4f0.siteSettings.0e10cfc2-d5c2-4900-bbdb-75f39e2608b8.template','\"stories/_entry\"'),('sections.a5a5c10a-f88b-4bca-80e4-679840f3f4f0.siteSettings.0e10cfc2-d5c2-4900-bbdb-75f39e2608b8.uriFormat','\"stories/{slug}\"'),('sections.a5a5c10a-f88b-4bca-80e4-679840f3f4f0.type','\"channel\"'),('sections.de21a329-31b8-4c1b-99ea-f22ef7fef176.defaultPlacement','\"end\"'),('sections.de21a329-31b8-4c1b-99ea-f22ef7fef176.enableVersioning','true'),('sections.de21a329-31b8-4c1b-99ea-f22ef7fef176.handle','\"gites\"'),('sections.de21a329-31b8-4c1b-99ea-f22ef7fef176.name','\"Gites\"'),('sections.de21a329-31b8-4c1b-99ea-f22ef7fef176.propagationMethod','\"all\"'),('sections.de21a329-31b8-4c1b-99ea-f22ef7fef176.siteSettings.0e10cfc2-d5c2-4900-bbdb-75f39e2608b8.enabledByDefault','true'),('sections.de21a329-31b8-4c1b-99ea-f22ef7fef176.siteSettings.0e10cfc2-d5c2-4900-bbdb-75f39e2608b8.hasUrls','true'),('sections.de21a329-31b8-4c1b-99ea-f22ef7fef176.siteSettings.0e10cfc2-d5c2-4900-bbdb-75f39e2608b8.template','\"gites/_entry\"'),('sections.de21a329-31b8-4c1b-99ea-f22ef7fef176.siteSettings.0e10cfc2-d5c2-4900-bbdb-75f39e2608b8.uriFormat','\"gites/{slug}\"'),('sections.de21a329-31b8-4c1b-99ea-f22ef7fef176.type','\"channel\"'),('siteGroups.d05cf254-a524-4b2a-b115-e07ee82ae3d2.name','\"Les Ribaudieres\"'),('sites.0e10cfc2-d5c2-4900-bbdb-75f39e2608b8.baseUrl','\"@web\"'),('sites.0e10cfc2-d5c2-4900-bbdb-75f39e2608b8.enabled','true'),('sites.0e10cfc2-d5c2-4900-bbdb-75f39e2608b8.handle','\"default\"'),('sites.0e10cfc2-d5c2-4900-bbdb-75f39e2608b8.hasUrls','true'),('sites.0e10cfc2-d5c2-4900-bbdb-75f39e2608b8.language','\"en-US\"'),('sites.0e10cfc2-d5c2-4900-bbdb-75f39e2608b8.name','\"Les Ribaudieres\"'),('sites.0e10cfc2-d5c2-4900-bbdb-75f39e2608b8.primary','true'),('sites.0e10cfc2-d5c2-4900-bbdb-75f39e2608b8.siteGroup','\"d05cf254-a524-4b2a-b115-e07ee82ae3d2\"'),('sites.0e10cfc2-d5c2-4900-bbdb-75f39e2608b8.sortOrder','1'),('system.edition','\"solo\"'),('system.live','true'),('system.name','\"Les Ribaudieres\"'),('system.schemaVersion','\"4.5.3.0\"'),('system.timeZone','\"America/Los_Angeles\"'),('users.allowPublicRegistration','false'),('users.defaultGroup','null'),('users.photoSubpath','null'),('users.photoVolumeUid','null'),('users.requireEmailVerification','true'),('volumes.57f8ecd8-41c8-4f45-847d-034641181daf.fieldLayouts.8e321f5a-1faf-4b66-a164-8118504188fa.tabs.0.elementCondition','null'),('volumes.57f8ecd8-41c8-4f45-847d-034641181daf.fieldLayouts.8e321f5a-1faf-4b66-a164-8118504188fa.tabs.0.elements.0.autocapitalize','true'),('volumes.57f8ecd8-41c8-4f45-847d-034641181daf.fieldLayouts.8e321f5a-1faf-4b66-a164-8118504188fa.tabs.0.elements.0.autocomplete','false'),('volumes.57f8ecd8-41c8-4f45-847d-034641181daf.fieldLayouts.8e321f5a-1faf-4b66-a164-8118504188fa.tabs.0.elements.0.autocorrect','true'),('volumes.57f8ecd8-41c8-4f45-847d-034641181daf.fieldLayouts.8e321f5a-1faf-4b66-a164-8118504188fa.tabs.0.elements.0.class','null'),('volumes.57f8ecd8-41c8-4f45-847d-034641181daf.fieldLayouts.8e321f5a-1faf-4b66-a164-8118504188fa.tabs.0.elements.0.disabled','false'),('volumes.57f8ecd8-41c8-4f45-847d-034641181daf.fieldLayouts.8e321f5a-1faf-4b66-a164-8118504188fa.tabs.0.elements.0.elementCondition','null'),('volumes.57f8ecd8-41c8-4f45-847d-034641181daf.fieldLayouts.8e321f5a-1faf-4b66-a164-8118504188fa.tabs.0.elements.0.id','null'),('volumes.57f8ecd8-41c8-4f45-847d-034641181daf.fieldLayouts.8e321f5a-1faf-4b66-a164-8118504188fa.tabs.0.elements.0.instructions','null'),('volumes.57f8ecd8-41c8-4f45-847d-034641181daf.fieldLayouts.8e321f5a-1faf-4b66-a164-8118504188fa.tabs.0.elements.0.label','null'),('volumes.57f8ecd8-41c8-4f45-847d-034641181daf.fieldLayouts.8e321f5a-1faf-4b66-a164-8118504188fa.tabs.0.elements.0.max','null'),('volumes.57f8ecd8-41c8-4f45-847d-034641181daf.fieldLayouts.8e321f5a-1faf-4b66-a164-8118504188fa.tabs.0.elements.0.min','null'),('volumes.57f8ecd8-41c8-4f45-847d-034641181daf.fieldLayouts.8e321f5a-1faf-4b66-a164-8118504188fa.tabs.0.elements.0.name','null'),('volumes.57f8ecd8-41c8-4f45-847d-034641181daf.fieldLayouts.8e321f5a-1faf-4b66-a164-8118504188fa.tabs.0.elements.0.orientation','null'),('volumes.57f8ecd8-41c8-4f45-847d-034641181daf.fieldLayouts.8e321f5a-1faf-4b66-a164-8118504188fa.tabs.0.elements.0.placeholder','null'),('volumes.57f8ecd8-41c8-4f45-847d-034641181daf.fieldLayouts.8e321f5a-1faf-4b66-a164-8118504188fa.tabs.0.elements.0.readonly','false'),('volumes.57f8ecd8-41c8-4f45-847d-034641181daf.fieldLayouts.8e321f5a-1faf-4b66-a164-8118504188fa.tabs.0.elements.0.requirable','false'),('volumes.57f8ecd8-41c8-4f45-847d-034641181daf.fieldLayouts.8e321f5a-1faf-4b66-a164-8118504188fa.tabs.0.elements.0.size','null'),('volumes.57f8ecd8-41c8-4f45-847d-034641181daf.fieldLayouts.8e321f5a-1faf-4b66-a164-8118504188fa.tabs.0.elements.0.step','null'),('volumes.57f8ecd8-41c8-4f45-847d-034641181daf.fieldLayouts.8e321f5a-1faf-4b66-a164-8118504188fa.tabs.0.elements.0.tip','null'),('volumes.57f8ecd8-41c8-4f45-847d-034641181daf.fieldLayouts.8e321f5a-1faf-4b66-a164-8118504188fa.tabs.0.elements.0.title','null'),('volumes.57f8ecd8-41c8-4f45-847d-034641181daf.fieldLayouts.8e321f5a-1faf-4b66-a164-8118504188fa.tabs.0.elements.0.type','\"craft\\\\fieldlayoutelements\\\\assets\\\\AssetTitleField\"'),('volumes.57f8ecd8-41c8-4f45-847d-034641181daf.fieldLayouts.8e321f5a-1faf-4b66-a164-8118504188fa.tabs.0.elements.0.uid','\"c66236e5-a668-467c-9c72-a10d07725b72\"'),('volumes.57f8ecd8-41c8-4f45-847d-034641181daf.fieldLayouts.8e321f5a-1faf-4b66-a164-8118504188fa.tabs.0.elements.0.userCondition','null'),('volumes.57f8ecd8-41c8-4f45-847d-034641181daf.fieldLayouts.8e321f5a-1faf-4b66-a164-8118504188fa.tabs.0.elements.0.warning','null'),('volumes.57f8ecd8-41c8-4f45-847d-034641181daf.fieldLayouts.8e321f5a-1faf-4b66-a164-8118504188fa.tabs.0.elements.0.width','100'),('volumes.57f8ecd8-41c8-4f45-847d-034641181daf.fieldLayouts.8e321f5a-1faf-4b66-a164-8118504188fa.tabs.0.name','\"Content\"'),('volumes.57f8ecd8-41c8-4f45-847d-034641181daf.fieldLayouts.8e321f5a-1faf-4b66-a164-8118504188fa.tabs.0.uid','\"03a9628f-a404-4b86-9483-1992dba7dbfc\"'),('volumes.57f8ecd8-41c8-4f45-847d-034641181daf.fieldLayouts.8e321f5a-1faf-4b66-a164-8118504188fa.tabs.0.userCondition','null'),('volumes.57f8ecd8-41c8-4f45-847d-034641181daf.fs','\"hardDisk\"'),('volumes.57f8ecd8-41c8-4f45-847d-034641181daf.handle','\"uploads\"'),('volumes.57f8ecd8-41c8-4f45-847d-034641181daf.name','\"Uploads\"'),('volumes.57f8ecd8-41c8-4f45-847d-034641181daf.sortOrder','1'),('volumes.57f8ecd8-41c8-4f45-847d-034641181daf.titleTranslationKeyFormat','null'),('volumes.57f8ecd8-41c8-4f45-847d-034641181daf.titleTranslationMethod','\"site\"'),('volumes.57f8ecd8-41c8-4f45-847d-034641181daf.transformFs','\"hardDisk\"'),('volumes.57f8ecd8-41c8-4f45-847d-034641181daf.transformSubpath','\"\"');
/*!40000 ALTER TABLE `projectconfig` ENABLE KEYS */;
UNLOCK TABLES;
commit;

--
-- Dumping data for table `queue`
--

LOCK TABLES `queue` WRITE;
/*!40000 ALTER TABLE `queue` DISABLE KEYS */;
set autocommit=0;
/*!40000 ALTER TABLE `queue` ENABLE KEYS */;
UNLOCK TABLES;
commit;

--
-- Dumping data for table `relations`
--

LOCK TABLES `relations` WRITE;
/*!40000 ALTER TABLE `relations` DISABLE KEYS */;
set autocommit=0;
INSERT INTO `relations` VALUES (3,2,9,NULL,8,1,'2023-11-30 16:45:48','2023-11-30 16:45:48','ebdf1ecf-bd9f-4e7f-ab9c-7106e7b73c2a'),(6,2,3,NULL,11,1,'2023-11-30 16:49:39','2023-11-30 16:49:39','1d19bad3-8b21-4024-b15f-510d1d7b4106'),(7,2,12,NULL,11,1,'2023-11-30 16:49:39','2023-11-30 16:49:39','aff2ebd4-2ec8-465b-91ba-7271809f85d3'),(8,2,13,NULL,11,1,'2023-11-30 18:28:55','2023-11-30 18:28:55','f7a763dc-ad85-472c-99ff-3f97006cee9d'),(12,2,18,NULL,11,1,'2023-11-30 18:31:07','2023-11-30 18:31:07','423286c5-d115-4175-8372-0e4e003dc220'),(13,5,19,NULL,11,1,'2023-11-30 18:31:07','2023-11-30 18:31:07','0404ef19-4f25-48ca-a1f9-e42b886612c6'),(16,2,22,NULL,11,1,'2023-11-30 18:33:59','2023-11-30 18:33:59','9794cb3c-65a9-4a0a-9858-45abee641c31'),(17,5,23,NULL,11,1,'2023-11-30 18:33:59','2023-11-30 18:33:59','656ada22-2a39-4cce-86cd-489cc2e8e406'),(19,2,25,NULL,11,1,'2023-11-30 18:42:33','2023-11-30 18:42:33','34d1b1a1-5a1e-46c5-a6c4-4cdefafd48b0'),(20,5,26,NULL,11,1,'2023-11-30 18:42:33','2023-11-30 18:42:33','d5d93723-7197-4886-b9a1-eb88bb8942c7'),(21,2,27,NULL,11,1,'2023-11-30 18:46:31','2023-11-30 18:46:31','9c34ad89-07ad-48d0-bdc3-a7179b438103'),(22,5,28,NULL,11,1,'2023-11-30 18:46:31','2023-11-30 18:46:31','b6fbde97-8ed0-4f4e-97fb-d87377467e5b'),(27,2,32,NULL,11,1,'2023-11-30 18:54:07','2023-11-30 18:54:07','4c0a1ca9-9aba-4279-bcca-cf292f183d03'),(28,5,33,NULL,31,1,'2023-11-30 18:54:07','2023-11-30 18:54:07','cfe060da-e50b-4d6e-a220-3ecdd6dbd181'),(32,5,17,NULL,36,1,'2023-11-30 19:05:45','2023-11-30 19:05:45','f65de619-6be0-41da-9133-f0ecee167425'),(33,2,37,NULL,11,1,'2023-11-30 19:05:45','2023-11-30 19:05:45','ebd15d70-ed97-4453-9c1f-34cefd5df709'),(34,5,38,NULL,36,1,'2023-11-30 19:05:45','2023-11-30 19:05:45','774975a1-92e3-4a6c-82e0-6804a996af58'),(36,2,40,NULL,11,1,'2023-11-30 19:07:33','2023-11-30 19:07:33','8feba5c1-61f7-408f-bec5-1a4c741542df'),(37,5,41,NULL,36,1,'2023-11-30 19:07:33','2023-11-30 19:07:33','0655e956-5b98-40a9-9381-f86cc544be4a'),(48,8,42,NULL,57,1,'2023-11-30 23:34:34','2023-11-30 23:34:34','541c5edc-2c90-4fa0-a6d6-bbb9a76bba9a'),(49,8,42,NULL,52,2,'2023-11-30 23:34:34','2023-11-30 23:34:34','77cce800-5d00-4426-b0f8-512fe243e2a6'),(50,8,42,NULL,53,3,'2023-11-30 23:34:34','2023-11-30 23:34:34','b5a7d7ac-293b-4c81-bae0-6e12756c9b38'),(51,8,42,NULL,54,4,'2023-11-30 23:34:34','2023-11-30 23:34:34','484ff03b-72fa-48d9-b539-535d3aa9d351'),(52,8,42,NULL,56,5,'2023-11-30 23:34:34','2023-11-30 23:34:34','627b9e66-36fa-41c1-8cbb-9eeb5139f332'),(53,8,42,NULL,51,6,'2023-11-30 23:34:34','2023-11-30 23:34:34','6be934d1-2185-4131-b3cf-9a3244f84f5d'),(54,8,42,NULL,50,7,'2023-11-30 23:34:34','2023-11-30 23:34:34','d9bc76e4-5992-4ae9-9ac5-b873c7fff0ae'),(55,8,42,NULL,49,8,'2023-11-30 23:34:34','2023-11-30 23:34:34','69ff0660-ec53-4e53-90e9-0ec92e85e08f'),(56,8,42,NULL,48,9,'2023-11-30 23:34:34','2023-11-30 23:34:34','ff7b7c79-fb46-4d55-9fb9-0ed584c70d31'),(57,8,42,NULL,47,10,'2023-11-30 23:34:34','2023-11-30 23:34:34','f1f9f963-6426-4be5-96c1-5f50ed0b1c7c'),(58,8,58,NULL,57,1,'2023-11-30 23:34:34','2023-11-30 23:34:34','245233cd-3480-40bf-83fa-357eb60f01b5'),(59,8,58,NULL,52,2,'2023-11-30 23:34:34','2023-11-30 23:34:34','b958e773-9097-458d-a74b-9b1c4404eef2'),(60,8,58,NULL,53,3,'2023-11-30 23:34:34','2023-11-30 23:34:34','6f61dcca-c5cf-4f88-b428-304c271734a5'),(61,8,58,NULL,54,4,'2023-11-30 23:34:34','2023-11-30 23:34:34','47cfef1d-21e7-4d68-8bfa-5f24ce920a9f'),(62,8,58,NULL,56,5,'2023-11-30 23:34:34','2023-11-30 23:34:34','c024551d-b40a-40cd-be52-ac25ae964d09'),(63,8,58,NULL,51,6,'2023-11-30 23:34:34','2023-11-30 23:34:34','266fc93d-9dda-4536-823e-dcfe21b74847'),(64,8,58,NULL,50,7,'2023-11-30 23:34:34','2023-11-30 23:34:34','5dcfb2b4-55cf-497b-bdea-909ca9c69c21'),(65,8,58,NULL,49,8,'2023-11-30 23:34:34','2023-11-30 23:34:34','888337b6-ee97-4bb9-8894-e6a10cf7bdcd'),(66,8,58,NULL,48,9,'2023-11-30 23:34:34','2023-11-30 23:34:34','29d1c0c9-5390-4122-9a4b-766f44d4d423'),(67,8,58,NULL,47,10,'2023-11-30 23:34:34','2023-11-30 23:34:34','f79ded1e-2a90-4ade-91fc-e355b3b7c84d'),(70,8,59,NULL,62,1,'2023-11-30 23:36:45','2023-12-01 00:35:04','ee3eb01e-8247-4b11-81d3-e59a4a9e7a98'),(71,8,59,NULL,63,2,'2023-11-30 23:36:46','2023-12-01 00:35:04','3f6061c5-6596-478b-a63f-cbea1ba63a88'),(72,8,59,NULL,64,3,'2023-11-30 23:36:46','2023-12-01 00:35:04','ffbf7fae-1175-41db-ac5d-40eba731f6b3'),(73,8,59,NULL,65,4,'2023-11-30 23:36:48','2023-12-01 00:35:04','73373c2d-ec8b-42cf-91e5-2ba44afbeefc'),(74,8,59,NULL,66,5,'2023-11-30 23:36:49','2023-12-01 00:35:04','245f8f94-f6ad-4606-ac01-4ace7a7252fc'),(75,8,59,NULL,67,6,'2023-11-30 23:36:50','2023-12-01 00:35:04','8bd7049d-ee97-44d6-90b1-9a4faabe82c7'),(76,8,59,NULL,68,7,'2023-11-30 23:36:51','2023-12-01 00:35:04','0dbb343a-745d-41ee-b907-878e02bd4b47'),(77,8,59,NULL,69,8,'2023-11-30 23:36:53','2023-12-01 00:35:04','84ddd7a8-7899-4663-8e6f-aea9c7b802a7'),(78,8,59,NULL,70,9,'2023-11-30 23:36:54','2023-12-01 00:35:04','c0415779-6c80-4f0a-bf0c-43f972678fb6'),(79,8,59,NULL,71,10,'2023-11-30 23:36:55','2023-12-01 00:35:04','18c024f8-94b8-4cd8-b554-e4be973a73d5'),(80,8,59,NULL,72,11,'2023-11-30 23:36:55','2023-12-01 00:35:04','a07356fe-33e4-4485-838d-0c97a331d2de'),(81,8,73,NULL,60,1,'2023-11-30 23:37:02','2023-11-30 23:37:02','0fa632d1-0faa-4784-bbed-4312d523bc14'),(82,8,73,NULL,61,2,'2023-11-30 23:37:02','2023-11-30 23:37:02','2c198682-25c4-4bfc-8221-f515962646c4'),(83,8,73,NULL,62,3,'2023-11-30 23:37:02','2023-11-30 23:37:02','5947efa1-70ce-4d78-a885-0e63ad1a8182'),(84,8,73,NULL,63,4,'2023-11-30 23:37:02','2023-11-30 23:37:02','b74feeae-8079-447f-b504-2c169e37915e'),(85,8,73,NULL,64,5,'2023-11-30 23:37:02','2023-11-30 23:37:02','4f9d0058-1070-484e-9c87-4e3b13475dc2'),(86,8,73,NULL,65,6,'2023-11-30 23:37:02','2023-11-30 23:37:02','9c1d47e7-02d5-4b0a-9332-1eb728b91cec'),(87,8,73,NULL,66,7,'2023-11-30 23:37:02','2023-11-30 23:37:02','4f34d652-51e0-4555-9b8d-c4858f7bbbc5'),(88,8,73,NULL,67,8,'2023-11-30 23:37:02','2023-11-30 23:37:02','7c9e9f44-77ce-40ce-9ebd-8f23ecb4bfea'),(89,8,73,NULL,68,9,'2023-11-30 23:37:02','2023-11-30 23:37:02','167c6454-0f60-464c-a3be-31af79e75d66'),(90,8,73,NULL,69,10,'2023-11-30 23:37:02','2023-11-30 23:37:02','8e8ed3d1-68f5-4735-b8de-98f8d68ba874'),(91,8,73,NULL,70,11,'2023-11-30 23:37:02','2023-11-30 23:37:02','e2138e6b-4546-4bbb-8c1f-9db397b3bf27'),(92,8,73,NULL,71,12,'2023-11-30 23:37:02','2023-11-30 23:37:02','96ba0cdf-0377-4c33-98ed-42e78c52cfe7'),(93,8,73,NULL,72,13,'2023-11-30 23:37:02','2023-11-30 23:37:02','b86995cb-7abb-4477-94e7-865aa839ffe0'),(107,8,75,NULL,62,1,'2023-12-01 00:35:04','2023-12-01 00:35:04','15cce107-9d29-4ad1-8fd6-15800992358d'),(108,8,75,NULL,63,2,'2023-12-01 00:35:04','2023-12-01 00:35:04','a17d56a2-975b-47eb-aa93-75696877979b'),(109,8,75,NULL,64,3,'2023-12-01 00:35:04','2023-12-01 00:35:04','dbf3a65e-f9e8-49b0-8385-2a8e1318f794'),(110,8,75,NULL,65,4,'2023-12-01 00:35:04','2023-12-01 00:35:04','f4ba18ec-c1cc-4473-9218-477bd1473578'),(111,8,75,NULL,66,5,'2023-12-01 00:35:04','2023-12-01 00:35:04','75f3ab03-3b9c-46e1-8db9-49f77b4ef111'),(112,8,75,NULL,67,6,'2023-12-01 00:35:04','2023-12-01 00:35:04','45de8efc-20d9-4f12-8ce6-fcc19a4f871d'),(113,8,75,NULL,68,7,'2023-12-01 00:35:04','2023-12-01 00:35:04','a6202106-ad6f-46c2-95ee-b6f1676012f9'),(114,8,75,NULL,69,8,'2023-12-01 00:35:04','2023-12-01 00:35:04','19dcd838-21fb-409b-a5b3-e581e00bbb53'),(115,8,75,NULL,70,9,'2023-12-01 00:35:04','2023-12-01 00:35:04','6391d213-6c1f-42a4-a5b0-5c5abfc0a547'),(116,8,75,NULL,71,10,'2023-12-01 00:35:04','2023-12-01 00:35:04','eff125bc-bc7d-4692-9e0a-bb9231eb09c3'),(117,8,75,NULL,72,11,'2023-12-01 00:35:04','2023-12-01 00:35:04','c165bee4-1d23-4461-9627-622fd70d1a03'),(128,8,77,NULL,57,1,'2023-12-01 00:44:30','2023-12-01 00:44:30','45b87247-36c3-476d-8771-6fb2a6f88260'),(129,8,77,NULL,52,2,'2023-12-01 00:44:30','2023-12-01 00:44:30','fdcaccf9-f319-4035-b68f-bb98340fb9c1'),(130,8,77,NULL,53,3,'2023-12-01 00:44:30','2023-12-01 00:44:30','fed7bcd6-57d9-41d1-8a4b-0101e7b5acb8'),(131,8,77,NULL,54,4,'2023-12-01 00:44:30','2023-12-01 00:44:30','ad06817f-3fe7-436d-ba9b-58728418f3b5'),(132,8,77,NULL,56,5,'2023-12-01 00:44:30','2023-12-01 00:44:30','1ad97f52-6e27-46bd-b573-0c63f75ff14f'),(133,8,77,NULL,51,6,'2023-12-01 00:44:30','2023-12-01 00:44:30','5ddef78b-abb5-47c3-bcd0-14cd1625eef8'),(134,8,77,NULL,50,7,'2023-12-01 00:44:30','2023-12-01 00:44:30','d72d6111-b945-47ff-a1d1-29f4d03e6cef'),(135,8,77,NULL,49,8,'2023-12-01 00:44:30','2023-12-01 00:44:30','aea28950-5027-4f05-861a-32536f6b5ad2'),(136,8,77,NULL,48,9,'2023-12-01 00:44:30','2023-12-01 00:44:30','b2547231-ff9d-47bf-a441-a1ced2cc21a4'),(137,8,77,NULL,47,10,'2023-12-01 00:44:30','2023-12-01 00:44:30','12e22d3b-1ce7-44db-b99b-c98f5abae4a5'),(149,8,79,NULL,62,1,'2023-12-01 00:47:00','2023-12-01 00:47:00','1bf1b0ec-13a1-4ad3-8273-708d0da19218'),(150,8,79,NULL,63,2,'2023-12-01 00:47:00','2023-12-01 00:47:00','6c368359-5591-48b7-9f72-20b09980ceac'),(151,8,79,NULL,64,3,'2023-12-01 00:47:00','2023-12-01 00:47:00','86e2a87b-1068-4015-891f-f92aa2535439'),(152,8,79,NULL,65,4,'2023-12-01 00:47:00','2023-12-01 00:47:00','1bf8f49d-7aa6-45fb-89a3-7cd45372f9fe'),(153,8,79,NULL,66,5,'2023-12-01 00:47:00','2023-12-01 00:47:00','2da2110a-8af5-49f7-8587-c7c5df654fd5'),(154,8,79,NULL,67,6,'2023-12-01 00:47:00','2023-12-01 00:47:00','4dfc01ef-3e69-48c9-8a6d-cdbbeb4fff53'),(155,8,79,NULL,68,7,'2023-12-01 00:47:00','2023-12-01 00:47:00','89606040-a273-4224-8720-f5f33186736d'),(156,8,79,NULL,69,8,'2023-12-01 00:47:00','2023-12-01 00:47:00','a1010cac-b68d-4b49-ab0f-40b023d0840e'),(157,8,79,NULL,70,9,'2023-12-01 00:47:00','2023-12-01 00:47:00','aeaab7d2-4344-4fd0-af89-9ac1319ba4d9'),(158,8,79,NULL,71,10,'2023-12-01 00:47:00','2023-12-01 00:47:00','96cbd5f1-ffc3-4bbb-ae69-2c3f80aa489b'),(159,8,79,NULL,72,11,'2023-12-01 00:47:00','2023-12-01 00:47:00','37d2a293-691e-41d1-8ae1-70320ee3c688'),(170,8,81,NULL,57,1,'2023-12-01 00:47:28','2023-12-01 00:47:28','705623ce-ee61-4b4b-b538-1d1bb10c1cb3'),(171,8,81,NULL,52,2,'2023-12-01 00:47:28','2023-12-01 00:47:28','4a75025d-3f95-4af2-ae87-f03380a2468e'),(172,8,81,NULL,53,3,'2023-12-01 00:47:28','2023-12-01 00:47:28','c7f53f0c-0348-4992-ae67-9d948436d6b1'),(173,8,81,NULL,54,4,'2023-12-01 00:47:28','2023-12-01 00:47:28','b791c141-bef7-4a1b-ab83-d5c5706be665'),(174,8,81,NULL,56,5,'2023-12-01 00:47:28','2023-12-01 00:47:28','f2e658e3-3232-48ec-ac81-e56d6b1b7c88'),(175,8,81,NULL,51,6,'2023-12-01 00:47:28','2023-12-01 00:47:28','0e2eb9ec-6fc3-49b8-b765-393264a8eb8b'),(176,8,81,NULL,50,7,'2023-12-01 00:47:28','2023-12-01 00:47:28','fdaba96a-86a3-44b7-b5bc-11738e19ebbc'),(177,8,81,NULL,49,8,'2023-12-01 00:47:28','2023-12-01 00:47:28','09de7d5b-0cf1-48ff-89f7-e8cd96545794'),(178,8,81,NULL,48,9,'2023-12-01 00:47:28','2023-12-01 00:47:28','ca9c04b4-a80b-41a4-abcb-ee64af9acc51'),(179,8,81,NULL,47,10,'2023-12-01 00:47:28','2023-12-01 00:47:28','a3326919-02d5-4df9-af5f-a96846dc34c4'),(190,8,83,NULL,57,1,'2023-12-01 00:47:46','2023-12-01 00:47:46','5bfb59e9-9b2c-4026-a7b4-62e8ddfe8de4'),(191,8,83,NULL,52,2,'2023-12-01 00:47:46','2023-12-01 00:47:46','aa0ceff0-c3e8-4a98-b6da-91db685d0451'),(192,8,83,NULL,53,3,'2023-12-01 00:47:46','2023-12-01 00:47:46','0ea6fabf-ba5e-4fb0-a1f7-92ba40c0c02f'),(193,8,83,NULL,54,4,'2023-12-01 00:47:46','2023-12-01 00:47:46','1c8869a7-7d16-45ec-a2eb-6327685aca4c'),(194,8,83,NULL,56,5,'2023-12-01 00:47:46','2023-12-01 00:47:46','61462a78-4454-4e10-b3c3-81c906ea7921'),(195,8,83,NULL,51,6,'2023-12-01 00:47:46','2023-12-01 00:47:46','aff3efd1-1b9f-406b-bd94-2c20fe09688a'),(196,8,83,NULL,50,7,'2023-12-01 00:47:46','2023-12-01 00:47:46','e5594871-e7f0-4c47-bb15-c11e44000687'),(197,8,83,NULL,49,8,'2023-12-01 00:47:46','2023-12-01 00:47:46','fb7cd65a-0455-402b-a88d-1ca8ea725c24'),(198,8,83,NULL,48,9,'2023-12-01 00:47:46','2023-12-01 00:47:46','993c5bae-61f4-4b38-a995-dbebe0dd2a1c'),(199,8,83,NULL,47,10,'2023-12-01 00:47:46','2023-12-01 00:47:46','a28f337f-691e-4287-9525-38eadd82ebb8'),(200,2,91,NULL,11,1,'2023-12-01 01:23:02','2023-12-01 01:23:02','718d5b25-0e6a-4ff4-8973-840549070aab'),(201,5,92,NULL,36,1,'2023-12-01 01:23:02','2023-12-01 01:23:02','7a12c7f4-0952-4982-9fa6-787e26efc229'),(205,11,3,NULL,42,5,'2023-12-01 01:23:44','2023-12-01 09:22:29','f5d87640-acef-4bfa-a8b2-5a612b707608'),(206,11,3,NULL,59,4,'2023-12-01 01:23:44','2023-12-01 09:22:29','c2757bef-80ca-4232-844d-2aec937f7607'),(207,2,95,NULL,11,1,'2023-12-01 01:23:44','2023-12-01 01:23:44','481a4a29-b48b-4224-aef8-a5f6abba32ce'),(208,11,95,NULL,42,1,'2023-12-01 01:23:44','2023-12-01 01:23:44','1e6271d6-d68d-4764-b566-4a189b4c6c48'),(209,11,95,NULL,59,2,'2023-12-01 01:23:44','2023-12-01 01:23:44','fad1e541-0187-4e60-9216-425462334480'),(210,5,96,NULL,36,1,'2023-12-01 01:23:44','2023-12-01 01:23:44','34b7ff53-91ba-49d3-b4ec-f544b3e0b76d'),(222,8,98,NULL,62,1,'2023-12-01 01:34:58','2023-12-01 01:34:58','4a4aa7fd-26c4-445b-b220-70cde8c7fd3f'),(223,8,98,NULL,63,2,'2023-12-01 01:34:58','2023-12-01 01:34:58','5802d874-f9aa-4f5d-afcc-c28cf424a123'),(224,8,98,NULL,64,3,'2023-12-01 01:34:58','2023-12-01 01:34:58','850680fd-1b3b-4c73-88c3-9262a66f7937'),(225,8,98,NULL,65,4,'2023-12-01 01:34:58','2023-12-01 01:34:58','4f51207f-ce6e-4ba9-90e3-912891c2c4cd'),(226,8,98,NULL,66,5,'2023-12-01 01:34:58','2023-12-01 01:34:58','dd098a4e-2ec2-429a-a29c-045856731294'),(227,8,98,NULL,67,6,'2023-12-01 01:34:58','2023-12-01 01:34:58','ab3df0b3-67f3-4ffc-9ced-9f3c60d4146d'),(228,8,98,NULL,68,7,'2023-12-01 01:34:58','2023-12-01 01:34:58','64b6bde2-0157-4b5f-81a0-286f9758086b'),(229,8,98,NULL,69,8,'2023-12-01 01:34:58','2023-12-01 01:34:58','2f6d98c3-d201-4def-a25b-901addc38bc2'),(230,8,98,NULL,70,9,'2023-12-01 01:34:58','2023-12-01 01:34:58','273c508a-7bb9-4028-ab76-e951002fae8c'),(231,8,98,NULL,71,10,'2023-12-01 01:34:58','2023-12-01 01:34:58','495eae54-e191-4627-b297-31853e00230f'),(232,8,98,NULL,72,11,'2023-12-01 01:34:58','2023-12-01 01:34:58','a773a379-9974-49d4-9328-cf2e7c0518ca'),(233,8,99,NULL,62,1,'2023-12-01 01:35:07','2023-12-01 01:35:07','448f36de-ea26-4106-89c3-da2b50c8a359'),(234,8,99,NULL,63,2,'2023-12-01 01:35:07','2023-12-01 01:35:07','5e7eaa25-015f-4e77-9fe8-aa54c39630cf'),(235,8,99,NULL,64,3,'2023-12-01 01:35:07','2023-12-01 01:35:07','a6c26b67-c995-445f-b6a7-7d9a5ede12ae'),(236,8,99,NULL,65,4,'2023-12-01 01:35:07','2023-12-01 01:35:07','5b80bf40-8e14-4d8b-8ba8-213168ff5dce'),(237,8,99,NULL,66,5,'2023-12-01 01:35:07','2023-12-01 01:35:07','cce0e6ba-19c1-4c34-8a4d-70be97ee5421'),(238,8,99,NULL,67,6,'2023-12-01 01:35:07','2023-12-01 01:35:07','91fd2e5b-013e-4f2d-9db3-3dfbfdb1b194'),(239,8,99,NULL,68,7,'2023-12-01 01:35:07','2023-12-01 01:35:07','230ab6fe-8c55-4071-9817-583a0246a075'),(240,8,99,NULL,69,8,'2023-12-01 01:35:07','2023-12-01 01:35:07','a026398c-8795-4e33-ad57-04ba4e03e762'),(241,8,99,NULL,70,9,'2023-12-01 01:35:07','2023-12-01 01:35:07','b06c2eb8-d1bd-4717-8579-538872b001e3'),(242,8,99,NULL,71,10,'2023-12-01 01:35:07','2023-12-01 01:35:07','e87b761a-5159-42a6-abdf-a7c1f90a0067'),(243,8,99,NULL,72,11,'2023-12-01 01:35:07','2023-12-01 01:35:07','c4f43d3b-b483-4611-b030-dd959508c264'),(254,8,101,NULL,57,1,'2023-12-01 01:35:35','2023-12-01 01:35:35','2a92fc84-4963-48dd-ac88-b9d1b30bdcbe'),(255,8,101,NULL,52,2,'2023-12-01 01:35:35','2023-12-01 01:35:35','46a3f237-07b8-456a-bf90-15f843ef50d1'),(256,8,101,NULL,53,3,'2023-12-01 01:35:35','2023-12-01 01:35:35','dea58565-e3e7-4013-88fa-60109fccbae8'),(257,8,101,NULL,54,4,'2023-12-01 01:35:35','2023-12-01 01:35:35','9df47746-4528-4cd9-90d7-9442ec5fe87e'),(258,8,101,NULL,56,5,'2023-12-01 01:35:35','2023-12-01 01:35:35','70020569-6ec8-4ef4-b94b-b4c77b931f96'),(259,8,101,NULL,51,6,'2023-12-01 01:35:35','2023-12-01 01:35:35','60eb89a6-5a28-41df-89db-c970ade945e2'),(260,8,101,NULL,50,7,'2023-12-01 01:35:35','2023-12-01 01:35:35','c0eebdb9-75ad-4f9e-86a5-2e3d8eee7bd0'),(261,8,101,NULL,49,8,'2023-12-01 01:35:35','2023-12-01 01:35:35','6e4e60a0-173a-4bc5-861e-12623d7c57c5'),(262,8,101,NULL,48,9,'2023-12-01 01:35:35','2023-12-01 01:35:35','475b87c2-5e2f-4d9f-a634-7b73ba52d45d'),(263,8,101,NULL,47,10,'2023-12-01 01:35:35','2023-12-01 01:35:35','c8433c65-e9e7-42a8-8e2e-e6d7f3f0e1c5'),(264,8,102,NULL,57,1,'2023-12-01 03:18:42','2023-12-01 03:18:42','8af02255-bef6-493e-b0f6-0d19b63e13fd'),(265,8,102,NULL,52,2,'2023-12-01 03:18:42','2023-12-01 03:18:42','faff64b3-bb31-42ec-a372-c07421f87c6a'),(266,8,102,NULL,53,3,'2023-12-01 03:18:42','2023-12-01 03:18:42','ed3214f7-0d6a-4d0c-b855-8534c7408d63'),(267,8,102,NULL,54,4,'2023-12-01 03:18:42','2023-12-01 03:18:42','5cf557b2-aa56-49bc-ad20-634fb44c9461'),(268,8,102,NULL,56,5,'2023-12-01 03:18:42','2023-12-01 03:18:42','f8e88fb9-f4a0-4914-9eca-f1dbb0f5068e'),(269,8,102,NULL,51,6,'2023-12-01 03:18:42','2023-12-01 03:18:42','cf7800c5-c4f1-48cb-81cd-e87c3bdafd09'),(270,8,102,NULL,50,7,'2023-12-01 03:18:42','2023-12-01 03:18:42','6e0d3897-219a-4699-b814-994cdf6b72a1'),(271,8,102,NULL,49,8,'2023-12-01 03:18:42','2023-12-01 03:18:42','ee56fd0f-5cd7-4ef5-8007-b4d36a57e457'),(272,8,102,NULL,48,9,'2023-12-01 03:18:42','2023-12-01 03:18:42','a7be7142-bd08-41d2-94bb-23ff7b6abca5'),(273,8,102,NULL,47,10,'2023-12-01 03:18:42','2023-12-01 03:18:42','1a6c34af-17c9-4d21-85e7-236a44c64e46'),(284,8,104,NULL,57,1,'2023-12-01 03:19:07','2023-12-01 03:19:07','640f2a83-9199-4d3e-b1a2-b6490c99b918'),(285,8,104,NULL,52,2,'2023-12-01 03:19:07','2023-12-01 03:19:07','591b6dc7-6f0c-440c-bae2-7c670399a668'),(286,8,104,NULL,53,3,'2023-12-01 03:19:07','2023-12-01 03:19:07','cc80de6a-cfd3-4de9-b1c5-8def0040ce1f'),(287,8,104,NULL,54,4,'2023-12-01 03:19:07','2023-12-01 03:19:07','08be73f9-da9e-4f2d-9537-3a9fbff7dd80'),(288,8,104,NULL,56,5,'2023-12-01 03:19:07','2023-12-01 03:19:07','38a495e4-9018-4f00-8d7c-f189d6572789'),(289,8,104,NULL,51,6,'2023-12-01 03:19:07','2023-12-01 03:19:07','32778f46-46d6-4efb-a8a6-0d6a27d1497a'),(290,8,104,NULL,50,7,'2023-12-01 03:19:07','2023-12-01 03:19:07','2585b15a-057c-47ab-a08e-0c475a9de653'),(291,8,104,NULL,49,8,'2023-12-01 03:19:07','2023-12-01 03:19:07','58491186-934f-485d-84ec-2bc35682a9a6'),(292,8,104,NULL,48,9,'2023-12-01 03:19:07','2023-12-01 03:19:07','6da5b770-56f1-4857-834a-f369d6766d06'),(293,8,104,NULL,47,10,'2023-12-01 03:19:07','2023-12-01 03:19:07','008a048b-4d9b-44b8-9ce9-2fb221b70be2'),(294,8,105,NULL,68,1,'2023-12-01 03:19:31','2023-12-01 03:19:31','577a2e8a-37b0-4278-9d80-8ea333c0e66d'),(295,8,106,NULL,68,1,'2023-12-01 03:19:45','2023-12-01 03:19:45','37a8b1a2-6bbe-4618-88c4-aa3ae340f48e'),(307,8,108,NULL,62,1,'2023-12-01 08:40:32','2023-12-01 08:40:32','5066612f-a993-4abe-9314-7850444cb867'),(308,8,108,NULL,63,2,'2023-12-01 08:40:32','2023-12-01 08:40:32','4fcb1cab-6112-4b1e-94d9-e15d1649fc6e'),(309,8,108,NULL,64,3,'2023-12-01 08:40:32','2023-12-01 08:40:32','333134a9-a74e-496a-8d17-90e4a6510d6b'),(310,8,108,NULL,65,4,'2023-12-01 08:40:32','2023-12-01 08:40:32','155de325-9484-4af5-92e1-9367a0b0fb4b'),(311,8,108,NULL,66,5,'2023-12-01 08:40:32','2023-12-01 08:40:32','e38fa4fc-eee7-4532-9753-f5cb23bcfbdc'),(312,8,108,NULL,67,6,'2023-12-01 08:40:32','2023-12-01 08:40:32','ce164c42-643a-4803-aa21-0fe7c33eeac4'),(313,8,108,NULL,68,7,'2023-12-01 08:40:32','2023-12-01 08:40:32','a33031c2-a3f5-402e-9c92-b591a917bffd'),(314,8,108,NULL,69,8,'2023-12-01 08:40:32','2023-12-01 08:40:32','71ea8e13-eaed-4889-ba46-8e85be902a2f'),(315,8,108,NULL,70,9,'2023-12-01 08:40:32','2023-12-01 08:40:32','1ae4ff76-8181-41c8-94fe-38fee59bab5b'),(316,8,108,NULL,71,10,'2023-12-01 08:40:32','2023-12-01 08:40:32','1d1ca436-3295-417c-badf-d634ea71b3e3'),(317,8,108,NULL,72,11,'2023-12-01 08:40:32','2023-12-01 08:40:32','f876de09-7820-4b03-a94d-d0dbba352846'),(328,8,110,NULL,57,1,'2023-12-01 08:40:59','2023-12-01 08:40:59','eb8ec276-f76c-44b8-bd1f-931f2479c3ac'),(329,8,110,NULL,52,2,'2023-12-01 08:40:59','2023-12-01 08:40:59','38cd8d22-542c-4bed-af0d-f63ba545798f'),(330,8,110,NULL,53,3,'2023-12-01 08:40:59','2023-12-01 08:40:59','62121f3d-7909-4d84-ad28-a2cd4df80726'),(331,8,110,NULL,54,4,'2023-12-01 08:40:59','2023-12-01 08:40:59','dfc96716-1ed6-4d7f-bd8c-0ef414068fa8'),(332,8,110,NULL,56,5,'2023-12-01 08:40:59','2023-12-01 08:40:59','aa1a22fc-c202-489c-9a0b-1272438d5d05'),(333,8,110,NULL,51,6,'2023-12-01 08:40:59','2023-12-01 08:40:59','279f8ee8-712d-49a5-925d-72b7075ced1b'),(334,8,110,NULL,50,7,'2023-12-01 08:40:59','2023-12-01 08:40:59','c8e41c42-0cd0-46ba-9580-e3dc0823a5c0'),(335,8,110,NULL,49,8,'2023-12-01 08:40:59','2023-12-01 08:40:59','997a1c87-12ac-4790-a734-f483d8e298d6'),(336,8,110,NULL,48,9,'2023-12-01 08:40:59','2023-12-01 08:40:59','568db349-4303-4ae3-83cc-aeb7ccf99a53'),(337,8,110,NULL,47,10,'2023-12-01 08:40:59','2023-12-01 08:40:59','622d2d5f-4ff4-411a-9340-056ab9643962'),(349,8,112,NULL,62,1,'2023-12-01 08:43:35','2023-12-01 08:43:35','04b937e1-18e3-4859-acdc-d45c9b419116'),(350,8,112,NULL,63,2,'2023-12-01 08:43:35','2023-12-01 08:43:35','8e16652c-b819-42a8-96a7-1b0af97cca84'),(351,8,112,NULL,64,3,'2023-12-01 08:43:35','2023-12-01 08:43:35','301b3878-aac2-4586-b3cf-35fc07365217'),(352,8,112,NULL,65,4,'2023-12-01 08:43:35','2023-12-01 08:43:35','8eb23ec7-f4a2-4c6e-9164-25b3ab2a1c90'),(353,8,112,NULL,66,5,'2023-12-01 08:43:35','2023-12-01 08:43:35','5c339f0d-3d26-40bb-ad11-0263271e8e1a'),(354,8,112,NULL,67,6,'2023-12-01 08:43:35','2023-12-01 08:43:35','4a5725d7-4925-4e27-865a-45226b351b88'),(355,8,112,NULL,68,7,'2023-12-01 08:43:35','2023-12-01 08:43:35','d8393112-e2d7-49e3-8e22-16fe9c032eaa'),(356,8,112,NULL,69,8,'2023-12-01 08:43:35','2023-12-01 08:43:35','c3f44bb1-abad-4e5b-ab68-c1069d702b23'),(357,8,112,NULL,70,9,'2023-12-01 08:43:35','2023-12-01 08:43:35','6ac0e1d2-f12e-4a5b-8b24-bd268cffb5fa'),(358,8,112,NULL,71,10,'2023-12-01 08:43:35','2023-12-01 08:43:35','9e1df031-ed35-4e37-862b-7b92d688c0c3'),(359,8,112,NULL,72,11,'2023-12-01 08:43:35','2023-12-01 08:43:35','ea25194d-28c3-430f-8abe-b62ce2059b5f'),(361,8,114,NULL,68,1,'2023-12-01 08:44:52','2023-12-01 08:44:52','1fb81369-99d1-4a89-bc0c-b0aee601091d'),(362,8,115,NULL,72,1,'2023-12-01 08:55:46','2023-12-01 08:55:46','6e5ccc2e-71b4-4b48-8323-828fde527dd6'),(363,8,116,NULL,72,1,'2023-12-01 08:55:47','2023-12-01 08:55:47','7ac38577-0f50-4cfb-96ef-de6576ed118f'),(374,8,118,NULL,57,1,'2023-12-01 08:57:49','2023-12-01 08:57:49','927510cf-1933-4e42-8fb8-5462c3cdeb5f'),(375,8,118,NULL,52,2,'2023-12-01 08:57:49','2023-12-01 08:57:49','2e643097-a756-4e57-beca-c8072eec1359'),(376,8,118,NULL,53,3,'2023-12-01 08:57:49','2023-12-01 08:57:49','50d69551-08cc-4884-912c-8c33382359b6'),(377,8,118,NULL,54,4,'2023-12-01 08:57:49','2023-12-01 08:57:49','3974a30a-829c-4a2e-99de-320741e9d4b9'),(378,8,118,NULL,56,5,'2023-12-01 08:57:49','2023-12-01 08:57:49','5c7e7cd5-96a7-41a6-8218-09f87eb02078'),(379,8,118,NULL,51,6,'2023-12-01 08:57:49','2023-12-01 08:57:49','3d6af25c-e8d2-4b9b-b02d-20be35532da3'),(380,8,118,NULL,50,7,'2023-12-01 08:57:49','2023-12-01 08:57:49','14a4938c-c66a-444d-93ee-373505b2a4d2'),(381,8,118,NULL,49,8,'2023-12-01 08:57:49','2023-12-01 08:57:49','0f981e0c-879e-4b72-983a-cae8d6b7cf69'),(382,8,118,NULL,48,9,'2023-12-01 08:57:49','2023-12-01 08:57:49','df724adb-1a4d-4299-8e74-c3abfceb9a45'),(383,8,118,NULL,47,10,'2023-12-01 08:57:49','2023-12-01 08:57:49','582b2cee-155c-415b-a074-4fc7991ce253'),(384,8,119,NULL,57,1,'2023-12-01 08:58:09','2023-12-01 08:58:09','227a096f-8692-4ee1-bc42-19590f8267af'),(385,8,119,NULL,52,2,'2023-12-01 08:58:09','2023-12-01 08:58:09','db7987b2-7d7e-4034-888c-8cc9a885f0d4'),(386,8,119,NULL,53,3,'2023-12-01 08:58:09','2023-12-01 08:58:09','316852cd-c823-4c77-9cfd-cd06ed14d95b'),(387,8,119,NULL,54,4,'2023-12-01 08:58:09','2023-12-01 08:58:09','3825de19-0ba1-4b9f-9a25-146e1d80b4e7'),(388,8,119,NULL,56,5,'2023-12-01 08:58:09','2023-12-01 08:58:09','5a7f6749-575b-4dbb-b30a-207331088186'),(389,8,119,NULL,51,6,'2023-12-01 08:58:09','2023-12-01 08:58:09','4ae0434c-b31b-4ad6-9205-4d4a484468ad'),(390,8,119,NULL,50,7,'2023-12-01 08:58:09','2023-12-01 08:58:09','d6e9787b-668c-4734-ba71-c27638cdafc8'),(391,8,119,NULL,49,8,'2023-12-01 08:58:09','2023-12-01 08:58:09','250ecab0-3e49-4124-acdf-abdfbc2fb639'),(392,8,119,NULL,48,9,'2023-12-01 08:58:09','2023-12-01 08:58:09','bcd9fd3f-8cf9-4599-8b91-b697d49ac77f'),(393,8,119,NULL,47,10,'2023-12-01 08:58:09','2023-12-01 08:58:09','294f76e4-2178-4171-98fa-a99e895b7953'),(394,8,120,NULL,62,1,'2023-12-01 08:58:09','2023-12-01 08:58:09','3123e77e-2f42-4355-8b3b-6adbde0991f2'),(395,8,120,NULL,63,2,'2023-12-01 08:58:09','2023-12-01 08:58:09','2f3aa7e3-5ce3-42e7-967d-1b34f796c0de'),(396,8,120,NULL,64,3,'2023-12-01 08:58:09','2023-12-01 08:58:09','a86bf1dd-d86f-4c91-a75d-dd67cd1d9c78'),(397,8,120,NULL,65,4,'2023-12-01 08:58:09','2023-12-01 08:58:09','80a81e28-935b-4e3a-81d4-e79db0ecc7c7'),(398,8,120,NULL,66,5,'2023-12-01 08:58:09','2023-12-01 08:58:09','7adbfe24-8095-4a15-95a2-cf2d3dd95950'),(399,8,120,NULL,67,6,'2023-12-01 08:58:09','2023-12-01 08:58:09','d4ba3e64-6f4d-49de-a005-352ec0c62a16'),(400,8,120,NULL,68,7,'2023-12-01 08:58:09','2023-12-01 08:58:09','264ae488-6b65-4459-80a3-31225bd94c13'),(401,8,120,NULL,69,8,'2023-12-01 08:58:09','2023-12-01 08:58:09','8a4b2a9f-ba27-4925-9fff-dd8870526caa'),(402,8,120,NULL,70,9,'2023-12-01 08:58:09','2023-12-01 08:58:09','ea464eae-63b5-478f-a6ef-c8aae0d9d31a'),(403,8,120,NULL,71,10,'2023-12-01 08:58:09','2023-12-01 08:58:09','4b35d42b-d36e-450a-8730-a861ee893a11'),(404,8,120,NULL,72,11,'2023-12-01 08:58:09','2023-12-01 08:58:09','e08dfd13-dc8d-4f82-bd43-d6f4fd136d0e'),(405,8,123,NULL,62,1,'2023-12-01 08:58:42','2023-12-01 08:58:42','d94866a9-eb88-4a6f-b5a5-30b5e0203f0d'),(406,8,123,NULL,63,2,'2023-12-01 08:58:42','2023-12-01 08:58:42','68340609-fb65-4970-95e5-9229df06d1a7'),(407,8,123,NULL,64,3,'2023-12-01 08:58:42','2023-12-01 08:58:42','2e5c9275-6bd6-478e-8bcb-27f2742cd2e8'),(408,8,123,NULL,65,4,'2023-12-01 08:58:42','2023-12-01 08:58:42','4574c6fa-aedc-42dc-b71a-f683fcd196df'),(409,8,123,NULL,66,5,'2023-12-01 08:58:42','2023-12-01 08:58:42','0bcca096-d1e1-42d9-82db-361120f48047'),(410,8,123,NULL,67,6,'2023-12-01 08:58:42','2023-12-01 08:58:42','631fca7d-43fe-4ca0-adb2-4fe2c4e0ea2a'),(411,8,123,NULL,68,7,'2023-12-01 08:58:42','2023-12-01 08:58:42','79b4480f-3dcd-465f-8fe5-872d3f0c0fb0'),(412,8,123,NULL,69,8,'2023-12-01 08:58:42','2023-12-01 08:58:42','d573f078-1f86-4a4a-a871-f50192fa9064'),(413,8,123,NULL,70,9,'2023-12-01 08:58:42','2023-12-01 08:58:42','b394ab36-358c-474c-80d9-ccf409c7a931'),(414,8,123,NULL,71,10,'2023-12-01 08:58:42','2023-12-01 08:58:42','5a5b2cb2-bc7a-4d13-949d-04768cccbc3e'),(415,8,123,NULL,72,11,'2023-12-01 08:58:42','2023-12-01 08:58:42','e3f9242d-6b92-4104-8c0f-c9eede5cac4c'),(416,8,126,NULL,62,1,'2023-12-01 08:59:01','2023-12-01 08:59:01','bc582c87-85e8-45c4-bc4a-b423c710b1e1'),(417,8,126,NULL,63,2,'2023-12-01 08:59:01','2023-12-01 08:59:01','8d254a7c-8977-4544-86fc-b96419deafec'),(418,8,126,NULL,64,3,'2023-12-01 08:59:01','2023-12-01 08:59:01','377951ba-0107-46ec-aaac-8b6ee2df21c6'),(419,8,126,NULL,65,4,'2023-12-01 08:59:01','2023-12-01 08:59:01','dbe50c8b-2150-46e6-a66b-49b05f596b21'),(420,8,126,NULL,66,5,'2023-12-01 08:59:01','2023-12-01 08:59:01','509c4c86-ef8d-402f-8619-01fff49e9c54'),(421,8,126,NULL,67,6,'2023-12-01 08:59:01','2023-12-01 08:59:01','8c602dd0-acf5-4fde-9059-9a7e9d497a85'),(422,8,126,NULL,68,7,'2023-12-01 08:59:01','2023-12-01 08:59:01','519cd836-04e7-4be1-bc1c-4d54db6b4814'),(423,8,126,NULL,69,8,'2023-12-01 08:59:01','2023-12-01 08:59:01','ca6bfc8e-0427-40aa-b293-fb25dcaca39a'),(424,8,126,NULL,70,9,'2023-12-01 08:59:01','2023-12-01 08:59:01','9259380e-fd91-4de4-a6c7-f2a5582eb13f'),(425,8,126,NULL,71,10,'2023-12-01 08:59:01','2023-12-01 08:59:01','9eb9da20-6709-4cbd-83f9-531347766681'),(426,8,126,NULL,72,11,'2023-12-01 08:59:01','2023-12-01 08:59:01','6e20b44d-4b0d-4812-9460-06bb6bc8c998'),(428,8,121,NULL,127,1,'2023-12-01 09:03:31','2023-12-01 09:03:31','bc1aaea1-d54c-4941-b8ff-13a2b52dbd8d'),(429,8,129,NULL,127,1,'2023-12-01 09:03:32','2023-12-01 09:03:32','e67ae7f4-54aa-4683-a5ec-850cdfeccc8c'),(430,8,130,NULL,62,1,'2023-12-01 09:03:44','2023-12-01 09:03:44','2fff9cf9-7bda-42ab-8e47-f1beeee1cc21'),(431,8,130,NULL,63,2,'2023-12-01 09:03:44','2023-12-01 09:03:44','968dbfc4-3aa5-4cda-b652-08bcfaa59912'),(432,8,130,NULL,64,3,'2023-12-01 09:03:44','2023-12-01 09:03:44','0519eb7b-6ed2-4d5a-87d9-d5d7e67076eb'),(433,8,130,NULL,65,4,'2023-12-01 09:03:44','2023-12-01 09:03:44','0655e324-0ff9-44be-9f3a-036445aee492'),(434,8,130,NULL,66,5,'2023-12-01 09:03:44','2023-12-01 09:03:44','48bdbd50-9c2a-4088-bba2-4f39aba89f72'),(435,8,130,NULL,67,6,'2023-12-01 09:03:44','2023-12-01 09:03:44','a052dcd5-7ec7-437c-b356-a595848403de'),(436,8,130,NULL,68,7,'2023-12-01 09:03:44','2023-12-01 09:03:44','9acf2285-f0d2-4fe2-8fdb-d7b156e426d9'),(437,8,130,NULL,69,8,'2023-12-01 09:03:44','2023-12-01 09:03:44','b91dfc59-b958-4971-b832-92df10866765'),(438,8,130,NULL,70,9,'2023-12-01 09:03:44','2023-12-01 09:03:44','7037571e-b0f9-4baf-b1b6-3884ef556202'),(439,8,130,NULL,71,10,'2023-12-01 09:03:44','2023-12-01 09:03:44','dfd8e955-13d6-4b26-aa55-17dee7967e20'),(440,8,130,NULL,72,11,'2023-12-01 09:03:44','2023-12-01 09:03:44','07ce6233-b6d5-40a3-883a-c81da4d574a6'),(442,8,132,NULL,127,1,'2023-12-01 09:03:52','2023-12-01 09:03:52','4a9e0b4a-2a8c-46f7-b8b5-654ed194fa87'),(443,8,133,NULL,57,1,'2023-12-01 09:20:31','2023-12-01 09:20:31','df513db0-76d2-4633-826e-a53ed89b7d76'),(444,8,133,NULL,52,2,'2023-12-01 09:20:31','2023-12-01 09:20:31','30f49118-add4-4a36-8321-baab9a1a20b2'),(445,8,133,NULL,53,3,'2023-12-01 09:20:31','2023-12-01 09:20:31','5248ebe2-f048-45b6-bcec-d10612c7ee16'),(446,8,133,NULL,54,4,'2023-12-01 09:20:31','2023-12-01 09:20:31','5d365db9-6c25-4160-9b48-7fb0101fc1ac'),(447,8,133,NULL,56,5,'2023-12-01 09:20:31','2023-12-01 09:20:31','95bf3f43-f231-489f-b0b4-50bf277519b3'),(448,8,133,NULL,51,6,'2023-12-01 09:20:31','2023-12-01 09:20:31','11871eff-f39d-412f-b3a8-2f11edd7818b'),(449,8,133,NULL,50,7,'2023-12-01 09:20:31','2023-12-01 09:20:31','72bcf611-36ed-4e04-9f85-ecf9092bd1f5'),(450,8,133,NULL,49,8,'2023-12-01 09:20:31','2023-12-01 09:20:31','8466e42a-a745-4d72-818d-0f09dc6988f0'),(451,8,133,NULL,48,9,'2023-12-01 09:20:31','2023-12-01 09:20:31','5b70e714-f6f3-4320-81e2-58c9a2518027'),(452,8,133,NULL,47,10,'2023-12-01 09:20:31','2023-12-01 09:20:31','dcc4b2c0-8df6-4421-9f43-65198377b647'),(453,8,134,NULL,62,1,'2023-12-01 09:20:32','2023-12-01 09:20:32','02424a36-d588-4dbe-bca7-54fed8f897de'),(454,8,134,NULL,63,2,'2023-12-01 09:20:32','2023-12-01 09:20:32','7c372571-ba61-47d9-9182-e324ca7c8440'),(455,8,134,NULL,64,3,'2023-12-01 09:20:32','2023-12-01 09:20:32','1821fdf8-25a4-4985-ab62-dad0b1d5f6e0'),(456,8,134,NULL,65,4,'2023-12-01 09:20:32','2023-12-01 09:20:32','2a432cfb-6e21-4c2d-8e9a-6d7f680e38be'),(457,8,134,NULL,66,5,'2023-12-01 09:20:32','2023-12-01 09:20:32','e1bfa716-ce6b-4a77-bdc5-199364cd2080'),(458,8,134,NULL,67,6,'2023-12-01 09:20:32','2023-12-01 09:20:32','aca0aa66-77b3-4eb0-8cdc-1cd3e449c60e'),(459,8,134,NULL,68,7,'2023-12-01 09:20:32','2023-12-01 09:20:32','3c19c198-2f6b-4fca-a164-4e9bbb8d2705'),(460,8,134,NULL,69,8,'2023-12-01 09:20:32','2023-12-01 09:20:32','291c0f0e-570a-45e0-8016-f0b611a100dc'),(461,8,134,NULL,70,9,'2023-12-01 09:20:32','2023-12-01 09:20:32','296cad37-a152-417f-b206-6ecb9f3b7350'),(462,8,134,NULL,71,10,'2023-12-01 09:20:32','2023-12-01 09:20:32','23983575-bf63-46e5-92b5-77391b1daef7'),(463,8,134,NULL,72,11,'2023-12-01 09:20:32','2023-12-01 09:20:32','00ae3dae-d44b-4d1b-842d-afe92a5a9e15'),(472,11,3,NULL,121,1,'2023-12-01 09:22:29','2023-12-01 09:22:29','37d5bd46-b5d6-402b-93ef-ac0f6d350376'),(473,11,3,NULL,115,2,'2023-12-01 09:22:29','2023-12-01 09:22:29','b47e2264-a83d-48f5-a4ab-2cdf6db3fca6'),(474,11,3,NULL,105,3,'2023-12-01 09:22:29','2023-12-01 09:22:29','a6713c30-fa5a-42aa-8bce-384890c6e303'),(475,2,136,NULL,11,1,'2023-12-01 09:22:29','2023-12-01 09:22:29','06c3d0f5-320f-4988-a28b-02c7dc7059f9'),(476,11,136,NULL,121,1,'2023-12-01 09:22:29','2023-12-01 09:22:29','41484a80-1aa0-49d8-a0ed-8e632b0093c5'),(477,11,136,NULL,115,2,'2023-12-01 09:22:29','2023-12-01 09:22:29','ace5e2e1-4609-403e-bb3b-6f1aeaba23b5'),(478,11,136,NULL,105,3,'2023-12-01 09:22:29','2023-12-01 09:22:29','d8965cd7-d977-4b08-8e1b-e8703e44ceae'),(479,11,136,NULL,59,4,'2023-12-01 09:22:29','2023-12-01 09:22:29','06e06761-6b49-4dae-8cfa-258006bcf1e6'),(480,11,136,NULL,42,5,'2023-12-01 09:22:29','2023-12-01 09:22:29','f0c54812-609d-49d7-a91d-0c5da852fad7'),(481,5,137,NULL,36,1,'2023-12-01 09:22:29','2023-12-01 09:22:29','bf19cbd3-8035-4bc3-92a5-1be063e8841a'),(482,2,138,NULL,11,1,'2023-12-01 10:41:30','2023-12-01 10:41:30','168fe112-1ca2-443c-8dde-fac8577210bb'),(483,11,138,NULL,59,1,'2023-12-01 10:41:30','2023-12-01 10:41:30','3bec3e38-d525-45f3-a907-5e78eff81758'),(484,11,138,NULL,42,2,'2023-12-01 10:41:30','2023-12-01 10:41:30','08cbaedc-d5cd-416e-a85c-054e3b90080a'),(485,5,139,NULL,36,1,'2023-12-01 10:41:30','2023-12-01 10:41:30','831f8ad3-2018-4ad1-9f5e-fbdfe7d45dfe'),(486,2,142,NULL,11,1,'2023-12-01 13:43:37','2023-12-01 13:43:37','9d6507e5-cf0c-4dea-aabc-f9d9b552dd6c'),(487,5,143,NULL,36,1,'2023-12-01 13:43:37','2023-12-01 13:43:37','69284252-3563-4f50-8bed-6c33107491f1'),(491,2,145,NULL,11,1,'2023-12-01 13:46:13','2023-12-01 13:46:13','13b73090-33fd-4cf7-90d8-93049f1e26a9'),(492,12,145,NULL,140,1,'2023-12-01 13:46:13','2023-12-01 13:46:13','d1bc9e69-d261-407a-b1f4-8f2da92ba693'),(493,5,146,NULL,36,1,'2023-12-01 13:46:13','2023-12-01 13:46:13','c6bc85eb-a42b-4230-b12a-380c00d1054e'),(495,8,140,NULL,147,4,'2023-12-01 13:47:05','2023-12-01 13:51:35','23308113-f4e7-4852-bae9-65b6fb9170c6'),(496,8,149,NULL,147,1,'2023-12-01 13:47:05','2023-12-01 13:47:05','2ba8bcc9-8fa5-4a7b-939a-86c61e254c87'),(503,8,140,NULL,150,2,'2023-12-01 13:50:17','2023-12-01 13:50:17','29d6119e-548c-456c-9082-75169c399170'),(505,8,140,NULL,152,3,'2023-12-01 13:50:17','2023-12-01 13:51:35','665e7ee6-c20f-43b3-a0e4-3afce24205b4'),(506,8,140,NULL,154,1,'2023-12-01 13:50:17','2023-12-01 13:51:35','f8bc161d-07e4-4422-801b-9821b1180263'),(507,8,140,NULL,155,5,'2023-12-01 13:50:17','2023-12-01 13:51:35','18acdef8-e998-4bed-b322-ef8a6a7e4987'),(508,8,156,NULL,147,1,'2023-12-01 13:50:17','2023-12-01 13:50:17','49f10571-c3a4-4d0c-bcd3-d2a7e5e56132'),(509,8,156,NULL,150,2,'2023-12-01 13:50:17','2023-12-01 13:50:17','be7e420a-b9df-43fe-bd51-d319282b6839'),(510,8,156,NULL,151,3,'2023-12-01 13:50:17','2023-12-01 13:50:17','17f2f1f1-6e22-44e5-9812-f5870ca37534'),(511,8,156,NULL,152,4,'2023-12-01 13:50:17','2023-12-01 13:50:17','bab8efa2-e7f8-418b-9a98-9ab6d30365ee'),(512,8,156,NULL,154,5,'2023-12-01 13:50:17','2023-12-01 13:50:17','c531d778-82d9-4003-bf46-ff6d6072ad74'),(513,8,156,NULL,155,6,'2023-12-01 13:50:17','2023-12-01 13:50:17','d5625f62-208d-42a7-8d82-06fc28cc8d4d'),(520,8,158,NULL,147,1,'2023-12-01 13:50:59','2023-12-01 13:50:59','ce14890d-a8cd-42da-960f-06250da3d05e'),(521,8,158,NULL,150,2,'2023-12-01 13:50:59','2023-12-01 13:50:59','6c80d8d4-e272-4c7a-acc3-301263376590'),(522,8,158,NULL,151,3,'2023-12-01 13:50:59','2023-12-01 13:50:59','c016b54e-379e-418c-9a1a-bdd9897afc64'),(523,8,158,NULL,152,4,'2023-12-01 13:50:59','2023-12-01 13:50:59','bcac2f91-3b7f-4d5c-83f0-1d8ea1d0e772'),(524,8,158,NULL,154,5,'2023-12-01 13:50:59','2023-12-01 13:50:59','9b0c620e-0afe-4eaa-86ea-6c2ec0af653c'),(525,8,158,NULL,155,6,'2023-12-01 13:50:59','2023-12-01 13:50:59','d22a7609-5209-40d0-b6ec-a514accb91c9'),(532,8,160,NULL,154,1,'2023-12-01 13:51:35','2023-12-01 13:51:35','2e57677c-f96d-4417-b291-576385114f29'),(533,8,160,NULL,150,2,'2023-12-01 13:51:35','2023-12-01 13:51:35','9bd909d5-e1f4-4ba8-a6b8-6126cf81189a'),(534,8,160,NULL,152,3,'2023-12-01 13:51:35','2023-12-01 13:51:35','66723212-30b2-4849-949b-9142f7a6bd81'),(535,8,160,NULL,147,4,'2023-12-01 13:51:35','2023-12-01 13:51:35','da30d9b1-e9e9-4bdd-aca1-3c5bad2ddede'),(536,8,160,NULL,155,5,'2023-12-01 13:51:35','2023-12-01 13:51:35','d9752934-6361-41e5-a362-647adbc04d50'),(538,8,165,NULL,11,2,'2023-12-01 14:01:28','2023-12-01 15:26:45','d2cf18d1-0378-4c61-add2-f6effae5ab98'),(539,8,168,NULL,11,1,'2023-12-01 14:01:28','2023-12-01 14:01:28','6db18015-631f-400c-9558-ea7f11502467'),(546,8,172,NULL,154,1,'2023-12-01 15:06:17','2023-12-01 15:06:17','ae81a583-fe3d-4ac8-a9ad-26d60be0af0f'),(547,8,172,NULL,72,2,'2023-12-01 15:06:17','2023-12-01 15:06:17','e795ac23-113b-4162-811c-8fdf2bf8b3ee'),(548,8,172,NULL,62,3,'2023-12-01 15:06:17','2023-12-01 15:06:17','0ff54706-1841-4281-9e23-7c15a5ca43ab'),(549,8,172,NULL,60,4,'2023-12-01 15:06:17','2023-12-01 15:06:17','30326992-69e2-4e83-9a1e-e4166f19b47f'),(550,8,172,NULL,61,5,'2023-12-01 15:06:17','2023-12-01 15:06:17','d70b2ff2-1922-4b1b-9769-dac85f7e3052'),(551,8,172,NULL,57,6,'2023-12-01 15:06:17','2023-12-01 15:06:17','8ee456e9-0b0c-4b91-91d8-e6a7b5cdb1b4'),(552,8,175,NULL,154,1,'2023-12-01 15:06:17','2023-12-01 15:06:17','f87113f7-8cc5-4bb6-95fa-6e001b839850'),(553,8,175,NULL,72,2,'2023-12-01 15:06:17','2023-12-01 15:06:17','c6170cfd-97fd-45b0-ace6-45dfb370eee7'),(554,8,175,NULL,62,3,'2023-12-01 15:06:17','2023-12-01 15:06:17','c5464326-1da5-47e6-8b79-06bc95614ca2'),(555,8,175,NULL,60,4,'2023-12-01 15:06:17','2023-12-01 15:06:17','8648cf6a-7058-4a47-afaa-7a62afab99d4'),(556,8,175,NULL,61,5,'2023-12-01 15:06:17','2023-12-01 15:06:17','d49320d0-a86e-4004-b924-3f2bdff94172'),(557,8,175,NULL,57,6,'2023-12-01 15:06:17','2023-12-01 15:06:17','899e2520-0ead-4cf2-8759-248696412987'),(563,8,177,NULL,154,1,'2023-12-01 15:07:12','2023-12-01 15:07:12','fab00988-7d7f-408f-8d2f-f51f3b624578'),(564,8,177,NULL,150,2,'2023-12-01 15:07:12','2023-12-01 15:07:12','9488286e-6eac-452f-be28-159dd7cbd6d4'),(565,8,177,NULL,152,3,'2023-12-01 15:07:12','2023-12-01 15:07:12','b3e45457-1e29-402f-8eb7-bd26eba733db'),(566,8,177,NULL,147,4,'2023-12-01 15:07:12','2023-12-01 15:07:12','3cca6f99-563f-4c65-9b83-d09d03db0d34'),(567,8,177,NULL,155,5,'2023-12-01 15:07:12','2023-12-01 15:07:12','d1028ab7-f209-47d0-b2db-4f4f9c5b307f'),(568,8,178,NULL,11,1,'2023-12-01 15:11:26','2023-12-01 15:11:26','0d580336-422f-49e0-84f6-c7f27c1059e8'),(574,8,180,NULL,154,1,'2023-12-01 15:12:13','2023-12-01 15:12:13','f49cd90f-117c-420a-b0e3-0f53d9a96e90'),(575,8,180,NULL,150,2,'2023-12-01 15:12:13','2023-12-01 15:12:13','ce1a6336-bbee-4a32-994e-54461fc5feb7'),(576,8,180,NULL,152,3,'2023-12-01 15:12:13','2023-12-01 15:12:13','b39b287a-cc3d-4d50-a362-c5f9afcd0312'),(577,8,180,NULL,147,4,'2023-12-01 15:12:13','2023-12-01 15:12:13','921e0a35-4707-4afb-8396-24b81f36a55d'),(578,8,180,NULL,155,5,'2023-12-01 15:12:13','2023-12-01 15:12:13','fb9d3094-e4c5-45bf-9c20-4a4593ba03b4'),(584,8,182,NULL,154,1,'2023-12-01 15:12:31','2023-12-01 15:12:31','a0ecf07a-0d08-4ee8-b649-3118dc1b66f8'),(585,8,182,NULL,150,2,'2023-12-01 15:12:31','2023-12-01 15:12:31','ede0edd0-f64d-4e23-afca-eb60a74932fb'),(586,8,182,NULL,152,3,'2023-12-01 15:12:31','2023-12-01 15:12:31','27197a53-eec8-4ecf-b271-dba741308a96'),(587,8,182,NULL,147,4,'2023-12-01 15:12:31','2023-12-01 15:12:31','cca783b2-d100-4b83-9354-e6fda54d6c36'),(588,8,182,NULL,155,5,'2023-12-01 15:12:31','2023-12-01 15:12:31','56204558-2d79-429f-9a75-b1e6977fbfdb'),(594,8,184,NULL,154,1,'2023-12-01 15:13:20','2023-12-01 15:13:20','80c958c1-9416-41f2-9cdf-35111cf71e2e'),(595,8,184,NULL,150,2,'2023-12-01 15:13:20','2023-12-01 15:13:20','3dffd13b-147c-4448-9593-09ac880564f2'),(596,8,184,NULL,152,3,'2023-12-01 15:13:20','2023-12-01 15:13:20','37694741-3e50-464f-a23d-d57349e1c9b9'),(597,8,184,NULL,147,4,'2023-12-01 15:13:20','2023-12-01 15:13:20','92a728ef-673e-4e36-8747-3d277079cef6'),(598,8,184,NULL,155,5,'2023-12-01 15:13:20','2023-12-01 15:13:20','7e1da758-9486-433b-8150-ef1f93d66677'),(604,8,186,NULL,154,1,'2023-12-01 15:13:48','2023-12-01 15:13:48','8ace61e7-4994-4d41-88e0-a8fefe1f2f4c'),(605,8,186,NULL,150,2,'2023-12-01 15:13:48','2023-12-01 15:13:48','cbd57aaa-c727-4887-bcd0-5219e8cacd90'),(606,8,186,NULL,152,3,'2023-12-01 15:13:48','2023-12-01 15:13:48','f4f77300-c9ea-44f8-bd70-fea383401ae5'),(607,8,186,NULL,147,4,'2023-12-01 15:13:48','2023-12-01 15:13:48','61ee9de0-2c69-47ab-b933-a9e7affaacad'),(608,8,186,NULL,155,5,'2023-12-01 15:13:48','2023-12-01 15:13:48','981a3ece-e12d-4572-9291-ab593863db47'),(614,8,188,NULL,154,1,'2023-12-01 15:14:40','2023-12-01 15:14:40','98689f75-5ec0-4457-9b84-06a57c3b2285'),(615,8,188,NULL,150,2,'2023-12-01 15:14:40','2023-12-01 15:14:40','582f1695-e35f-4114-991c-275cd26864cc'),(616,8,188,NULL,152,3,'2023-12-01 15:14:40','2023-12-01 15:14:40','87a3a004-cd0d-45f1-8002-3b97a2a06553'),(617,8,188,NULL,147,4,'2023-12-01 15:14:40','2023-12-01 15:14:40','aa2623e4-8235-4558-a8bb-9e53e7efb02f'),(618,8,188,NULL,155,5,'2023-12-01 15:14:40','2023-12-01 15:14:40','542fb1ca-0cc2-4772-bfda-e29f93a326b4'),(625,8,190,NULL,154,1,'2023-12-01 15:15:31','2023-12-01 15:15:31','e7e9941a-f7b6-47b2-ac76-1bd0175d3935'),(626,8,190,NULL,72,2,'2023-12-01 15:15:31','2023-12-01 15:15:31','5dc47aac-dc93-4399-868a-dd3636ab5046'),(627,8,190,NULL,62,3,'2023-12-01 15:15:31','2023-12-01 15:15:31','ce9d783b-feb8-4ae4-a364-d416356523cf'),(628,8,190,NULL,60,4,'2023-12-01 15:15:31','2023-12-01 15:15:31','600dfe10-e449-4184-858f-793008c874da'),(629,8,190,NULL,61,5,'2023-12-01 15:15:31','2023-12-01 15:15:31','4ece59c6-5508-4a91-b402-1fc04cb11b14'),(630,8,190,NULL,57,6,'2023-12-01 15:15:31','2023-12-01 15:15:31','00111bd1-407b-4d4d-9f15-ebcd2464115f'),(632,8,192,NULL,11,1,'2023-12-01 15:16:14','2023-12-01 15:16:14','d0ceb5f2-450d-451f-868b-df38ce1be0bd'),(638,8,194,NULL,154,1,'2023-12-01 15:18:45','2023-12-01 15:18:45','1d048c11-7eeb-4725-8bae-53c9e7f14a7f'),(639,8,194,NULL,150,2,'2023-12-01 15:18:45','2023-12-01 15:18:45','50b7cc17-ed29-40d3-b119-541689e0d68e'),(640,8,194,NULL,152,3,'2023-12-01 15:18:45','2023-12-01 15:18:45','18117f1c-b484-42b9-b400-a860ac046c5b'),(641,8,194,NULL,147,4,'2023-12-01 15:18:45','2023-12-01 15:18:45','6588da51-2847-460a-a757-5fa812c761aa'),(642,8,194,NULL,155,5,'2023-12-01 15:18:45','2023-12-01 15:18:45','dbb3fdb4-b228-45db-818e-a4ac4cfaf564'),(648,8,196,NULL,154,1,'2023-12-01 15:19:03','2023-12-01 15:19:03','7df44fe5-a7a8-4c4c-8b69-8eec98763fba'),(649,8,196,NULL,150,2,'2023-12-01 15:19:03','2023-12-01 15:19:03','1bc448ca-327d-41d5-854a-4f1a9bb4ee92'),(650,8,196,NULL,152,3,'2023-12-01 15:19:03','2023-12-01 15:19:03','c7064bb5-6954-487f-81b7-811fd659e8b1'),(651,8,196,NULL,147,4,'2023-12-01 15:19:03','2023-12-01 15:19:03','b1358119-413d-48c3-8c09-a97de35d06ae'),(652,8,196,NULL,155,5,'2023-12-01 15:19:03','2023-12-01 15:19:03','87069975-8fab-46b6-8ed4-64f170d6d63c'),(653,8,197,NULL,154,1,'2023-12-01 15:19:18','2023-12-01 15:19:18','37cf151a-cab0-4994-9818-6d3820adc3f9'),(654,8,197,NULL,150,2,'2023-12-01 15:19:18','2023-12-01 15:19:18','816658f0-75d9-478f-9890-4eee72ff2ead'),(655,8,197,NULL,152,3,'2023-12-01 15:19:18','2023-12-01 15:19:18','c2f29f3a-c6dc-4954-b0ad-f81cb02f6d7c'),(656,8,197,NULL,147,4,'2023-12-01 15:19:18','2023-12-01 15:19:18','a5fff301-3f6f-4ba4-902e-4d9c560b17af'),(657,8,197,NULL,155,5,'2023-12-01 15:19:18','2023-12-01 15:19:18','5373960a-94b4-4335-8a52-dac1accfd398'),(658,8,202,NULL,154,1,'2023-12-01 15:19:53','2023-12-01 15:19:53','b4e6edab-fe96-4548-ad99-dce295ede277'),(659,8,202,NULL,150,2,'2023-12-01 15:19:53','2023-12-01 15:19:53','1e5d8f9e-ca58-49cc-b3f7-5cd2471cbbc2'),(660,8,202,NULL,152,3,'2023-12-01 15:19:53','2023-12-01 15:19:53','7c3b6dcc-fb61-4382-8318-00dc2db927b8'),(661,8,202,NULL,147,4,'2023-12-01 15:19:53','2023-12-01 15:19:53','fb9aebfe-49d6-4b4b-88a9-2fdd9b91efe8'),(662,8,202,NULL,155,5,'2023-12-01 15:19:53','2023-12-01 15:19:53','214fdfd6-480f-4f96-9988-cbceedeb6be2'),(663,8,205,NULL,154,1,'2023-12-01 15:20:11','2023-12-01 15:20:11','06989529-d18d-4b04-8cab-aa16fc4dc058'),(664,8,205,NULL,150,2,'2023-12-01 15:20:11','2023-12-01 15:20:11','00d43afe-3fcf-458e-b8ad-8a4085de0f41'),(665,8,205,NULL,152,3,'2023-12-01 15:20:11','2023-12-01 15:20:11','30f98f93-e594-4f8a-82f8-d29c8add6ead'),(666,8,205,NULL,147,4,'2023-12-01 15:20:11','2023-12-01 15:20:11','eef79929-44b1-4c35-8e34-a300298ca756'),(667,8,205,NULL,155,5,'2023-12-01 15:20:11','2023-12-01 15:20:11','5fca6191-6197-475f-89d9-e2cc32dc0bdb'),(671,8,198,NULL,150,2,'2023-12-01 15:21:23','2023-12-01 15:23:17','b52641bd-d784-4305-b885-e4582265a1e5'),(672,8,198,NULL,155,3,'2023-12-01 15:21:23','2023-12-01 15:23:17','54fddd66-a2d0-41c0-9026-f3f7a9f6776e'),(673,8,198,NULL,152,4,'2023-12-01 15:21:23','2023-12-01 15:23:17','b4fc0d32-30ed-4cf8-a30b-7eec592e5921'),(674,8,209,NULL,150,1,'2023-12-01 15:21:23','2023-12-01 15:21:23','e5b63ad7-18c9-4f7d-993a-b3774f59cd41'),(675,8,209,NULL,155,2,'2023-12-01 15:21:23','2023-12-01 15:21:23','2b15cc1e-bd27-4711-9cc9-4c836dd797ff'),(676,8,209,NULL,152,3,'2023-12-01 15:21:23','2023-12-01 15:21:23','1c1de836-5177-442f-8c2d-c038349505ef'),(677,8,210,NULL,154,1,'2023-12-01 15:21:49','2023-12-01 15:21:49','a43dd4cb-b0b7-44f1-9058-2a4633d4f00d'),(678,8,210,NULL,150,2,'2023-12-01 15:21:49','2023-12-01 15:21:49','3873b109-f7d4-43ec-a8b5-42f415bb40a6'),(679,8,210,NULL,152,3,'2023-12-01 15:21:49','2023-12-01 15:21:49','1cdae54f-c1b8-414c-8e4e-a1ad3182a877'),(680,8,210,NULL,147,4,'2023-12-01 15:21:49','2023-12-01 15:21:49','ec7a3c9e-5879-4550-973d-47e5f8cc118a'),(681,8,210,NULL,155,5,'2023-12-01 15:21:49','2023-12-01 15:21:49','83f074f1-8a58-46c2-b550-ed78c3934345'),(682,8,211,NULL,154,1,'2023-12-01 15:21:49','2023-12-01 15:21:49','2301b67a-6ed1-4de5-90fe-b83b1d1b414f'),(683,8,211,NULL,150,2,'2023-12-01 15:21:49','2023-12-01 15:21:49','1f20b89d-f039-4265-92e1-cf46d731587e'),(684,8,211,NULL,152,3,'2023-12-01 15:21:49','2023-12-01 15:21:49','5265176f-0a88-48fa-9fc1-1c575080986b'),(685,8,211,NULL,147,4,'2023-12-01 15:21:49','2023-12-01 15:21:49','2e2f6554-67a5-480f-bb46-5a74c4f58b7b'),(686,8,211,NULL,155,5,'2023-12-01 15:21:49','2023-12-01 15:21:49','a1b9e85b-88e7-483d-be10-d03d7240f971'),(687,8,212,NULL,154,1,'2023-12-01 15:21:55','2023-12-01 15:21:55','2fd17461-d8cf-4d99-8177-d961ebb61b12'),(688,8,212,NULL,150,2,'2023-12-01 15:21:55','2023-12-01 15:21:55','5f26b283-f24c-45e4-bcc8-20bd8c97f3de'),(689,8,212,NULL,152,3,'2023-12-01 15:21:55','2023-12-01 15:21:55','e712fdb3-4361-42b5-b9b2-46bfdc9a1243'),(690,8,212,NULL,147,4,'2023-12-01 15:21:55','2023-12-01 15:21:55','1021f5f1-d013-4cc2-9c0b-91978d278abc'),(691,8,212,NULL,155,5,'2023-12-01 15:21:55','2023-12-01 15:21:55','1a314ce5-909c-4576-9659-2766f4b28b44'),(692,8,213,NULL,154,1,'2023-12-01 15:21:55','2023-12-01 15:21:55','8f1da611-e10f-41b1-8db3-6ea6630e88f6'),(693,8,213,NULL,150,2,'2023-12-01 15:21:55','2023-12-01 15:21:55','ebb14205-c167-4e48-b00b-15c3ffae6226'),(694,8,213,NULL,152,3,'2023-12-01 15:21:55','2023-12-01 15:21:55','5b899cd0-6cf5-4cc3-b033-a67eb01fd432'),(695,8,213,NULL,147,4,'2023-12-01 15:21:55','2023-12-01 15:21:55','dcca030c-2a3d-48b8-80f4-2f55a9576689'),(696,8,213,NULL,155,5,'2023-12-01 15:21:55','2023-12-01 15:21:55','76164050-3cf7-48eb-aa74-4d46a95ddba8'),(699,12,3,NULL,198,1,'2023-12-01 15:22:35','2023-12-01 15:22:35','90541b5a-236f-42b4-9c13-fb702a8716b0'),(700,2,215,NULL,11,1,'2023-12-01 15:22:35','2023-12-01 15:22:35','a17c1c53-705d-4554-b8cd-a458bbe18cb0'),(701,12,215,NULL,198,1,'2023-12-01 15:22:35','2023-12-01 15:22:35','e50c4cec-8d66-4307-b2e2-5ccf7443462b'),(702,5,216,NULL,36,1,'2023-12-01 15:22:35','2023-12-01 15:22:35','bb33215a-e0b1-414b-bb70-9ca76792f07c'),(707,8,198,NULL,154,1,'2023-12-01 15:23:17','2023-12-01 15:23:17','b99ebe3e-cc01-40fe-881d-dd9a0fde6c8a'),(708,8,218,NULL,154,1,'2023-12-01 15:23:17','2023-12-01 15:23:17','412d5592-165f-4c0d-b9ee-339d1b2c2f9c'),(709,8,218,NULL,150,2,'2023-12-01 15:23:17','2023-12-01 15:23:17','c8ecdfc7-a07d-454a-a893-2aab4d0054fe'),(710,8,218,NULL,155,3,'2023-12-01 15:23:17','2023-12-01 15:23:17','14a6d488-5d76-4b2c-aa18-69c78b303b85'),(711,8,218,NULL,152,4,'2023-12-01 15:23:17','2023-12-01 15:23:17','00938e50-78aa-4c26-ab0e-65b097e7494d'),(714,8,165,NULL,220,1,'2023-12-01 15:26:10','2023-12-01 15:26:45','9006ccfa-1eaa-4439-839d-0fa02d01a3c0'),(715,8,221,NULL,11,1,'2023-12-01 15:26:10','2023-12-01 15:26:10','f65b59e3-462e-47e3-a368-4ad9cfac8e96'),(716,8,221,NULL,220,2,'2023-12-01 15:26:10','2023-12-01 15:26:10','cbffda55-5b84-478d-92ff-7ef043ff4566'),(719,8,223,NULL,220,1,'2023-12-01 15:26:45','2023-12-01 15:26:45','f6af02b5-e31b-44ae-a3c1-7d75495cc4f4'),(720,8,223,NULL,11,2,'2023-12-01 15:26:45','2023-12-01 15:26:45','0b22d387-ee74-4dd0-ba19-5f13aa197ad2'),(723,8,227,NULL,147,1,'2023-12-01 18:22:13','2023-12-01 18:22:13','605c9d1a-58e0-410e-bc2a-2fa4036febf1'),(725,8,229,NULL,147,1,'2023-12-01 18:23:14','2023-12-01 18:23:14','dd4bdc28-17a8-4c7f-ac9c-7435ec244f29'),(729,8,231,NULL,155,1,'2023-12-01 18:23:59','2023-12-01 18:23:59','09d1ccb3-41f3-41e2-9f90-a73b512acd03'),(732,8,224,NULL,152,1,'2023-12-01 18:24:28','2023-12-01 18:24:28','ca77176f-107d-422d-b188-779fa982375b'),(733,8,233,NULL,152,1,'2023-12-01 18:24:28','2023-12-01 18:24:28','54132e9e-1ed0-45cc-9d53-1ea9e83ea74e'),(738,8,235,NULL,154,1,'2023-12-01 20:15:08','2023-12-01 20:15:08','daa83c55-ce1a-4849-9234-116f48b80720'),(739,8,235,NULL,150,2,'2023-12-01 20:15:08','2023-12-01 20:15:08','b2e38551-9d26-4029-9cdb-7492a1f6df20'),(740,8,235,NULL,155,3,'2023-12-01 20:15:08','2023-12-01 20:15:08','6dbb84bc-2071-489c-a489-21ea9842aacb'),(741,8,235,NULL,152,4,'2023-12-01 20:15:08','2023-12-01 20:15:08','580b0f5a-6339-43f9-9c10-2a5b53045e62'),(742,14,237,NULL,84,1,'2023-12-02 23:03:03','2023-12-02 23:03:03','5b27af32-9f10-4bce-ada3-d6ca916adddf'),(743,14,238,NULL,161,1,'2023-12-02 23:03:03','2023-12-02 23:03:03','96495efd-f517-4708-90d7-389b5895d14d');
/*!40000 ALTER TABLE `relations` ENABLE KEYS */;
UNLOCK TABLES;
commit;

--
-- Dumping data for table `revisions`
--

LOCK TABLES `revisions` WRITE;
/*!40000 ALTER TABLE `revisions` DISABLE KEYS */;
set autocommit=0;
INSERT INTO `revisions` VALUES (1,3,1,1,NULL),(2,3,1,2,NULL),(3,3,1,3,NULL),(4,3,1,4,'Applied Draft 1'),(5,3,1,5,'Applied Draft 1'),(6,3,1,6,NULL),(7,3,1,7,'Applied Draft 1'),(8,17,1,1,NULL),(9,3,1,8,'Applied Draft 1'),(10,17,1,2,NULL),(11,3,1,9,'Applied Draft 1'),(12,17,1,3,NULL),(13,3,1,10,''),(14,17,1,4,NULL),(15,3,1,11,'Applied Draft 1'),(16,17,1,5,NULL),(17,3,1,12,'Applied Draft 1'),(18,17,1,6,NULL),(19,3,1,13,'Applied Draft 1'),(20,17,1,7,NULL),(21,42,1,1,''),(22,42,1,2,'Applied Draft 1'),(23,42,1,3,'Applied Draft 1'),(24,59,1,1,''),(25,59,1,2,'Applied Draft 1'),(26,42,1,4,'Applied Draft 1'),(27,59,1,3,'Applied Draft 1'),(28,42,1,5,'Applied Draft 1'),(29,42,1,6,'Applied Draft 1'),(30,84,1,1,NULL),(31,84,1,2,NULL),(32,84,1,3,NULL),(33,84,1,4,''),(34,84,1,5,'Applied Draft 1'),(35,3,1,14,NULL),(36,17,1,8,NULL),(37,3,1,15,'Applied Draft 1'),(38,17,1,9,NULL),(39,59,1,4,'Applied Draft 1'),(40,59,1,5,''),(41,42,1,7,'Applied Draft 1'),(42,42,1,8,''),(43,42,1,9,'Applied Draft 1'),(44,105,1,1,''),(45,59,1,6,'Applied Draft 1'),(46,42,1,10,'Applied Draft 1'),(47,59,1,7,'Applied Draft 1'),(48,105,1,2,'Applied Draft 1'),(49,115,1,1,''),(50,42,1,11,'Applied Draft 1'),(51,42,1,12,NULL),(52,59,1,8,NULL),(53,121,1,1,''),(54,59,1,9,''),(55,121,1,2,'Applied Draft 1'),(56,59,1,10,''),(57,121,1,3,'Applied Draft 1'),(58,59,1,11,''),(59,121,1,4,'Applied Draft 1'),(60,42,1,13,NULL),(61,59,1,12,NULL),(62,3,1,16,'Applied Draft 1'),(63,17,1,10,NULL),(64,3,1,17,NULL),(65,17,1,11,NULL),(66,140,1,1,''),(67,3,1,18,NULL),(68,17,1,12,NULL),(69,3,1,19,'Applied Draft 1'),(70,17,1,13,NULL),(71,140,1,2,'Applied Draft 1'),(72,140,1,3,'Applied Draft 1'),(73,140,1,4,'Applied Draft 1'),(74,140,1,5,'Applied Draft 1'),(75,161,1,1,NULL),(76,161,1,2,NULL),(77,161,1,3,NULL),(78,165,1,1,''),(79,165,1,2,'Applied Draft 1'),(80,161,1,4,NULL),(81,161,1,5,NULL),(82,161,1,6,NULL),(83,172,1,1,''),(84,172,1,2,'Applied Draft 1'),(85,140,1,6,'Applied Draft 1'),(86,165,1,3,''),(87,140,1,7,'Applied Draft 1'),(88,140,1,8,'Applied Draft 1'),(89,140,1,9,'Applied Draft 1'),(90,140,1,10,'Applied Draft 1'),(91,140,1,11,'Applied Draft 1'),(92,172,1,3,'Applied Draft 1'),(93,165,1,4,'Applied Draft 1'),(94,140,1,12,'Applied Draft 1'),(95,140,1,13,'Applied Draft 1'),(96,140,1,14,''),(97,198,1,1,''),(98,198,1,2,''),(99,198,1,3,''),(100,140,1,15,''),(101,198,1,4,'Applied Draft 1'),(102,140,1,16,''),(103,198,1,5,'Applied Draft 1'),(104,198,1,6,'Applied Draft 1'),(105,210,1,1,NULL),(106,212,1,1,NULL),(107,3,1,20,'Applied Draft 1'),(108,17,1,14,NULL),(109,198,1,7,'Applied Draft 1'),(110,165,1,5,'Applied Draft 1'),(111,165,1,6,'Applied Draft 1'),(112,224,1,1,''),(113,224,1,2,'Applied Draft 1'),(114,224,1,3,'Applied Draft 1'),(115,224,1,4,'Applied Draft 1'),(116,224,1,5,'Applied Draft 1'),(117,198,1,8,'Applied Draft 1');
/*!40000 ALTER TABLE `revisions` ENABLE KEYS */;
UNLOCK TABLES;
commit;

--
-- Dumping data for table `searchindex`
--

LOCK TABLES `searchindex` WRITE;
/*!40000 ALTER TABLE `searchindex` DISABLE KEYS */;
set autocommit=0;
INSERT INTO `searchindex` VALUES (1,'email',0,1,' evansrobbie hotmail com '),(1,'firstname',0,1,''),(1,'fullname',0,1,''),(1,'lastname',0,1,''),(1,'slug',0,1,''),(1,'username',0,1,' admin '),(2,'slug',0,1,''),(3,'slug',0,1,' home '),(3,'title',0,1,' home '),(8,'alt',0,1,''),(8,'extension',0,1,' jpg '),(8,'filename',0,1,' sunflower jpg '),(8,'kind',0,1,' image '),(8,'slug',0,1,''),(8,'title',0,1,' sunflower '),(11,'alt',0,1,''),(11,'extension',0,1,' jpg '),(11,'filename',0,1,' mood shot of the house and general complex small jpg '),(11,'kind',0,1,' image '),(11,'slug',0,1,''),(11,'title',0,1,' mood shot of the house and general complex small '),(17,'slug',0,1,''),(31,'alt',0,1,''),(31,'extension',0,1,' jpeg '),(31,'filename',0,1,' whatsapp image 2023 11 30 at 18 53 19 jpeg '),(31,'kind',0,1,' image '),(31,'slug',0,1,''),(31,'title',0,1,' whats app image 2023 11 30 at 18 53 19 '),(36,'alt',0,1,''),(36,'extension',0,1,' jpeg '),(36,'filename',0,1,' whatsapp image 2023 11 30 at 19 02 06 jpeg '),(36,'kind',0,1,' image '),(36,'slug',0,1,''),(36,'title',0,1,' whats app image 2023 11 30 at 19 02 06 '),(42,'slug',0,1,' jasmine '),(42,'title',0,1,' jasmine '),(47,'alt',0,1,''),(47,'extension',0,1,' jpg '),(47,'filename',0,1,' jasmine outdoor area 1 small jpg '),(47,'kind',0,1,' image '),(47,'slug',0,1,''),(47,'title',0,1,' jasmine outdoor area 1 small '),(48,'alt',0,1,''),(48,'extension',0,1,' jpg '),(48,'filename',0,1,' gite 1 jasmine wc jpg '),(48,'kind',0,1,' image '),(48,'slug',0,1,''),(48,'title',0,1,' gite 1 jasmine wc '),(49,'alt',0,1,''),(49,'extension',0,1,' jpg '),(49,'filename',0,1,' gite 1 jasmine chambre double jpg '),(49,'kind',0,1,' image '),(49,'slug',0,1,''),(49,'title',0,1,' gite 1 jasmine chambre double '),(50,'alt',0,1,''),(50,'extension',0,1,' jpg '),(50,'filename',0,1,' gite 1 jasmine cuisine jpg '),(50,'kind',0,1,' image '),(50,'slug',0,1,''),(50,'title',0,1,' gite 1 jasmine cuisine '),(51,'alt',0,1,''),(51,'extension',0,1,' jpg '),(51,'filename',0,1,' gite 1jasmine shower jpg '),(51,'kind',0,1,' image '),(51,'slug',0,1,''),(51,'title',0,1,' gite 1 jasmine shower '),(52,'alt',0,1,''),(52,'extension',0,1,' jpg '),(52,'filename',0,1,' jasmine dining area 1 jpg '),(52,'kind',0,1,' image '),(52,'slug',0,1,''),(52,'title',0,1,' jasmine dining area 1 '),(53,'alt',0,1,''),(53,'extension',0,1,' jpg '),(53,'filename',0,1,' jasmine downstairs jpg '),(53,'kind',0,1,' image '),(53,'slug',0,1,''),(53,'title',0,1,' jasmine downstairs '),(54,'alt',0,1,''),(54,'extension',0,1,' jpg '),(54,'filename',0,1,' jasmine interior 1 jpg '),(54,'kind',0,1,' image '),(54,'slug',0,1,''),(54,'title',0,1,' jasmine interior 1 '),(55,'alt',0,1,''),(55,'extension',0,1,' jpg '),(55,'filename',0,1,' jasmine outdoor area 1 small 2023 11 30 233419 pgfi jpg '),(55,'kind',0,1,' image '),(55,'slug',0,1,''),(55,'title',0,1,' jasmine outdoor area 1 small '),(56,'alt',0,1,''),(56,'extension',0,1,' jpg '),(56,'filename',0,1,' jasmine pool with inflatables jpg '),(56,'kind',0,1,' image '),(56,'slug',0,1,''),(56,'title',0,1,' jasmine pool with inflatables '),(57,'alt',0,1,''),(57,'extension',0,1,' jpg '),(57,'filename',0,1,' jasmine pool small jpg '),(57,'kind',0,1,' image '),(57,'slug',0,1,''),(57,'title',0,1,' jasmine pool small '),(59,'slug',0,1,' sunset '),(59,'title',0,1,' sunset '),(60,'alt',0,1,''),(60,'extension',0,1,' jpg '),(60,'filename',0,1,' poolandpergola jpg '),(60,'kind',0,1,' image '),(60,'slug',0,1,''),(60,'title',0,1,' poolandpergola '),(61,'alt',0,1,''),(61,'extension',0,1,' jpg '),(61,'filename',0,1,' poolpicmini jpg '),(61,'kind',0,1,' image '),(61,'slug',0,1,''),(61,'title',0,1,' poolpicmini '),(62,'alt',0,1,''),(62,'extension',0,1,' jpg '),(62,'filename',0,1,' sunrise and pool jpg '),(62,'kind',0,1,' image '),(62,'slug',0,1,''),(62,'title',0,1,' sunrise and pool '),(63,'alt',0,1,''),(63,'extension',0,1,' jpg '),(63,'filename',0,1,' sunset double jpg '),(63,'kind',0,1,' image '),(63,'slug',0,1,''),(63,'title',0,1,' sunset double '),(64,'alt',0,1,''),(64,'extension',0,1,' jpg '),(64,'filename',0,1,' sunset getting prepared jpg '),(64,'kind',0,1,' image '),(64,'slug',0,1,''),(64,'title',0,1,' sunset getting prepared '),(65,'alt',0,1,''),(65,'extension',0,1,' jpg '),(65,'filename',0,1,' sunset patio from bbq jpg '),(65,'kind',0,1,' image '),(65,'slug',0,1,''),(65,'title',0,1,' sunset patio from bbq '),(66,'alt',0,1,''),(66,'extension',0,1,' jpg '),(66,'filename',0,1,' sunset pool blue sky jpg '),(66,'kind',0,1,' image '),(66,'slug',0,1,''),(66,'title',0,1,' sunset pool blue sky '),(67,'alt',0,1,''),(67,'extension',0,1,' jpg '),(67,'filename',0,1,' sunset to kitchen jpg '),(67,'kind',0,1,' image '),(67,'slug',0,1,''),(67,'title',0,1,' sunset to kitchen '),(68,'alt',0,1,''),(68,'extension',0,1,' jpg '),(68,'filename',0,1,' sunset to tv jpg '),(68,'kind',0,1,' image '),(68,'slug',0,1,''),(68,'title',0,1,' sunset to tv '),(69,'alt',0,1,''),(69,'extension',0,1,' jpg '),(69,'filename',0,1,' sunset twin jpg '),(69,'kind',0,1,' image '),(69,'slug',0,1,''),(69,'title',0,1,' sunset twin '),(70,'alt',0,1,''),(70,'extension',0,1,' jpg '),(70,'filename',0,1,' sunset wc etc jpg '),(70,'kind',0,1,' image '),(70,'slug',0,1,''),(70,'title',0,1,' sunset wc etc '),(71,'alt',0,1,''),(71,'extension',0,1,' jpg '),(71,'filename',0,1,' sunsetcourtyard jpg '),(71,'kind',0,1,' image '),(71,'slug',0,1,''),(71,'title',0,1,' sunsetcourtyard '),(72,'alt',0,1,''),(72,'extension',0,1,' jpg '),(72,'filename',0,1,' sunsetpool1 1 jpg '),(72,'kind',0,1,' image '),(72,'slug',0,1,''),(72,'title',0,1,' sunsetpool1 1 '),(84,'slug',0,1,' gites listing '),(84,'title',0,1,' our gites '),(93,'slug',0,1,' temp spqtelzehqxjrcdewviijwbbtbfdnomqqmbd '),(93,'title',0,1,''),(105,'slug',0,1,' test '),(105,'title',0,1,' why cant you see me test '),(115,'slug',0,1,' or me '),(115,'title',0,1,' or me '),(121,'slug',0,1,' sunset new '),(121,'title',0,1,' sunset new '),(127,'alt',0,1,''),(127,'extension',0,1,' jpg '),(127,'filename',0,1,' jasmine pool small 2023 12 01 090325 vnvx jpg '),(127,'kind',0,1,' image '),(127,'slug',0,1,''),(127,'title',0,1,' jasmine pool small '),(140,'slug',0,1,' welcome to les ribaudieres '),(140,'title',0,1,' welcome to les ribaudieres '),(147,'alt',0,1,''),(147,'extension',0,1,' jpg '),(147,'filename',0,1,' lesribpanoramic1 1 small jpg '),(147,'kind',0,1,' image '),(147,'slug',0,1,''),(147,'title',0,1,' lesribpanoramic1 1 small '),(150,'alt',0,1,''),(150,'extension',0,1,' jpg '),(150,'filename',0,1,' lunch at jasmine jpg '),(150,'kind',0,1,' image '),(150,'slug',0,1,''),(150,'title',0,1,' lunch at jasmine '),(151,'alt',0,1,''),(151,'extension',0,1,' jpg '),(151,'filename',0,1,' mood shot of the house and general complex small 2023 12 01 135012 ubnr jpg '),(151,'kind',0,1,' image '),(151,'slug',0,1,''),(151,'title',0,1,' mood shot of the house and general complex small '),(152,'alt',0,1,''),(152,'extension',0,1,' jpg '),(152,'filename',0,1,' play area small jpg '),(152,'kind',0,1,' image '),(152,'slug',0,1,''),(152,'title',0,1,' play area small '),(154,'alt',0,1,''),(154,'extension',0,1,' jpg '),(154,'filename',0,1,' sunset pool blue sky 2023 12 01 135014 hxmi jpg '),(154,'kind',0,1,' image '),(154,'slug',0,1,''),(154,'title',0,1,' sunset pool blue sky '),(155,'alt',0,1,''),(155,'extension',0,1,' jpg '),(155,'filename',0,1,' swings and things jpg '),(155,'kind',0,1,' image '),(155,'slug',0,1,''),(155,'title',0,1,' swings and things '),(161,'slug',0,1,' about us '),(161,'title',0,1,' about us '),(165,'slug',0,1,' out and about '),(165,'title',0,1,' out and about '),(172,'slug',0,1,' our pools '),(172,'title',0,1,' our pools '),(198,'slug',0,1,' welcome to les ribaudieres 2 '),(198,'title',0,1,' welcome to les ribaudieres '),(210,'slug',0,1,' welcome to les ribaudieres 3 '),(210,'title',0,1,' welcome to les ribaudieres '),(212,'slug',0,1,' welcome to les ribaudieres 4 '),(212,'title',0,1,' welcome to les ribaudieres '),(220,'alt',0,1,''),(220,'extension',0,1,' jpeg '),(220,'filename',0,1,' stjeancathedral jpeg '),(220,'kind',0,1,' image '),(220,'slug',0,1,''),(220,'title',0,1,' st jean cathedral '),(224,'slug',0,1,' how to book '),(224,'title',0,1,' how to book '),(236,'slug',0,1,''),(237,'slug',0,1,''),(238,'slug',0,1,''),(239,'slug',0,1,'');
/*!40000 ALTER TABLE `searchindex` ENABLE KEYS */;
UNLOCK TABLES;
commit;

--
-- Dumping data for table `sections`
--

LOCK TABLES `sections` WRITE;
/*!40000 ALTER TABLE `sections` DISABLE KEYS */;
set autocommit=0;
INSERT INTO `sections` VALUES (1,NULL,'Home','home','single',1,'all','end',NULL,'2023-11-30 16:35:34','2023-11-30 16:35:34',NULL,'7d7efc4d-b657-47dc-bb2f-49ec951b8cf0'),(2,NULL,'Gites','gites','channel',1,'all','end',NULL,'2023-11-30 23:29:58','2023-11-30 23:29:58',NULL,'de21a329-31b8-4c1b-99ea-f22ef7fef176'),(3,NULL,'Gites Listing','gitesListing','single',1,'all','end',NULL,'2023-12-01 01:17:11','2023-12-01 01:17:11',NULL,'6f21c0d5-64da-4039-b930-1e4257ef92c7'),(4,NULL,'Stories','stories','channel',1,'all','end',NULL,'2023-12-01 13:32:05','2023-12-01 13:32:05',NULL,'a5a5c10a-f88b-4bca-80e4-679840f3f4f0'),(5,NULL,'About','aboutUs','single',1,'all','end',NULL,'2023-12-01 13:54:47','2023-12-01 15:01:13',NULL,'4be743ac-7093-4d42-9614-856eaf7f590c');
/*!40000 ALTER TABLE `sections` ENABLE KEYS */;
UNLOCK TABLES;
commit;

--
-- Dumping data for table `sections_sites`
--

LOCK TABLES `sections_sites` WRITE;
/*!40000 ALTER TABLE `sections_sites` DISABLE KEYS */;
set autocommit=0;
INSERT INTO `sections_sites` VALUES (1,1,1,1,'__home__','home.twig',1,'2023-11-30 16:35:34','2023-11-30 16:35:34','5937c969-79fa-4322-ab2d-c9ec71eb13ad'),(2,2,1,1,'gites/{slug}','gites/_entry',1,'2023-11-30 23:29:58','2023-11-30 23:29:58','1ccebcfa-928f-40d5-bf70-58038eb47b6c'),(3,3,1,1,'gites','gites/index.twig',1,'2023-12-01 01:17:11','2023-12-01 01:17:11','3349e1ee-c481-48fb-9541-71a4fc230d10'),(4,4,1,1,'stories/{slug}','stories/_entry',1,'2023-12-01 13:32:05','2023-12-01 13:32:05','be3e8119-4c36-48a6-9c13-4cddc008e6ac'),(5,5,1,1,'stories','stories/index.twig',1,'2023-12-01 13:54:47','2023-12-01 13:56:02','50c359e8-5048-4258-afbf-7e770100952e');
/*!40000 ALTER TABLE `sections_sites` ENABLE KEYS */;
UNLOCK TABLES;
commit;

--
-- Dumping data for table `sequences`
--

LOCK TABLES `sequences` WRITE;
/*!40000 ALTER TABLE `sequences` DISABLE KEYS */;
set autocommit=0;
/*!40000 ALTER TABLE `sequences` ENABLE KEYS */;
UNLOCK TABLES;
commit;

--
-- Dumping data for table `shunnedmessages`
--

LOCK TABLES `shunnedmessages` WRITE;
/*!40000 ALTER TABLE `shunnedmessages` DISABLE KEYS */;
set autocommit=0;
/*!40000 ALTER TABLE `shunnedmessages` ENABLE KEYS */;
UNLOCK TABLES;
commit;

--
-- Dumping data for table `sitegroups`
--

LOCK TABLES `sitegroups` WRITE;
/*!40000 ALTER TABLE `sitegroups` DISABLE KEYS */;
set autocommit=0;
INSERT INTO `sitegroups` VALUES (1,'Les Ribaudieres','2023-11-30 14:07:21','2023-11-30 14:07:21',NULL,'d05cf254-a524-4b2a-b115-e07ee82ae3d2');
/*!40000 ALTER TABLE `sitegroups` ENABLE KEYS */;
UNLOCK TABLES;
commit;

--
-- Dumping data for table `sites`
--

LOCK TABLES `sites` WRITE;
/*!40000 ALTER TABLE `sites` DISABLE KEYS */;
set autocommit=0;
INSERT INTO `sites` VALUES (1,1,1,'1','Les Ribaudieres','default','en-US',1,'@web',1,'2023-11-30 14:07:21','2023-12-02 23:30:33',NULL,'0e10cfc2-d5c2-4900-bbdb-75f39e2608b8');
/*!40000 ALTER TABLE `sites` ENABLE KEYS */;
UNLOCK TABLES;
commit;

--
-- Dumping data for table `structureelements`
--

LOCK TABLES `structureelements` WRITE;
/*!40000 ALTER TABLE `structureelements` DISABLE KEYS */;
set autocommit=0;
/*!40000 ALTER TABLE `structureelements` ENABLE KEYS */;
UNLOCK TABLES;
commit;

--
-- Dumping data for table `structures`
--

LOCK TABLES `structures` WRITE;
/*!40000 ALTER TABLE `structures` DISABLE KEYS */;
set autocommit=0;
/*!40000 ALTER TABLE `structures` ENABLE KEYS */;
UNLOCK TABLES;
commit;

--
-- Dumping data for table `systemmessages`
--

LOCK TABLES `systemmessages` WRITE;
/*!40000 ALTER TABLE `systemmessages` DISABLE KEYS */;
set autocommit=0;
/*!40000 ALTER TABLE `systemmessages` ENABLE KEYS */;
UNLOCK TABLES;
commit;

--
-- Dumping data for table `taggroups`
--

LOCK TABLES `taggroups` WRITE;
/*!40000 ALTER TABLE `taggroups` DISABLE KEYS */;
set autocommit=0;
/*!40000 ALTER TABLE `taggroups` ENABLE KEYS */;
UNLOCK TABLES;
commit;

--
-- Dumping data for table `tags`
--

LOCK TABLES `tags` WRITE;
/*!40000 ALTER TABLE `tags` DISABLE KEYS */;
set autocommit=0;
/*!40000 ALTER TABLE `tags` ENABLE KEYS */;
UNLOCK TABLES;
commit;

--
-- Dumping data for table `tokens`
--

LOCK TABLES `tokens` WRITE;
/*!40000 ALTER TABLE `tokens` DISABLE KEYS */;
set autocommit=0;
/*!40000 ALTER TABLE `tokens` ENABLE KEYS */;
UNLOCK TABLES;
commit;

--
-- Dumping data for table `usergroups`
--

LOCK TABLES `usergroups` WRITE;
/*!40000 ALTER TABLE `usergroups` DISABLE KEYS */;
set autocommit=0;
/*!40000 ALTER TABLE `usergroups` ENABLE KEYS */;
UNLOCK TABLES;
commit;

--
-- Dumping data for table `usergroups_users`
--

LOCK TABLES `usergroups_users` WRITE;
/*!40000 ALTER TABLE `usergroups_users` DISABLE KEYS */;
set autocommit=0;
/*!40000 ALTER TABLE `usergroups_users` ENABLE KEYS */;
UNLOCK TABLES;
commit;

--
-- Dumping data for table `userpermissions`
--

LOCK TABLES `userpermissions` WRITE;
/*!40000 ALTER TABLE `userpermissions` DISABLE KEYS */;
set autocommit=0;
/*!40000 ALTER TABLE `userpermissions` ENABLE KEYS */;
UNLOCK TABLES;
commit;

--
-- Dumping data for table `userpermissions_usergroups`
--

LOCK TABLES `userpermissions_usergroups` WRITE;
/*!40000 ALTER TABLE `userpermissions_usergroups` DISABLE KEYS */;
set autocommit=0;
/*!40000 ALTER TABLE `userpermissions_usergroups` ENABLE KEYS */;
UNLOCK TABLES;
commit;

--
-- Dumping data for table `userpermissions_users`
--

LOCK TABLES `userpermissions_users` WRITE;
/*!40000 ALTER TABLE `userpermissions_users` DISABLE KEYS */;
set autocommit=0;
/*!40000 ALTER TABLE `userpermissions_users` ENABLE KEYS */;
UNLOCK TABLES;
commit;

--
-- Dumping data for table `userpreferences`
--

LOCK TABLES `userpreferences` WRITE;
/*!40000 ALTER TABLE `userpreferences` DISABLE KEYS */;
set autocommit=0;
INSERT INTO `userpreferences` VALUES (1,'{\"language\":\"en-US\"}');
/*!40000 ALTER TABLE `userpreferences` ENABLE KEYS */;
UNLOCK TABLES;
commit;

--
-- Dumping data for table `users`
--

LOCK TABLES `users` WRITE;
/*!40000 ALTER TABLE `users` DISABLE KEYS */;
set autocommit=0;
INSERT INTO `users` VALUES (1,NULL,1,0,0,0,1,'admin',NULL,NULL,NULL,'evansrobbie@hotmail.com','$2y$13$cJRVMmd0ne/YgM8XQTrWwOEGfg3x.6mun.gvXP4iiU0sPAiDFwHJi','2023-12-02 22:51:14',NULL,NULL,NULL,NULL,NULL,1,NULL,NULL,NULL,0,'2023-11-30 14:07:22','2023-11-30 14:07:22','2023-12-02 22:51:14');
/*!40000 ALTER TABLE `users` ENABLE KEYS */;
UNLOCK TABLES;
commit;

--
-- Dumping data for table `volumefolders`
--

LOCK TABLES `volumefolders` WRITE;
/*!40000 ALTER TABLE `volumefolders` DISABLE KEYS */;
set autocommit=0;
INSERT INTO `volumefolders` VALUES (1,NULL,1,'Uploads','','2023-11-30 16:40:14','2023-11-30 16:40:14','bf59e0d3-ba57-426b-975a-44ca6190aa13'),(2,NULL,NULL,'Temporary filesystem',NULL,'2023-11-30 16:44:08','2023-11-30 16:44:08','813c6a6a-7a15-422a-9bec-2cc930de01a7'),(3,2,NULL,'user_1','user_1/','2023-11-30 16:44:08','2023-11-30 16:44:08','96b478f4-c533-4de1-b6b9-615f297d330d');
/*!40000 ALTER TABLE `volumefolders` ENABLE KEYS */;
UNLOCK TABLES;
commit;

--
-- Dumping data for table `volumes`
--

LOCK TABLES `volumes` WRITE;
/*!40000 ALTER TABLE `volumes` DISABLE KEYS */;
set autocommit=0;
INSERT INTO `volumes` VALUES (1,2,'Uploads','uploads','hardDisk','hardDisk','','site',NULL,1,'2023-11-30 16:40:14','2023-11-30 16:40:14',NULL,'57f8ecd8-41c8-4f45-847d-034641181daf');
/*!40000 ALTER TABLE `volumes` ENABLE KEYS */;
UNLOCK TABLES;
commit;

--
-- Dumping data for table `widgets`
--

LOCK TABLES `widgets` WRITE;
/*!40000 ALTER TABLE `widgets` DISABLE KEYS */;
set autocommit=0;
INSERT INTO `widgets` VALUES (1,1,'craft\\widgets\\RecentEntries',1,NULL,'{\"siteId\":1,\"section\":\"*\",\"limit\":10}',1,'2023-11-30 14:08:08','2023-11-30 14:08:08','a396059e-1c87-482a-8eff-2dd4b119412b'),(2,1,'craft\\widgets\\CraftSupport',2,NULL,'[]',1,'2023-11-30 14:08:08','2023-11-30 14:08:08','3b1005a2-3a4a-4a18-a8a3-b874c71cee78'),(3,1,'craft\\widgets\\Updates',3,NULL,'[]',1,'2023-11-30 14:08:08','2023-11-30 14:08:08','b08f81eb-cb8b-4257-b6db-0d9f7c81b7ac'),(4,1,'craft\\widgets\\Feed',4,NULL,'{\"url\":\"https:\\/\\/craftcms.com\\/news.rss\",\"title\":\"Craft News\",\"limit\":5}',1,'2023-11-30 14:08:09','2023-11-30 14:08:09','f2662a96-6742-4bc6-93c1-3f0a40488794');
/*!40000 ALTER TABLE `widgets` ENABLE KEYS */;
UNLOCK TABLES;
commit;

--
-- Dumping routines for database 'db'
--
/*!40103 SET TIME_ZONE=@OLD_TIME_ZONE */;

/*!40101 SET SQL_MODE=@OLD_SQL_MODE */;
/*!40014 SET FOREIGN_KEY_CHECKS=@OLD_FOREIGN_KEY_CHECKS */;
/*!40101 SET CHARACTER_SET_CLIENT=@OLD_CHARACTER_SET_CLIENT */;
/*!40101 SET CHARACTER_SET_RESULTS=@OLD_CHARACTER_SET_RESULTS */;
/*!40101 SET COLLATION_CONNECTION=@OLD_COLLATION_CONNECTION */;
/*!40111 SET SQL_NOTES=@OLD_SQL_NOTES */;

-- Dump completed on 2023-12-02 23:36:23
